Symbol,n_interactions,n_approved_drugs,top_drugs,categories,druggable_genome
ADSL,0,0,[],['ENZYME'],False
AP2S1,0,0,[],[],False
ATP1B3,6,4,"['ACETYLDIGITOXIN', 'ISTAROXIME', 'DESLANOSIDE']","['DRUGGABLE GENOME', 'ENZYME', 'TRANSPORTER']",True
BCL2L1,14,1,"['APOGOSSYPOL', 'ABT-737', 'SANGIVAMYCIN']","['CLINICALLY ACTIONABLE', 'DRUGGABLE GENOME']",True
BRAF,220,75,"['DABRAFENIB', 'VEMURAFENIB', 'TRAMETINIB DIMETHYL SULFOXIDE']","['CLINICALLY ACTIONABLE', 'DRUG RESISTANCE', 'DRUGGABLE GENOME', 'ENZYME', 'KINASE', 'SERINE THREONINE KINASE']",True
CBFB,32,6,"['CYTARABINE HYDROCHLORIDE', 'CETIRIZINE HYDROCHLORIDE', 'DIPYRIDYL']","['CLINICALLY ACTIONABLE', 'TRANSCRIPTION FACTOR']",True
CCND1,31,18,"['BRICICLIB', 'BRICICLIB', 'URACIL']","['CLINICALLY ACTIONABLE', 'DRUG RESISTANCE', 'DRUGGABLE GENOME', 'KINASE', 'TRANSCRIPTION FACTOR']",True
CDAN1,0,0,[],[],False
CDK6,37,8,"['LEROCICLIB', 'TRILACICLIB', 'INIXACICLIB']","['CLINICALLY ACTIONABLE', 'DRUG RESISTANCE', 'DRUGGABLE GENOME', 'ENZYME', 'KINASE', 'SERINE THREONINE KINASE', 'TUMOR SUPPRESSOR']",True
CFL1,8,5,"['MG-132', 'PATULIN', 'CINNARIZINE']",['KINASE'],True
CFLAR,8,5,"['BICALUTAMIDE', 'BAY-11-7085', 'FINASTERIDE']","['DRUG RESISTANCE', 'DRUGGABLE GENOME', 'PROTEASE']",True
CHMP4B,0,0,[],['ENZYME'],False
CKS1B,0,0,[],"['CLINICALLY ACTIONABLE', 'KINASE']",True
CTNNB1,36,16,"['CEQ508', 'EOSIN_Y', 'CHEMBL:CHEMBL2172378']","['CLINICALLY ACTIONABLE', 'DRUG RESISTANCE', 'DRUGGABLE GENOME', 'TRANSCRIPTION FACTOR', 'TRANSCRIPTION FACTOR COMPLEX']",True
CTPS1,3,1,"['CYCLOPENTENYL CYTOSINE', 'COMPOUND 27 [PMID: 36449304]', 'CYTARABINE']",['ENZYME'],False
CUL2,0,0,[],['ENZYME'],False
DCAF7,0,0,[],['KINASE'],True
DHFR,34,20,"['PIRITREXIM', 'ICLAPRIM', 'PRALATREXATE']","['DRUGGABLE GENOME', 'ENZYME']",True
DNAJC9,0,0,[],[],False
DNM2,0,0,[],"['CLINICALLY ACTIONABLE', 'ENZYME', 'TRANSPORTER']",True
ELOB,0,0,[],"['ENZYME', 'TRANSCRIPTION FACTOR']",False
EP300,19,1,"['C646', 'GARCINOL', 'CHEMBL:CHEMBL404916']","['CLINICALLY ACTIONABLE', 'DRUGGABLE GENOME', 'ENZYME', 'TRANSCRIPTION FACTOR COMPLEX']",True
FAM50A,0,0,[],[],False
FERMT2,0,0,[],['CELL SURFACE'],False
FOXA1,0,0,[],"['CLINICALLY ACTIONABLE', 'TRANSCRIPTION FACTOR']",True
FPGS,1,1,['FLUOROURACIL'],"['DRUGGABLE GENOME', 'ENZYME']",True
GRB2,4,1,"['RECOMBINANT HEREGULIN', 'ANTINEOPLASTIC AGENT', 'TCDD']",[],False
HNF1B,2,1,"['PLATINUM', 'METFORMIN']","['CLINICALLY ACTIONABLE', 'TRANSCRIPTION FACTOR', 'TRANSCRIPTION FACTOR COMPLEX']",True
INTS6,0,0,[],[],False
IRF4,0,0,[],"['CLINICALLY ACTIONABLE', 'TRANSCRIPTION FACTOR']",True
KRAS,122,61,"['ADAGRASIB', 'ARS-1620', 'SOTORASIB']","['CLINICALLY ACTIONABLE', 'DRUG RESISTANCE', 'ENZYME']",True
MDM2,32,4,"['NUTLIN-3', 'LISSOCLINIDINE B', 'DIPLAMINE B']","['CLINICALLY ACTIONABLE', 'DRUGGABLE GENOME', 'ENZYME', 'TUMOR SUPPRESSOR']",True
MED1,0,0,[],['TRANSCRIPTION FACTOR'],False
MYB,6,3,"['G4460', 'RETINOIC ACID AGENT', 'TETRADECANOYLPHORBOL ACETATE']",['CLINICALLY ACTIONABLE'],True
MYC,73,28,"['ADOZELESIN', 'ORNITHINE DECARBOXYLASE INHIBITOR', 'MITOGUAZONE']","['CLINICALLY ACTIONABLE', 'TRANSCRIPTION FACTOR']",True
NAMPT,5,1,"['DAPORINAD', 'TEGLARINAD CHLORIDE', 'CHS-828']",['DRUGGABLE GENOME'],True
NCAPD3,0,0,[],[],False
NHLRC2,0,0,[],[],False
NMNAT1,0,0,[],['ENZYME'],False
PAICS,0,0,[],['ENZYME'],False
PAX8,66,16,"['CHEMBL:CHEMBL590643', 'CHEMBL:CHEMBL589238', 'IRINOTECAN HYDROCHLORIDE HYDRATE']","['CLINICALLY ACTIONABLE', 'TRANSCRIPTION FACTOR']",True
PTK2,37,3,"['CHEMBL:CHEMBL2333445', 'VS-4718', 'GSK-2256098']","['DRUGGABLE GENOME', 'ENZYME', 'G PROTEIN COUPLED RECEPTOR', 'KINASE', 'TYROSINE KINASE']",True
SCAP,2,2,"['ROSUVASTATIN', 'SIMVASTATIN']",['TRANSCRIPTION FACTOR'],False
SCD,7,2,"['TIOCARLIDE', 'MK-8245', 'ARAMCHOL']","['DRUGGABLE GENOME', 'ENZYME']",True
SDHB,4,2,"['GENTAMICIN', 'ANTIBIOTIC', 'THERAPEUTIC CORTICOSTEROID']","['CLINICALLY ACTIONABLE', 'ENZYME']",True
SEPHS2,0,0,[],"['ENZYME', 'KINASE']",True
SKP2,1,0,['COMPOUND 14I [PMID: 37204466]'],"['ENZYME', 'KINASE']",True
SNAP23,0,0,[],['DRUGGABLE GENOME'],True
SOX10,1,1,['VEMURAFENIB'],"['CLINICALLY ACTIONABLE', 'DRUG RESISTANCE', 'TRANSCRIPTION FACTOR']",True
SUMO2,2,1,"['BITHIONOLOXIDE', 'HEXACHLOROPHENE']",['ENZYME'],False
TFRC,6,0,"['LEPUNAFUSP ALFA', 'PABINAFUSP ALFA', 'DELPACIBART']","['CELL SURFACE', 'CLINICALLY ACTIONABLE', 'DRUGGABLE GENOME', 'ENZYME', 'EXTERNAL SIDE OF PLASMA MEMBRANE', 'PROTEASE', 'TRANSPORTER']",True
TRPM7,3,0,"['NALTRIBEN', 'NAFAMOSTAT', 'H+']","['DRUGGABLE GENOME', 'ENZYME', 'ION CHANNEL', 'KINASE', 'SERINE THREONINE KINASE', 'TRANSPORTER']",True
TUBB4B,103,26,"['COMBRETASTATIN A4', 'NOCODAZOLE', 'MEBENDAZOLE']",['DRUGGABLE GENOME'],True
TYMS,50,34,"['RALTITREXED', '5-FLUOROURACIL/SALICYLIC ACID TOPICAL SOLUTION', 'AMINOCAMPTOTHECIN']","['CLINICALLY ACTIONABLE', 'DRUG RESISTANCE', 'DRUGGABLE GENOME', 'ENZYME']",True
UMPS,4,3,"['CHEMBL:CHEMBL1164954', 'TEGAFUR', 'AZARIBINE']","['CLINICALLY ACTIONABLE', 'DRUGGABLE GENOME', 'ENZYME']",True
UROD,0,0,[],['ENZYME'],False
WDR36,0,0,[],[],False
ZER1,0,0,[],[],False
