Symbol,Lineage,pubmed_records_with_aliases,titles_of_returned_records
TUBB4B,ampulla of vater,0,
NHLRC2,thyroid,0,
DCAF7,myeloid,0,
UMPS,lymphoid,0,
SEPHS2,kidney,0,
ADSL,myeloid,0,
CDAN1,lymphoid,0,
ADSL,lymphoid,1,"Metabolic pathways for the activation of the antiretroviral agent 2',3'-dideoxyadenosine in human lymphoid cells."
SNAP23,pleura,0,
WDR36,myeloid,0,
FERMT2,soft tissue,1,A suppressive role of mitogen inducible gene-2 in mesenchymal cancer cell invasion.
FAM50A,lymphoid,0,
FAM50A,bladder/urinary tract,0,
FERMT2,pleura,0,
INTS6,skin,0,
AP2S1,myeloid,0,
CTPS1,myeloid,0,
CDAN1,myeloid,0,
ELOB,cervix,0,
FERMT2,ovary/fallopian tube,1,Effects of Smad3 on the proliferation and steroidogenesis in human ovarian luteinized granulosa cells.
