Lineage,batch,share_in_lineage,share_in_other_lines,difference
ampulla of vater,Avana-2,0.0,0.06823925863521482,-0.06823925863521482
ampulla of vater,Avana-3,0.6,0.4860994102780118,0.11390058972198819
ampulla of vater,Avana-4,0.4,0.2038753159224937,0.19612468407750633
ampulla of vater,BR-13,0.0,0.0008424599831508003,-0.0008424599831508003
ampulla of vater,KY-1,0.0,0.15417017691659646,-0.15417017691659646
ampulla of vater,KY-2,0.0,0.04212299915754002,-0.04212299915754002
ampulla of vater,unknown,0.0,0.04465037910699242,-0.04465037910699242
bladder/urinary tract,Avana-2,0.058823529411764705,0.06822107081174439,-0.009397541399979684
bladder/urinary tract,Avana-3,0.9117647058823529,0.4740932642487047,0.43767144163364824
bladder/urinary tract,Avana-4,0.029411764705882353,0.20984455958549222,-0.18043279487960986
bladder/urinary tract,BR-13,0.0,0.0008635578583765112,-0.0008635578583765112
bladder/urinary tract,KY-1,0.0,0.15803108808290156,-0.15803108808290156
bladder/urinary tract,KY-2,0.0,0.04317789291882556,-0.04317789291882556
bladder/urinary tract,unknown,0.0,0.045768566493955096,-0.045768566493955096
bowel,Avana-2,0.20634920634920634,0.06023029229406555,0.1461189140551408
bowel,Avana-3,0.2857142857142857,0.4977856510186005,-0.2120713653043148
bowel,Avana-4,0.1746031746031746,0.20637732506643047,-0.03177415046325588
bowel,BR-13,0.015873015873015872,0.0,0.015873015873015872
bowel,KY-1,0.015873015873015872,0.1612046058458813,-0.14533158997286544
bowel,KY-2,0.2857142857142857,0.0283436669619132,0.2573706187523725
bowel,unknown,0.015873015873015872,0.046058458813108945,-0.030185442940093073
breast,Avana-2,0.2641509433962264,0.058823529411764705,0.2053274139844617
breast,Avana-3,0.2830188679245283,0.49604916593503073,-0.21303029801050244
breast,Avana-4,0.20754716981132076,0.20456540825285338,0.002981761558467383
breast,BR-13,0.0,0.000877963125548727,-0.000877963125548727
breast,KY-1,0.0,0.16066725197541704,-0.16066725197541704
breast,KY-2,0.24528301886792453,0.0324846356453029,0.21279838322262162
breast,unknown,0.0,0.046532045654082525,-0.046532045654082525
cervix,Avana-2,0.0,0.06899488926746167,-0.06899488926746167
cervix,Avana-3,0.7222222222222222,0.4829642248722317,0.23925799734999054
cervix,Avana-4,0.2777777777777778,0.20357751277683134,0.07420026500094645
cervix,BR-13,0.0,0.0008517887563884157,-0.0008517887563884157
cervix,KY-1,0.0,0.15587734241908008,-0.15587734241908008
cervix,KY-2,0.0,0.04258943781942078,-0.04258943781942078
cervix,unknown,0.0,0.04514480408858603,-0.04514480408858603
cns/brain,Avana-2,0.054945054945054944,0.06902815622161672,-0.014083101276561774
cns/brain,Avana-3,0.6373626373626373,0.47411444141689374,0.16324819594574358
cns/brain,Avana-4,0.12087912087912088,0.21162579473206175,-0.09074667385294087
cns/brain,BR-13,0.0,0.0009082652134423251,-0.0009082652134423251
cns/brain,KY-1,0.16483516483516483,0.15258855585831063,0.0122466089768542
cns/brain,KY-2,0.0,0.045413260672116255,-0.045413260672116255
cns/brain,unknown,0.02197802197802198,0.04632152588555858,-0.0243435039075366
esophagus/stomach,Avana-2,0.0,0.07212822796081923,-0.07212822796081923
esophagus/stomach,Avana-3,0.34782608695652173,0.4951024042742654,-0.14727631731774365
esophagus/stomach,Avana-4,0.11594202898550725,0.21015138023152272,-0.09420935124601547
esophagus/stomach,BR-13,0.0,0.0008904719501335708,-0.0008904719501335708
esophagus/stomach,KY-1,0.5362318840579711,0.13000890471950133,0.40622297933846974
esophagus/stomach,KY-2,0.0,0.04452359750667854,-0.04452359750667854
esophagus/stomach,unknown,0.0,0.04719501335707925,-0.04719501335707925
eye,Avana-2,0.0,0.06852791878172589,-0.06852791878172589
eye,Avana-3,0.3,0.48815566835871405,-0.18815566835871406
eye,Avana-4,0.7,0.20050761421319796,0.499492385786802
eye,BR-13,0.0,0.0008460236886632825,-0.0008460236886632825
eye,KY-1,0.0,0.1548223350253807,-0.1548223350253807
eye,KY-2,0.0,0.04230118443316413,-0.04230118443316413
eye,unknown,0.0,0.04483925549915398,-0.04483925549915398
head and neck,Avana-2,0.012987012987012988,0.07174887892376682,-0.058761865936753824
head and neck,Avana-3,0.2727272727272727,0.5013452914798207,-0.22861801875254795
head and neck,Avana-4,0.24675324675324675,0.20179372197309417,0.04495952478015258
head and neck,BR-13,0.0,0.0008968609865470852,-0.0008968609865470852
head and neck,KY-1,0.42857142857142855,0.13452914798206278,0.29404228058936577
head and neck,KY-2,0.012987012987012988,0.04394618834080718,-0.03095917535379419
head and neck,unknown,0.025974025974025976,0.045739910313901344,-0.01976588433987537
kidney,Avana-2,0.17647058823529413,0.06476683937823834,0.11170374885705579
kidney,Avana-3,0.4411764705882353,0.48791018998272884,-0.046733719394493556
kidney,Avana-4,0.29411764705882354,0.20207253886010362,0.09204510819871992
kidney,BR-13,0.0,0.0008635578583765112,-0.0008635578583765112
kidney,KY-1,0.08823529411764706,0.15544041450777202,-0.06720512039012495
kidney,KY-2,0.0,0.04317789291882556,-0.04317789291882556
kidney,unknown,0.0,0.045768566493955096,-0.045768566493955096
liver,Avana-2,0.08,0.0676949443016281,0.012305055698371897
liver,Avana-3,0.84,0.47900599828620394,0.36099400171379603
liver,Avana-4,0.04,0.20822622107969152,-0.1682262210796915
liver,BR-13,0.0,0.000856898029134533,-0.000856898029134533
liver,KY-1,0.0,0.15681233933161953,-0.15681233933161953
liver,KY-2,0.0,0.04284490145672665,-0.04284490145672665
liver,unknown,0.04,0.044558697514995714,-0.004558697514995713
lymphoid,Avana-2,0.031914893617021274,0.07103825136612021,-0.03912335774909894
lymphoid,Avana-3,0.5,0.4854280510018215,0.014571948998178486
lymphoid,Avana-4,0.3191489361702128,0.19489981785063754,0.12424911831957525
lymphoid,BR-13,0.0,0.0009107468123861566,-0.0009107468123861566
lymphoid,KY-1,0.10638297872340426,0.1575591985428051,-0.051176219819400834
lymphoid,KY-2,0.0,0.04553734061930783,-0.04553734061930783
lymphoid,unknown,0.0425531914893617,0.044626593806921674,-0.0020734023175599733
myeloid,Avana-2,0.046511627906976744,0.06875543951261967,-0.022243811605642927
myeloid,Avana-3,0.5581395348837209,0.48389904264577893,0.07424049223794199
myeloid,Avana-4,0.23255813953488372,0.20365535248041775,0.028902787054465973
myeloid,BR-13,0.0,0.0008703220191470844,-0.0008703220191470844
myeloid,KY-1,0.046511627906976744,0.15752828546562228,-0.11101665755864554
myeloid,KY-2,0.0,0.04351610095735422,-0.04351610095735422
myeloid,unknown,0.11627906976744186,0.04177545691906005,0.0745036128483818
ovary/fallopian tube,Avana-2,0.3050847457627119,0.05560458958517211,0.24948015617753977
ovary/fallopian tube,Avana-3,0.288135593220339,0.4969108561341571,-0.2087752629138181
ovary/fallopian tube,Avana-4,0.1016949152542373,0.21006178287731686,-0.10836686762307957
ovary/fallopian tube,BR-13,0.0,0.00088261253309797,-0.00088261253309797
ovary/fallopian tube,KY-1,0.3050847457627119,0.14563106796116504,0.15945367780154684
ovary/fallopian tube,KY-2,0.0,0.0441306266548985,-0.0441306266548985
ovary/fallopian tube,unknown,0.0,0.04677846425419241,-0.04677846425419241
pancreas,Avana-2,0.020833333333333332,0.06993006993006994,-0.049096736596736607
pancreas,Avana-3,0.625,0.4807692307692308,0.14423076923076922
pancreas,Avana-4,0.08333333333333333,0.2097902097902098,-0.12645687645687648
pancreas,BR-13,0.0,0.0008741258741258741,-0.0008741258741258741
pancreas,KY-1,0.0,0.15996503496503497,-0.15996503496503497
pancreas,KY-2,0.2708333333333333,0.032342657342657344,0.23849067599067597
pancreas,unknown,0.0,0.04632867132867133,-0.04632867132867133
peripheral nervous system,Avana-2,0.02127659574468085,0.06986899563318777,-0.048592399888506915
peripheral nervous system,Avana-3,0.40425531914893614,0.48995633187772925,-0.0857010127287931
peripheral nervous system,Avana-4,0.23404255319148937,0.2034934497816594,0.03054910340982997
peripheral nervous system,BR-13,0.0,0.0008733624454148472,-0.0008733624454148472
peripheral nervous system,KY-1,0.2765957446808511,0.14847161572052403,0.12812412896032704
peripheral nervous system,KY-2,0.0,0.043668122270742356,-0.043668122270742356
peripheral nervous system,unknown,0.06382978723404255,0.043668122270742356,0.020161664963300192
pleura,Avana-2,0.0,0.06917164816396243,-0.06917164816396243
pleura,Avana-3,0.42857142857142855,0.48761742100768574,-0.05904599243625719
pleura,Avana-4,0.5238095238095238,0.19897523484201537,0.32483428896750843
pleura,BR-13,0.0,0.0008539709649871904,-0.0008539709649871904
pleura,KY-1,0.047619047619047616,0.15542271562766866,-0.10780366800862104
pleura,KY-2,0.0,0.04269854824935952,-0.04269854824935952
pleura,unknown,0.0,0.04526046114432109,-0.04526046114432109
prostate,Avana-2,0.0,0.06823925863521482,-0.06823925863521482
prostate,Avana-3,0.4,0.4869418702611626,-0.08694187026116257
prostate,Avana-4,0.0,0.2055602358887953,-0.2055602358887953
prostate,BR-13,0.0,0.0008424599831508003,-0.0008424599831508003
prostate,KY-1,0.6,0.15164279696714406,0.4483572030328559
prostate,KY-2,0.0,0.04212299915754002,-0.04212299915754002
prostate,unknown,0.0,0.04465037910699242,-0.04465037910699242
skin,Avana-2,0.05333333333333334,0.06893464637421665,-0.01560131304088331
skin,Avana-3,0.56,0.4816472694717995,0.07835273052820058
skin,Avana-4,0.21333333333333335,0.20411817367949867,0.009215159653834681
skin,BR-13,0.0,0.0008952551477170994,-0.0008952551477170994
skin,KY-1,0.013333333333333334,0.1629364368845121,-0.14960310355117876
skin,KY-2,0.04,0.04207699194270367,-0.0020769919427036723
skin,unknown,0.12,0.03939122649955237,0.08060877350044762
soft tissue,Avana-2,0.0,0.07086614173228346,-0.07086614173228346
soft tissue,Avana-3,0.4897959183673469,0.4864391951006124,0.0033567232667345293
soft tissue,Avana-4,0.3673469387755102,0.19772528433945757,0.16962165443605265
soft tissue,BR-13,0.0,0.0008748906386701663,-0.0008748906386701663
soft tissue,KY-1,0.02040816326530612,0.15923009623797024,-0.13882193297266412
soft tissue,KY-2,0.0,0.04374453193350831,-0.04374453193350831
soft tissue,unknown,0.12244897959183673,0.04111986001749781,0.08132911957433892
thyroid,Avana-2,0.0,0.06858594411515664,-0.06858594411515664
thyroid,Avana-3,0.45454545454545453,0.48687552921253174,-0.03233007466707721
thyroid,Avana-4,0.5454545454545454,0.20152413209144793,0.3439304133630975
thyroid,BR-13,0.0,0.000846740050804403,-0.000846740050804403
thyroid,KY-1,0.0,0.15495342929720576,-0.15495342929720576
thyroid,KY-2,0.0,0.04233700254022015,-0.04233700254022015
thyroid,unknown,0.0,0.04487722269263336,-0.04487722269263336
