Gene,Lineage,n,coef_unadj,ci_unadj_low,ci_unadj_high,coef_adj,ci_adj_low,ci_adj_high
KRAS (3845),pancreas,1192,-1.4781374062452795,-1.7559662980636208,-1.200308514426938,-1.3445347957409455,-1.6277451260431053,-1.0613244654387857
SOX10 (6663),skin,1192,-1.2310768015128262,-1.4208146924390803,-1.041338910586572,-1.2345158459597956,-1.42518196388301,-1.043849728036581
HNF1B (6928),kidney,1192,-1.0493217243459254,-1.371721011867384,-0.7269224368244668,-1.0598231423857079,-1.3836611709400812,-0.7359851138313345
FOXA1 (3169),prostate,1192,-1.1543476592645723,-2.0320642648233456,-0.27663105370579877,-1.1907437326860468,-2.0696363674432074,-0.31185109792888643
MDM2 (4193),eye,1192,-0.9095798280934375,-1.2007212014739599,-0.6184384547129153,-0.8784204529402526,-1.177725765311846,-0.5791151405686593
CTNNB1 (1499),bowel,1192,-0.9930016847242861,-1.1869093690225956,-0.7990940004259767,-0.941616822187525,-1.132590702289457,-0.7506429420855929
CFLAR (8837),kidney,1192,-0.8837926712712556,-1.1655827345090364,-0.6020026080334748,-0.8808168638961933,-1.1649706340396084,-0.5966630937527782
MYB (4602),myeloid,1192,-1.1402423050532715,-1.3231547573388043,-0.9573298527677387,-1.1389656484700625,-1.3264992350005405,-0.9514320619395846
CBFB (865),myeloid,1192,-1.0416090969271778,-1.2304993204439123,-0.8527188734104434,-1.0341458937180303,-1.2283427741839748,-0.8399490132520859
TUBB4B (10383),ampulla of vater,1192,-0.8907460465076235,-1.615228713204405,-0.16626337981084194,-0.8945443625997387,-1.618911648729658,-0.1701770764698194
PAX8 (7849),kidney,1192,-0.8452508160954375,-1.074424584602207,-0.6160770475886681,-0.8337489796046527,-1.064625721621205,-0.6028722375881003
BRAF (673),skin,1192,-0.8514756042443251,-1.0185801112349022,-0.684371097253748,-0.8488757139969809,-1.017238865641615,-0.6805125623523469
ZER1 (10444),cervix,1192,-0.9270425453341707,-1.1808731046301593,-0.6732119860381822,-0.9387444397305711,-1.187727007182051,-0.6897618722790912
NMNAT1 (64802),lymphoid,1192,-0.8861612837566389,-1.000833534721246,-0.7714890327920318,-0.8895220555912472,-1.0054252256460177,-0.7736188855364767
IRF4 (3662),lymphoid,1192,-0.9836188888333601,-1.1770130995205597,-0.7902246781461605,-0.976768416811077,-1.1718297604411936,-0.7817070731809603
CCND1 (595),peripheral nervous system,1192,-0.6649479039225488,-0.8868714049683974,-0.4430244028767001,-0.6491993940441593,-0.8666434357533124,-0.43175535233500617
FERMT2 (10979),kidney,1192,-0.6619440867604846,-0.8851130017407014,-0.4387751717802677,-0.6373576333569761,-0.865947211020424,-0.4087680556935282
SKP2 (6502),cervix,1192,-0.8183933681736816,-1.2009773199038491,-0.4358094164435141,-0.8298458228207628,-1.2094081675546757,-0.45028347808684993
MDM2 (4193),kidney,1192,-0.6541577827447758,-0.8961245760317187,-0.4121909894578329,-0.6510108869134477,-0.8938153365419326,-0.4082064372849628
MDM2 (4193),pleura,1192,-0.5294559505392813,-0.8160825825490031,-0.24282931852955947,-0.5105055932529836,-0.8072157036622944,-0.21379548284367272
NHLRC2 (374354),thyroid,1192,-0.6022288197840705,-0.971575441999791,-0.23288219756835005,-0.5729257319429535,-0.947577942130717,-0.19827352175518997
MDM2 (4193),skin,1192,-0.5507477256557168,-0.7264470537991337,-0.3750483975123,-0.5311811594547893,-0.7088118188743333,-0.35355050003524524
ATP1B3 (483),lymphoid,1192,-0.7688627340733599,-0.8630740151326491,-0.6746514530140707,-0.7741570330305678,-0.8696286318245287,-0.678685434236607
UMPS (7372),myeloid,1192,-0.6115174518582281,-0.8052303722461421,-0.41780453147031416,-0.605646324431394,-0.8053284642749545,-0.40596418458783345
DCAF7 (10238),myeloid,74,-0.7496670788059476,-1.1857292273007725,-0.3136049303111228,-0.7221968620622309,-1.1484823113976925,-0.2959114127267692
NAMPT (10135),lymphoid,1192,-0.6187793307374085,-0.7012029830707309,-0.5363556784040862,-0.6443571201700633,-0.7250057307381894,-0.5637085096019372
SNAP23 (8773),bowel,1192,-0.6270907297664987,-0.8197315657908606,-0.43444989374213683,-0.5721782097677415,-0.7630894297444941,-0.3812669897909889
UMPS (7372),lymphoid,1192,-0.7093730620544537,-0.8217351663604002,-0.5970109577485072,-0.7222549924843655,-0.8360477561357402,-0.6084622288329908
SEPHS2 (22928),kidney,1192,-0.46575617060924046,-0.7078871514119179,-0.22362518980656296,-0.4377136031419272,-0.6785952789649328,-0.1968319273189216
SEPHS2 (22928),lymphoid,1192,-0.6362437648669778,-0.7453226619501216,-0.5271648677838339,-0.6107260200963034,-0.7213722091304424,-0.5000798310621644
FERMT2 (10979),skin,1192,-0.6108555875005488,-0.7610865133775894,-0.46062466162350824,-0.5899397690724579,-0.7447769612171868,-0.435102576927729
TFRC (7037),lymphoid,1192,-0.6423438337335154,-0.7187703651369369,-0.565917302330094,-0.6726982966480977,-0.7518806286130906,-0.5935159646831047
NAMPT (10135),myeloid,1192,-0.6046762216957351,-0.7384795345817222,-0.47087290880974797,-0.6232735153795875,-0.7551003765324307,-0.4914466542267444
SDHB (6390),lymphoid,1192,-0.6479785540568901,-0.7403625854238668,-0.5555945226899134,-0.6536214254335466,-0.745123699391694,-0.5621191514753993
ADSL (158),myeloid,1192,-0.6254714382986208,-0.7720938592460818,-0.4788490173511599,-0.6600644721338981,-0.8078695870789354,-0.5122593571888607
CCND1 (595),skin,1192,-0.5364305385411128,-0.7430206427001979,-0.3298404343820277,-0.5899590551795697,-0.7965225291225717,-0.38339558123656764
SUMO2 (6613),lymphoid,315,-0.6179266269384116,-1.048397705462274,-0.18745554841454926,-0.6420931119044738,-1.0752360936726573,-0.20895013013629032
CDAN1 (146059),lymphoid,1192,-0.5511370619494338,-0.657258123378391,-0.44501600052047663,-0.5363679792247174,-0.6444997408267221,-0.42823621762271263
EP300 (2033),lymphoid,1192,-0.7190455993915703,-0.8254466897087508,-0.6126445090743898,-0.7250953632055874,-0.8303857518630677,-0.6198049745481071
BCL2L1 (598),bowel,1192,-0.6024504461281528,-0.8003237450639012,-0.40457714719240434,-0.5433374733490588,-0.7523750125068326,-0.334299934191285
KRAS (3845),bowel,1192,-0.7470886960552245,-0.9716728941486615,-0.5225044979617876,-0.5571581391727919,-0.8029176878713777,-0.311398590474206
SOX10 (6663),eye,1192,-0.7846091930163007,-1.351594355475852,-0.2176240305567494,-0.7601548227836319,-1.3179739607289225,-0.2023356848383413
ADSL (158),lymphoid,1192,-0.6727786236395202,-0.7757571926999383,-0.5698000545791022,-0.7041476243809492,-0.8070774954870774,-0.6012177532748211
SNAP23 (8773),pleura,1192,-0.5470709216756038,-0.8136291201676092,-0.2805127231835983,-0.5842504276589375,-0.8447336513103096,-0.32376720400756537
SCAP (22937),bowel,1192,-0.553259382498881,-0.7488032297947347,-0.3577155352030272,-0.5130467576571159,-0.7147341064126154,-0.31135940890161656
WDR36 (134430),myeloid,381,-0.6548035574692657,-0.827691070265434,-0.48191604467309734,-0.5551553884195872,-0.7639841209223641,-0.34632665591681033
FAM50A (9130),bowel,1192,-0.3107847272389463,-0.47465342295867463,-0.14691603151921798,-0.3445761610523896,-0.5158332896812384,-0.17331903242354074
FPGS (2356),lymphoid,1192,-0.5459812358186659,-0.6326513656319069,-0.4593111060054248,-0.5567778190952779,-0.6430333143043623,-0.4705223238861936
PAICS (10606),lymphoid,1192,-0.5736861868164567,-0.647830409775583,-0.4995419638573303,-0.589770477619024,-0.6636779507055649,-0.5158630045324831
TYMS (7298),myeloid,1192,-0.38650474213943226,-0.6131930914565608,-0.15981639282230378,-0.4099241406924836,-0.6355900091709376,-0.18425827221402966
FERMT2 (10979),soft tissue,1192,-0.44062441427760474,-0.6015473236365535,-0.279701504918656,-0.42113969795419276,-0.588101957457649,-0.2541774384507365
FAM50A (9130),lymphoid,1192,-0.34239055906550897,-0.460333826355367,-0.22444729177565093,-0.3486714011717026,-0.467877954401344,-0.22946484794206118
GRB2 (2885),liver,1192,-0.4439164184767196,-0.6472257385405356,-0.24060709841290365,-0.4695269531463796,-0.6702941715651121,-0.26875973472764714
DNAJC9 (23234),lymphoid,1192,-0.4676653551810803,-0.6250539984002013,-0.31027671196195933,-0.481400181415339,-0.6406918226355897,-0.3221085401950884
TRPM7 (54822),myeloid,1192,-0.49162968540949303,-0.6171425026385723,-0.3661168681804138,-0.5051403475661552,-0.6260503726490689,-0.38423032248324157
CHMP4B (128866),peripheral nervous system,1192,-0.6948270431411443,-0.848801229658217,-0.5408528566240716,-0.6675450877931154,-0.8234524965012894,-0.5116376790849414
CTPS1 (1503),lymphoid,1192,-0.5233702911926799,-0.6304499400174192,-0.4162906423679405,-0.5344797182173511,-0.6424072042648472,-0.42655223216985494
CFL1 (1072),lymphoid,1192,-0.5956291391022024,-0.6796986969440865,-0.5115595812603183,-0.6109425433193275,-0.6945993186296577,-0.5272857680089973
FERMT2 (10979),cns/brain,1192,-0.41868187581689714,-0.5455564156507784,-0.2918073359830159,-0.4158123820191376,-0.5461234108566324,-0.2855013531816428
TFRC (7037),myeloid,1192,-0.6155758088768051,-0.7757759645518376,-0.45537565320177253,-0.6320645728864231,-0.7834000140310453,-0.480729131741801
FAM50A (9130),bladder/urinary tract,1192,-0.26998621847183346,-0.4502268142334389,-0.08974562271022801,-0.22139421698810344,-0.4090323313626326,-0.03375610261357423
SEPHS2 (22928),myeloid,1192,-0.4455194563248681,-0.6291437655121005,-0.26189514713763573,-0.4297725838283521,-0.6161244550169349,-0.24342071263976933
FERMT2 (10979),pleura,1192,-0.4119663051768184,-0.6733995875235128,-0.15053302283012404,-0.41056424491281385,-0.676151582464837,-0.14497690736079066
INTS6 (26512),skin,1192,-0.38248422092660256,-0.541120115807394,-0.2238483260458111,-0.3868679383306659,-0.541548663406271,-0.23218721325506086
CCND1 (595),esophagus/stomach,1192,-0.41319274935975847,-0.6530675580452862,-0.1733179406742308,-0.35724382673630256,-0.605477092223271,-0.10901056124933414
UROD (7389),lymphoid,1192,-0.4471815597441515,-0.5356880856328929,-0.35867503385541016,-0.4929332764126463,-0.578652236618079,-0.40721431620721366
GRB2 (2885),head and neck,1192,-0.5173959825789487,-0.623172598344908,-0.4116193668129894,-0.47576607040828184,-0.5858559491084937,-0.36567619170807
SDHB (6390),myeloid,1192,-0.5208209035763782,-0.6344714019746927,-0.4071704051780638,-0.5291921170139271,-0.6460729383443916,-0.4123112956834626
AP2S1 (1175),myeloid,1192,-0.605529510173086,-0.7722991334437551,-0.43875988690241685,-0.616740110398858,-0.781476725252654,-0.45200349554506203
GRB2 (2885),kidney,1192,-0.5273289115300486,-0.6974071419657253,-0.35725068109437186,-0.523202151193654,-0.6978076454703366,-0.3485966569169714
CHMP4B (128866),soft tissue,1192,-0.48383276054410596,-0.638341272797173,-0.3293242482910389,-0.4623199057220415,-0.61379055953529,-0.310849251908793
CCND1 (595),pancreas,1192,-0.43290982619738705,-0.6418458451524917,-0.22397380724228247,-0.46078728034620564,-0.6768295769263567,-0.24474498376605458
CTPS1 (1503),myeloid,1192,-0.49564465068624214,-0.6571611072208571,-0.3341281941516272,-0.5089146944062887,-0.6719690134260683,-0.34586037538650904
SNAP23 (8773),esophagus/stomach,1192,-0.47504136170490774,-0.6692543517374068,-0.28082837167240865,-0.4688801612339122,-0.6653438516323156,-0.2724164708355088
CDAN1 (146059),myeloid,1192,-0.4942241269185835,-0.6998928480579414,-0.2885554057792255,-0.47815842140097153,-0.6880791013953098,-0.2682377414066333
FAM50A (9130),myeloid,1192,-0.3177414323590832,-0.4847935712720811,-0.1506892934460853,-0.3136106484174933,-0.47691754391860747,-0.15030375291637915
MED1 (5469),myeloid,1192,-0.48789812117402187,-0.6117686537632536,-0.3640275885847901,-0.4959326154657851,-0.6186979261397593,-0.3731673047918109
DHFR (1719),lymphoid,1076,-0.498133569136231,-0.5910346075685526,-0.4052325307039094,-0.5182793333382656,-0.6105256117665963,-0.4260330549099349
CKS1B (1163),cervix,1076,-0.5987171998226505,-0.8372329172812077,-0.3602014823640932,-0.5845790619402971,-0.8258925338720546,-0.3432655900085395
PAICS (10606),myeloid,1192,-0.3902521143802428,-0.5081866392490619,-0.27231758951142365,-0.397429840411672,-0.5141781370539178,-0.2806815437694262
ELOB (6923),cervix,1192,-0.4497421161306733,-0.6508810213021725,-0.2486032109591741,-0.4728587122030709,-0.6785821188994107,-0.26713530550673115
FERMT2 (10979),ovary/fallopian tube,1192,-0.3705424700781805,-0.5269029217591923,-0.2141820183971687,-0.37779988564922623,-0.5366994316620104,-0.2189003396364421
SCAP (22937),pancreas,1192,-0.4247174266559853,-0.6698915356827648,-0.17954331762920567,-0.3279772600132419,-0.578270878061459,-0.07768364196502475
DNM2 (1785),myeloid,1192,-0.6405264864441209,-0.7842038296668123,-0.4968491432214295,-0.6706111981234963,-0.8132120165729777,-0.528010379674015
PTK2 (5747),liver,1192,-0.4008753208806011,-0.5961484737505368,-0.20560216801066541,-0.3624346866394883,-0.5593968671495398,-0.16547250612943673
CFLAR (8837),pancreas,1192,-0.43629881907332246,-0.6086863187797436,-0.2639113193669014,-0.4316001679406877,-0.613779406960176,-0.2494209289211994
CUL2 (8453),cervix,1192,-0.3483504110568151,-0.5464547784332414,-0.15024604368038869,-0.3352286337654401,-0.5339122917673393,-0.13654497576354088
CDK6 (1021),lymphoid,1192,-0.48852476383352716,-0.6324105693755022,-0.3446389582915521,-0.4967594972456473,-0.6400268101229727,-0.35349218436832186
DNM2 (1785),lymphoid,1192,-0.5505180272235852,-0.6391667431129288,-0.4618693113342417,-0.5744755509018702,-0.6629806876448218,-0.4859704141589186
UROD (7389),myeloid,1192,-0.3782787329829391,-0.517625402345532,-0.23893206362034625,-0.4128991613722865,-0.549591504608923,-0.27620681813564996
SCD (6319),bowel,1192,-0.4945031303398558,-0.6666562857158747,-0.322349974963837,-0.48262796724932927,-0.6650788339076744,-0.3001771005909841
MYC (4609),pancreas,1192,-0.49512161598203874,-0.6460972796879041,-0.34414595227617345,-0.4599200922247169,-0.6228947273612294,-0.2969454570882044
NCAPD3 (23310),eye,1192,-0.48692800470696584,-0.705041202936033,-0.2688148064778987,-0.4794828733683584,-0.698377819183599,-0.26058792755311777
ADSL (158),breast,1192,-0.3359255787098052,-0.49304811546420185,-0.17880304195540858,-0.2626220580126492,-0.43220494795836784,-0.0930391680669306
