Gene,Lineage,coef_unadj,coef_adj,p_adj,batch_library_R2,q_adj,ratio,retained
KRAS (3845),pancreas,-1.4781374062452795,-1.3445347957409455,5.782942857653094e-20,0.0822959043018211,2.2649859525807953e-19,0.9096142145244079,True
SOX10 (6663),skin,-1.2310768015128262,-1.2345158459597956,9.383377496549506e-35,0.015911087754192477,8.018522587960486e-34,1.0027935255077045,True
HNF1B (6928),kidney,-1.0493217243459254,-1.0598231423857079,1.9564343724311143e-10,0.007128114202951119,4.5976207752131187e-10,1.010007815330735,True
FOXA1 (3169),prostate,-1.1543476592645723,-1.1907437326860468,0.007963625856874951,0.036562601683823415,0.008226162973035665,1.031529559686258,True
MDM2 (4193),eye,-0.9095798280934375,-0.8784204529402526,1.0829456574513403e-08,0.015969202666399562,1.9576325346235765e-08,0.965743111059864,True
CTNNB1 (1499),bowel,-0.9930016847242861,-0.941616822187525,2.3475904346714293e-21,0.08688081802682279,9.594500037352798e-21,0.9482529956119576,True
CFLAR (8837),kidney,-0.8837926712712556,-0.8808168638961933,1.6023502461384602e-09,0.004868917483390689,3.502812165977099e-09,0.9966329123653154,True
MYB (4602),myeloid,-1.1402423050532715,-1.1389656484700625,5.349777679962463e-31,0.007344290328319625,3.591993585117654e-30,0.998880363780969,True
CBFB (865),myeloid,-1.0416090969271778,-1.0341458937180303,1.6754934498267095e-24,0.013791936202704691,8.749799126872817e-24,0.9928349289275943,True
TUBB4B (10383),ampulla of vater,-0.8907460465076235,-0.8945443625997387,0.015546425952090222,0.0026672397095125477,0.015713591822542804,1.0042641964081764,True
PAX8 (7849),kidney,-0.8452508160954375,-0.8337489796046527,2.379325521880452e-12,0.012764547216925326,6.044772947480067e-12,0.9863923982423152,True
BRAF (673),skin,-0.8514756042443251,-0.8488757139969809,3.1860579756632566e-22,0.01429350759798853,1.576260261643927e-21,0.9969466062980729,True
ZER1 (10444),cervix,-0.9270425453341707,-0.9387444397305711,2.6255605692973843e-13,0.027269307503757,7.051505528970119e-13,1.0126228234672683,True
NMNAT1 (64802),lymphoid,-0.8861612837566389,-0.8895220555912472,5.173939882604677e-47,0.010189469239740623,9.727006979296793e-46,1.003792505829595,True
IRF4 (3662),lymphoid,-0.9836188888333601,-0.976768416811077,5.933250034261907e-22,0.013627546578409033,2.788627516103096e-21,0.9930354407585561,True
CCND1 (595),peripheral nervous system,-0.6649479039225488,-0.6491993940441593,6.076709657560081e-09,0.013931755739127416,1.1200209957071523e-08,0.9763161748680032,True
FERMT2 (10979),kidney,-0.6619440867604846,-0.6373576333569761,5.4749209291632894e-08,0.023236417791950736,9.190045845381236e-08,0.9628572051699517,True
SKP2 (6502),cervix,-0.8183933681736816,-0.8298458228207628,1.9366527167327312e-05,0.004679894994574774,2.4272714049716898e-05,1.0139938263095147,True
MDM2 (4193),kidney,-0.6541577827447758,-0.6510108869134477,1.7042374310058496e-07,0.015969202666399562,2.810496816044734e-07,0.9951893932712624,True
MDM2 (4193),pleura,-0.5294559505392813,-0.5105055932529836,0.0007602292645943924,0.015969202666399562,0.0008714823277057668,0.9642078679690055,True
NHLRC2 (374354),thyroid,-0.6022288197840705,-0.5729257319429535,0.0027537078970274556,0.012049265538650378,0.0029752706013859865,0.9513422691201932,True
MDM2 (4193),skin,-0.5507477256557168,-0.5311811594547893,5.752370536308456e-09,0.015969202666399562,1.0814456608259896e-08,0.9644727244626716,True
ATP1B3 (483),lymphoid,-0.7688627340733599,-0.7741570330305678,8.555775120309941e-52,0.0033730064311915386,4.0212143065456726e-50,1.0068858831655934,True
UMPS (7372),myeloid,-0.6115174518582281,-0.605646324431394,3.511009595326859e-09,0.01532743872354847,7.33410893246055e-09,0.9903990844267919,True
DCAF7 (10238),myeloid,-0.7496670788059476,-0.7221968620622309,0.0012115864813458652,0.1358499391292517,0.001355822967220373,0.9633567786016819,True
NAMPT (10135),lymphoid,-0.6187793307374085,-0.6443571201700633,1.8242764768703475e-50,0.018777309246572393,5.51273950021117e-49,1.0413358820537417,True
SNAP23 (8773),bowel,-0.6270907297664987,-0.5721782097677415,5.324273222194491e-09,0.03445829840416137,1.028578554607113e-08,0.9124328946479495,True
UMPS (7372),lymphoid,-0.7093730620544537,-0.7222549924843655,1.5368513058671353e-33,0.01532743872354847,1.1112617134731593e-32,1.0181595991150323,True
SEPHS2 (22928),kidney,-0.46575617060924046,-0.4377136031419272,0.00037813251294941693,0.019467199452245065,0.00044084451216172397,0.9397913130584363,True
SEPHS2 (22928),lymphoid,-0.6362437648669778,-0.6107260200963034,3.99846600907669e-26,0.019467199452245065,2.2109164991365227e-25,0.9598931318784563,True
FERMT2 (10979),skin,-0.6108555875005488,-0.5899397690724579,1.4943020001320088e-13,0.023236417791950736,4.13130552977673e-13,0.965759798459612,True
TFRC (7037),lymphoid,-0.6423438337335154,-0.6726982966480977,3.3933733541383166e-56,0.018165217792762256,3.189770952890018e-54,1.0472557862634908,True
NAMPT (10135),myeloid,-0.6046762216957351,-0.6232735153795875,8.08670735566488e-20,0.018777309246572393,3.0406019657299946e-19,1.0307557880012195,True
SDHB (6390),lymphoid,-0.6479785540568901,-0.6536214254335466,2.1135112730963543e-41,0.01858442273091676,2.838143709586533e-40,1.008708423050929,True
ADSL (158),myeloid,-0.6254714382986208,-0.6600644721338981,6.541487843776228e-18,0.019423856762271985,2.1960709189820195e-17,1.0553071358931683,True
CCND1 (595),skin,-0.5364305385411128,-0.5899590551795697,2.6107722088305215e-08,0.013931755739127416,4.5446775487049815e-08,1.0997864826712405,True
SUMO2 (6613),lymphoid,-0.6179266269384116,-0.6420931119044738,0.0037948799889616124,0.007174882791308401,0.004053621806390813,1.0391089878838817,True
CDAN1 (146059),lymphoid,-0.5511370619494338,-0.5363679792247174,1.382602460403698e-21,0.007739587181742835,6.188791965616553e-21,0.9732025230303393,True
EP300 (2033),lymphoid,-0.7190455993915703,-0.7250953632055874,8.562757679783193e-39,0.008420519985283481,1.0061240273745251e-37,1.008413602446265,True
BCL2L1 (598),bowel,-0.6024504461281528,-0.5433374733490588,3.959914260437148e-07,0.016004897237063,6.203865674684865e-07,0.9018791119518574,True
KRAS (3845),bowel,-0.7470886960552245,-0.5571581391727919,9.484406766493592e-06,0.0822959043018211,1.2382419945144412e-05,0.7457724124520911,True
SOX10 (6663),eye,-0.7846091930163007,-0.7601548227836319,0.0076067940011417395,0.015911087754192477,0.007944873734525817,0.9688324194384493,True
ADSL (158),lymphoid,-0.6727786236395202,-0.7041476243809492,2.447058623057523e-38,0.019423856762271985,2.555816784082302e-37,1.0466260366177103,True
SNAP23 (8773),pleura,-0.5470709216756038,-0.5842504276589375,1.1768317184741908e-05,0.03445829840416137,1.5153723498160813e-05,1.0679610348681263,True
SCAP (22937),bowel,-0.553259382498881,-0.5130467576571159,6.912538407730174e-07,0.017707785363386352,1.0652108366010433e-06,0.9273168677951045,True
WDR36 (134430),myeloid,-0.6548035574692657,-0.5551553884195872,2.869219938195571e-07,0.09663790072309986,4.5712995625488764e-07,0.8478197500410563,True
FAM50A (9130),bowel,-0.3107847272389463,-0.3445761610523896,8.360154214713517e-05,0.021998469753956695,0.00010205902547832085,1.108729389998186,True
FPGS (2356),lymphoid,-0.5459812358186659,-0.5567778190952779,1.4507841911349327e-34,0.007228281138104031,1.1364476163890307e-33,1.0197746416329183,True
PAICS (10606),lymphoid,-0.5736861868164567,-0.589770477619024,2.3458465958345403e-50,0.006997432412416793,5.51273950021117e-49,1.0280367405947552,True
TYMS (7298),myeloid,-0.38650474213943226,-0.4099241406924836,0.0003798766540968047,0.008227785718766922,0.00044084451216172397,1.060592784511303,True
FERMT2 (10979),soft tissue,-0.44062441427760474,-0.42113969795419276,8.546445831616377e-07,0.023236417791950736,1.2957514647934508e-06,0.9557793084267543,True
FAM50A (9130),lymphoid,-0.34239055906550897,-0.3486714011717026,1.2113638035014645e-08,0.021998469753956695,2.148456557153541e-08,1.0183440867158722,True
GRB2 (2885),liver,-0.4439164184767196,-0.4695269531463796,4.9423384429069084e-06,0.019254712927968543,6.832056082841902e-06,1.0576922447643218,True
DNAJC9 (23234),lymphoid,-0.4676653551810803,-0.481400181415339,3.986130629696207e-09,0.013098006864499578,8.11077785498288e-09,1.0293689196390026,True
TRPM7 (54822),myeloid,-0.49162968540949303,-0.5051403475661552,6.359921055944018e-16,0.010870774829868535,1.9043377553705013e-15,1.0274813799036744,True
CHMP4B (128866),peripheral nervous system,-0.6948270431411443,-0.6675450877931154,1.257948457741865e-16,0.03373459050304917,3.941571834257843e-16,0.9607356167015408,True
CTPS1 (1503),lymphoid,-0.5233702911926799,-0.5344797182173511,1.5978866219338425e-21,0.0048075035852158665,6.827333748262781e-21,1.0212267054733934,True
CFL1 (1072),lymphoid,-0.5956291391022024,-0.6109425433193275,4.653317186018266e-43,0.01912914151611267,7.290196924761951e-42,1.0257096290490542,True
FERMT2 (10979),cns/brain,-0.41868187581689714,-0.4158123820191376,5.356625129746485e-10,0.023236417791950736,1.228104298039438e-09,0.993146362516503,True
TFRC (7037),myeloid,-0.6155758088768051,-0.6320645728864231,6.482851933176175e-16,0.018165217792762256,1.9043377553705013e-15,1.0267859194137336,True
FAM50A (9130),bladder/urinary tract,-0.26998621847183346,-0.22139421698810344,0.020787218759973653,0.021998469753956695,0.020787218759973653,0.8200204374920737,False
SEPHS2 (22928),myeloid,-0.4455194563248681,-0.4297725838283521,6.654561986647896e-06,0.019467199452245065,9.065635170215974e-06,0.9646550284775137,True
FERMT2 (10979),pleura,-0.4119663051768184,-0.41056424491281385,0.0024744334068484645,0.023236417791950736,0.0027046132586483218,0.9965966627697797,True
INTS6 (26512),skin,-0.38248422092660256,-0.3868679383306659,1.053755730659284e-06,0.027401282779925706,1.5722704552694078e-06,1.0114611718973487,True
CCND1 (595),esophagus/stomach,-0.41319274935975847,-0.35724382673630256,0.004828929825937295,0.013931755739127416,0.0051002180184056825,0.8645936485813251,True
UROD (7389),lymphoid,-0.4471815597441515,-0.4929332764126463,4.11237537204868e-28,0.04576079639167985,2.577088566483839e-27,1.1023112775371842,True
GRB2 (2885),head and neck,-0.5173959825789487,-0.47576607040828184,6.684303613944418e-17,0.019254712927968543,2.1666363438302596e-16,0.9195395527364486,True
SDHB (6390),myeloid,-0.5208209035763782,-0.5291921170139271,2.3658097001805276e-18,0.01858442273091676,8.236522659887763e-18,1.0160731133870882,True
AP2S1 (1175),myeloid,-0.605529510173086,-0.616740110398858,3.8137403059513016e-13,0.0015899902477994887,9.958099687761733e-13,1.018513714092262,True
GRB2 (2885),kidney,-0.5273289115300486,-0.523202151193654,5.361739274015802e-09,0.019254712927968543,1.028578554607113e-08,0.9921742194555183,True
CHMP4B (128866),soft tissue,-0.48383276054410596,-0.4623199057220415,2.8075312820268548e-09,0.03373459050304917,5.997907738875553e-09,0.9555365891349076,True
CCND1 (595),pancreas,-0.43290982619738705,-0.46078728034620564,3.067834441450494e-05,0.013931755739127416,3.794426809162453e-05,1.0643955217965133,True
CTPS1 (1503),myeloid,-0.49564465068624214,-0.5089146944062887,1.2427834334329647e-09,0.0048075035852158665,2.7814676843499686e-09,1.0267733016016083,True
SNAP23 (8773),esophagus/stomach,-0.47504136170490774,-0.4688801612339122,3.1622348221074435e-06,0.03445829840416137,4.573078050432303e-06,0.9870301810164841,True
CDAN1 (146059),myeloid,-0.4942241269185835,-0.47815842140097153,8.612221884772495e-06,0.007739587181742835,1.1402096579839641e-05,0.9674930772445706,True
FAM50A (9130),myeloid,-0.3177414323590832,-0.3136106484174933,0.00017285318150888447,0.021998469753956695,0.0002083102443825018,0.9869995426440904,True
MED1 (5469),myeloid,-0.48789812117402187,-0.4959326154657851,5.204113454827053e-15,0.012198662433422158,1.4823838325871e-14,1.0164675655491968,True
DHFR (1719),lymphoid,-0.498133569136231,-0.5182793333382656,7.66418423803717e-27,0.011864559537570374,4.5027082398468374e-26,1.0404424946444937,True
CKS1B (1163),cervix,-0.5987171998226505,-0.5845790619402971,2.2739577590117563e-06,0.017777959176481284,3.339875458548517e-06,0.9763859500169005,True
PAICS (10606),myeloid,-0.3902521143802428,-0.397429840411672,3.695210299626142e-11,0.006997432412416793,8.90640431191942e-11,1.0183925359195762,True
ELOB (6923),cervix,-0.4497421161306733,-0.4728587122030709,7.139491176237041e-06,0.030767990529577682,9.587316722375455e-06,1.0513996693733727,True
FERMT2 (10979),ovary/fallopian tube,-0.3705424700781805,-0.37779988564922623,3.4408227693054507e-06,0.023236417791950736,4.900565762344127e-06,1.0195859210673328,True
SCAP (22937),pancreas,-0.4247174266559853,-0.3279772600132419,0.010264555976589011,0.017707785363386352,0.010487698497819208,0.7722246355549205,True
DNM2 (1785),myeloid,-0.6405264864441209,-0.6706111981234963,1.2460736250650806e-19,0.020376319544604504,4.505035413696829e-19,1.0469687238796175,True
PTK2 (5747),liver,-0.4008753208806011,-0.3624346866394883,0.000318671052071039,0.018170755773051495,0.0003791782138566793,0.9041082545149688,True
CFLAR (8837),pancreas,-0.43629881907332246,-0.4316001679406877,3.7257438209935073e-06,0.004868917483390689,5.22716297273716e-06,0.9892306581470597,True
CUL2 (8453),cervix,-0.3483504110568151,-0.3352286337654401,0.0009599414670024532,0.025033291214324516,0.0010871626252798867,0.9623316727212506,True
CDK6 (1021),lymphoid,-0.48852476383352716,-0.4967594972456473,1.624317538654744e-11,0.005641374487819761,4.0180486482512093e-11,1.0168563275022149,True
DNM2 (1785),lymphoid,-0.5505180272235852,-0.5744755509018702,6.572309001240655e-35,0.020376319544604504,6.177970461166216e-34,1.0435181456256926,True
UROD (7389),myeloid,-0.3782787329829391,-0.4128991613722865,4.05538892749144e-09,0.04576079639167985,8.11077785498288e-09,1.0915209483661583,True
SCD (6319),bowel,-0.4945031303398558,-0.48262796724932927,2.4740888740386965e-07,0.011310875052373492,4.0097302441316804e-07,0.9759856664964585,True
MYC (4609),pancreas,-0.49512161598203874,-0.4599200922247169,3.792685617888864e-08,0.00899061615652108,6.482044510573694e-08,0.9289032782632564,True
NCAPD3 (23310),eye,-0.48692800470696584,-0.4794828733683584,1.867980501257928e-05,0.004520685406045888,2.372840096192503e-05,0.9847099955914674,True
ADSL (158),breast,-0.3359255787098052,-0.2626220580126492,0.0024306966061540237,0.019423856762271985,0.002688064482099744,0.781786427283406,False
