Lineage,n,chi2_p,largest_batch,share_in_lineage,share_in_all_cancer_lines
ampulla of vater,5,0.8549781144899053,Avana-3,0.6,0.4865771812080537
bladder/urinary tract,34,0.00016295028458072772,Avana-3,0.9117647058823529,0.4865771812080537
bowel,63,5.065423278816586e-29,KY-2,0.2857142857142857,0.04194630872483222
breast,53,1.0334025966447926e-19,Avana-3,0.2830188679245283,0.4865771812080537
cervix,18,0.22348361333468147,Avana-3,0.7222222222222222,0.4865771812080537
cns/brain,91,0.03382532065408211,Avana-3,0.6373626373626373,0.4865771812080537
esophagus/stomach,69,1.2979778750303695e-16,KY-1,0.5362318840579711,0.1535234899328859
eye,10,0.014184747552640759,Avana-4,0.7,0.20469798657718122
head and neck,77,4.594682378530798e-10,KY-1,0.42857142857142855,0.1535234899328859
kidney,34,0.0713654587178281,Avana-3,0.4411764705882353,0.4865771812080537
liver,25,0.02011862416226402,Avana-3,0.84,0.4865771812080537
lymphoid,94,0.02576557973452006,Avana-3,0.5,0.4865771812080537
myeloid,43,0.07811466773099152,Avana-3,0.5581395348837209,0.4865771812080537
ovary/fallopian tube,59,5.324948541748659e-14,KY-1,0.3050847457627119,0.1535234899328859
pancreas,48,4.296871220938417e-15,Avana-3,0.625,0.4865771812080537
peripheral nervous system,47,0.13379401361102866,Avana-3,0.40425531914893614,0.4865771812080537
pleura,21,0.01569085164863032,Avana-4,0.5238095238095238,0.20469798657718122
prostate,5,0.20997494544331594,KY-1,0.6,0.1535234899328859
skin,75,0.001339084023396884,Avana-3,0.56,0.4865771812080537
soft tissue,49,0.0003200550113822361,Avana-3,0.4897959183673469,0.4865771812080537
thyroid,11,0.13563300255626942,Avana-4,0.5454545454545454,0.20469798657718122
