,ADSL (158),AP2S1 (1175),ATP1B3 (483),BCL2L1 (598),BRAF (673),CBFB (865),CCND1 (595),CDAN1 (146059),CDK6 (1021),CFL1 (1072),CFLAR (8837),CHMP4B (128866),CKS1B (1163),CTNNB1 (1499),CTPS1 (1503),CUL2 (8453),DCAF7 (10238),DHFR (1719),DNAJC9 (23234),DNM2 (1785),ELOB (6923),EP300 (2033),FAM50A (9130),FERMT2 (10979),FOXA1 (3169),FPGS (2356),GRB2 (2885),HNF1B (6928),INTS6 (26512),IRF4 (3662),KRAS (3845),MDM2 (4193),MED1 (5469),MYB (4602),MYC (4609),NAMPT (10135),NCAPD3 (23310),NHLRC2 (374354),NMNAT1 (64802),PAICS (10606),PAX8 (7849),PTK2 (5747),SCAP (22937),SCD (6319),SDHB (6390),SEPHS2 (22928),SKP2 (6502),SNAP23 (8773),SOX10 (6663),SUMO2 (6613),TFRC (7037),TRPM7 (54822),TUBB4B (10383),TYMS (7298),UMPS (7372),UROD (7389),WDR36 (134430),ZER1 (10444)
ADSL (158),1.0,0.37693021256090853,0.18731058504908388,-0.05314784228982976,0.05001811194676781,0.07790940615921403,-0.02495551564961038,0.1683953443047799,0.01712255017136864,0.022779017160154194,-0.015465136867758964,-0.014722943339538521,-0.04711874855452755,0.06550338829339504,0.47663551796456116,0.10237980607777086,0.15777694403070627,0.4841412176824644,0.0907526631927287,0.20929935589202195,0.1377131763400924,0.14915057264506246,0.07359259188181888,-0.21710776810812368,0.034928909619210045,0.5709374201360499,-0.12457135533992128,0.022828565236760863,0.053769636537543804,0.018889729273067493,0.00017579049301535515,0.019300574255996746,0.06836412738863454,0.07335114547302629,0.0669467378799322,0.48025930502116654,-0.06973437318775044,0.022739238397516494,0.3004807560333635,0.7144378464198421,-0.020672224892897564,-0.19130217104950412,0.16410643638433356,0.11026450027193915,0.5695483078902379,0.22404616941920144,-0.03901352907146526,-0.006964276473749361,0.0598910963818112,0.09020590170542386,0.5157919782242096,0.43023681026348265,0.012024109094255189,0.29323324802627543,0.5039078929592365,0.33088890813777094,0.10852265811714765,0.020480724962805574
AP2S1 (1175),0.37693021256090853,1.0,0.050854155199724874,-0.06877672013167138,0.05231251963324308,0.01192022167675896,-0.0034005262773098796,0.055837874442108006,-0.032699579194916034,0.0796430654305434,-0.019612565531578332,-0.07429565770775194,-0.0022254972131153304,-0.004945013228907586,0.2846453039287219,0.025561394343486622,-0.056361968103125555,0.14996100333750112,0.01876614475897195,0.3271141636044256,0.06742508027060325,0.036437067092690754,0.045936821288915186,-0.1862300321455084,-0.021668863782358556,0.28456842153522166,-0.10181756756580605,0.009829049466928974,-0.007977194296072045,0.005471365582890261,-0.05447717292184995,-0.014659033735139698,0.04865802907377863,0.04377719272781153,0.07740890713867116,0.26427330912860997,-0.019234057865175472,0.05546847561745562,0.14087176329422235,0.32562405700495406,-0.011962240529438272,-0.20000270909283516,0.19474437904839298,0.12801111198041312,0.2614919623814762,0.12149205389804374,-0.0039361294989955,-0.0012933662184783155,0.08547777376021962,-0.009402068589556303,0.5389737626557806,0.29173132841938465,-0.010426879046760063,0.16104326693508378,0.23814101447020644,0.18470345129875326,-0.02788609739043172,0.0011539313251510272
ATP1B3 (483),0.18731058504908388,0.050854155199724874,1.0,-0.06296389905821145,0.021845605961364787,0.03686362849369559,-0.028663720143013067,0.08604228792302135,0.0513503404580769,0.035283214218420185,-0.009403101750307478,0.08746956421617118,-0.058763783371834376,-0.0003823377481657012,0.1639035710630159,-0.02857662926380661,0.02066078753956585,0.08491808863031672,0.011909897382830353,0.0466844892737989,0.013765838713799154,0.12350246413030384,0.06440521261915211,-0.12068446147625696,-0.02810252553629926,0.10131249792231724,-0.11037959550536917,-0.11796702349079188,-0.023285765090287586,0.1507556992096623,-0.019649078729896085,0.016361542989029792,0.004299949364528841,0.12307847544703086,0.0691979464246003,0.09519670340794165,0.03206105439292502,-0.02838320287317675,0.22607299319643095,0.157718092061805,-0.07132653034800487,-0.14127511443178772,0.034247427645332215,0.06135803198398293,0.16811185904822856,0.0930229076847648,-0.041079237194984373,-0.06397797148902676,0.04701012284308979,-0.0807728158313236,0.06727900669435359,0.10880074895313833,-0.03113831894056281,0.014594400633532,0.187609157357126,0.08599846976027407,0.0590835752290761,0.02668996103437824
BCL2L1 (598),-0.05314784228982976,-0.06877672013167138,-0.06296389905821145,1.0,-0.012204995283267217,-0.0018621864240414038,-0.02471342905187112,-0.20071791594106506,-0.05318315247127651,-0.03262201035564904,0.18026622198756956,0.05981373259234311,-0.0009467621894708946,0.07975482276610249,-0.03497118708188686,-0.13812438695151935,0.15587704865387103,0.021649556491967547,-0.03140467407458466,-0.011310686411665478,-0.01991781599441221,-0.00980397410769573,0.025238211369604153,0.031151027922158,0.006159104258523047,-0.03874288844911407,0.07248408858780274,0.07104984701780914,-0.014217265580151496,-0.022769312645051578,0.09729826603458956,-0.014805783879430184,0.03802422371260629,0.051372810930316544,-0.11448602269633484,0.005081451575493177,-0.11158372024442836,-0.06465692378479417,-0.0535392832920624,-0.048560709343084534,0.09840105051483057,0.08210192855473565,-0.06972804665846045,-0.0611956285102395,-0.08350640053281126,0.04159452749573127,-0.01896751023775099,0.10831380449780562,-0.07756901082275637,-0.08210188616742622,-0.04070763995042527,0.0031517509162736863,0.010586267151086971,0.00924503846838583,-0.028956736866420533,-0.05496252541948529,-0.19235902765177756,0.03446995615717889
BRAF (673),0.05001811194676781,0.05231251963324308,0.021845605961364787,-0.012204995283267217,1.0,0.0654555741236927,0.09605438503863283,0.06191451013033778,0.042187869957717145,-0.0686533940669494,0.00482275288730068,0.0416820430350241,-0.027503709897242955,0.08422921341521653,0.07014469363641437,0.009855862318546064,0.1387224341109121,0.009641503242433255,0.001971247989312439,0.010702816151920855,-0.027955896838980143,0.0657591354409825,0.030730515712801533,-0.01080054937750503,-0.02707414090380359,-0.011672955185547704,-0.15129802785566454,-0.04005647638631364,0.09273880771275572,0.13121324607008908,0.01699149568408684,0.14726956442410016,0.09605867339058817,0.020874939258851245,0.053925685616562635,-0.0004075259194842848,0.09860185418791383,0.04030035104435387,0.0369646045672259,0.03075077867609232,-0.03428513341269173,-0.015563586395841662,0.07017844236436166,0.09534788794404385,0.06884623814314676,-0.0270975073290637,0.04583938821186975,-0.019020748085685515,0.319726421942776,0.049740024147455306,0.0600063481976,0.030308007116351163,-0.014046703061877167,-0.026127304384025902,0.08380267905572768,0.02018724444309282,0.07316017714769484,0.0033624242560286576
CBFB (865),0.07790940615921403,0.01192022167675896,0.03686362849369559,-0.0018621864240414038,0.0654555741236927,1.0,-0.01768365695186538,0.09970471130475561,0.060493272505832696,0.008572350075781165,0.033895237945652905,0.11054218618080838,0.04755173141171324,0.05764734681002582,0.07125642583263027,0.026884345844876284,0.13492423379466167,0.09386947077695668,-0.032950666194280165,0.008045606160491653,0.042747614937242266,0.1389640934041824,0.058395592819635384,-0.026408927238162926,-0.016321237597052132,0.067855180549081,-0.013117341449432314,-0.05692620901549776,0.05760173126478774,0.15878080040553308,0.002714808370222437,-0.008237465004512059,0.07364439779818835,0.14382613766026914,0.04101741624040032,0.06895756687386086,0.009297997738292547,0.051256803881574234,0.013848452787879502,0.08776902986899339,-0.0372057053492114,-0.07860121458151323,-0.04945382169986402,-0.043512317333857894,0.05490628484966226,0.032476826759074366,0.06702647755169665,0.028988319272533473,0.10787283117942659,0.017659847418765032,0.11185797759084375,0.07548954120009525,-0.02861790582680379,0.07771142397277081,0.09451499350121711,0.07162939968446803,0.039328729501757476,-0.09756240907955335
CCND1 (595),-0.02495551564961038,-0.0034005262773098796,-0.028663720143013067,-0.02471342905187112,0.09605438503863283,-0.01768365695186538,1.0,0.024627789849490402,0.14109848495304578,0.017682970431459152,0.0336647595936891,0.052524524752600964,-0.18456215744688656,-0.008579333297192498,0.010262919460588943,0.0028192228535680983,-0.3149559355844137,-0.0188760551749658,0.09701161875408948,0.052549786816415735,0.014875828243203024,-0.039947918728295076,0.013583954449495853,0.012669039136603041,0.16213809341766983,-0.04061574532848864,0.1149871801846947,-0.002814843479458245,0.03403369920687497,0.08102898372389096,0.13832342319671323,0.1313347895400738,0.09575360154541177,-0.04037057210734076,0.16769540840024566,-0.012954989966915562,0.045000138982985806,-0.005503457040396531,0.019218808319482736,-0.010420857361823549,-0.012989266796482891,0.03942387354078911,0.03567114693853711,0.017837918737939263,-0.008845284787244946,-0.027647458663869577,-0.21898449774589063,-0.006448870735047092,0.11469457118637556,0.1140462166606693,-0.030013710178191242,0.06035785617074754,0.008122354750050732,0.032421252634741174,-0.007989524707682636,-0.02889886952188088,-0.04022037762558641,0.001414312793994816
CDAN1 (146059),0.1683953443047799,0.055837874442108006,0.08604228792302135,-0.20071791594106506,0.06191451013033778,0.09970471130475561,0.024627789849490402,1.0,0.04170191362080024,-0.03197156919249005,-0.1671488986619218,0.04255495763016161,-0.025143419262444983,0.03883779148116928,0.07910507955065758,0.10552530029147082,-0.05951994781780604,0.09281834301140703,0.32748007003997787,0.009719048289414441,0.07049005652502005,0.1778285551895297,0.08011949375313648,-0.07285376116455386,0.024684170528138198,0.14319724989606378,-0.1250417006552051,-0.056278945325932896,0.06473411149996612,0.11030635364229793,-0.07085519894097063,0.05378911470628826,0.022859230106371992,0.06180075474517453,0.08359555085800884,0.09468383894534588,0.15696346507200745,0.002293984796905859,0.1699023542441073,0.15661373502858444,-0.05231405956986018,-0.13564178303999944,0.11016453437492522,0.09113223239024446,0.14642381741844426,0.03621732064290663,-0.01149522820545357,-0.019253351212610337,0.07551739928022068,0.029144250523535725,0.02424256657784181,0.019781037055277593,-0.032944962280026954,0.07986287041124235,0.12102786971466227,0.04338667007357929,0.17766237124378115,0.02579966341760679
CDK6 (1021),0.01712255017136864,-0.032699579194916034,0.0513503404580769,-0.05318315247127651,0.042187869957717145,0.060493272505832696,0.14109848495304578,0.04170191362080024,1.0,0.027564222713978223,0.0183627090868099,0.02770020366712358,-0.1498887549641114,0.051430282566540454,0.09898151005403967,0.021020910146629088,0.18338705449077156,0.06592915858048905,0.08880665628486822,0.06679915721377747,0.1027730410794797,-0.02569869207684395,0.03692472876664164,-0.013685327461601494,-0.01496831506994716,0.014953720845457326,0.06311405007049488,0.007461376500160726,0.03971190750883577,-0.004892573758506295,0.05805799161523026,0.10204402623065391,0.08352167942046931,0.08391838132602542,0.13618952816677352,-0.017900307697255993,0.082150307602591,-0.08836840352028057,0.034443288362943296,0.010038162744055487,-0.021135467085162674,0.02050529906851409,0.015180642254323386,0.005483410504644957,-0.0035861816080910987,0.013679875822945114,-0.08407745848097517,0.07114599690251737,0.011987105370617552,0.07099339314450977,-0.02813163202348517,0.034365796897463205,0.04800872723061779,0.12052932042726212,0.08483485669858554,0.029772668615864254,0.037590727735848095,0.03849600934464544
CFL1 (1072),0.022779017160154194,0.0796430654305434,0.035283214218420185,-0.03262201035564904,-0.0686533940669494,0.008572350075781165,0.017682970431459152,-0.03197156919249005,0.027564222713978223,1.0,-0.023474611984242395,-0.08403049839129763,-0.08249682644544029,0.006208424585021789,0.1574174932594959,-0.03660675133992565,-0.1816117049023521,0.03132714688469375,0.05775148550712982,0.05706793372704222,0.012168202991062816,-0.011258912031499242,-0.01082502979406976,-0.14012366685097072,-0.052454478959811014,0.0026462906166469812,0.0802681379461492,-0.020554960556306484,-0.0721349410381059,0.045668690643574206,0.03951807916552867,-0.005806685818186997,0.018332862219892096,0.005249449239040425,0.08645531063904516,0.004155087550135998,-0.07807578317085911,-0.02838008215054521,-0.007961377968391204,-0.010810081972490296,0.021239346976118057,-0.1545202055191127,0.05083813285690906,0.015619637337024012,-0.011434326923490215,0.03820847923014476,-0.07337699227694608,0.07586372850486224,0.010746318084538154,-0.06373025715322808,0.020173155715577762,0.10885947877537136,0.10694568901077814,0.0684567368519834,0.04565409523620617,0.07387652113533553,-0.03199369142824976,-0.021626725063838892
CFLAR (8837),-0.015465136867758964,-0.019612565531578332,-0.009403101750307478,0.18026622198756956,0.00482275288730068,0.033895237945652905,0.0336647595936891,-0.1671488986619218,0.0183627090868099,-0.023474611984242395,1.0,0.014959094069425397,-0.10147726819711674,-0.05158902585258954,-0.0003185153897522692,-0.017456475760245047,-0.025272046393664083,0.003161099226529445,-0.04895178850291695,0.01226186822821451,0.007123803178867787,-0.09562790041237083,-0.03273586203427235,0.04283294394954035,-0.05412593899739199,-0.030863721656593134,0.0334175175685119,0.1396334730802654,-0.06562525185313499,0.16023066271917513,0.11205130887873918,-0.0193434496129418,0.09554285272396176,-0.007317165187098808,-0.017543082972224237,0.012391949317471953,0.027209374653141553,-0.027009603882602522,-0.07161022394000968,-0.06334563799078301,0.07913566917740145,0.06143674024757843,0.007088309640077696,-0.006413810007187037,-0.08258634689333144,-0.020253108155750727,-0.058433127548150735,0.1144098971388543,-0.02609355286633698,0.04411789542300665,0.003279501784631942,0.07523072223480122,0.09103312322531303,0.06420518467725193,0.008468323567048203,-0.023833758389163715,-0.083056851055875,-0.048112475381667234
CHMP4B (128866),-0.014722943339538521,-0.07429565770775194,0.08746956421617118,0.05981373259234311,0.0416820430350241,0.11054218618080838,0.052524524752600964,0.04255495763016161,0.02770020366712358,-0.08403049839129763,0.014959094069425397,1.0,-0.01368140660918438,-0.0866255885514991,-0.022107748774379245,0.0030726239975513454,-0.22552695758064562,0.04831492444667718,-0.0274071981185587,-0.0950772401931237,0.03336756069361304,0.04299021061881497,0.0498500506771872,0.1768820128729904,-0.08182523223774608,0.0398207441267279,-0.03870755882798035,-0.05864034607752596,-0.03994204800652423,-0.015839616927454846,-0.06136589623264339,-0.0809898285806662,-0.04346131937325744,0.059776108526767076,0.016691545742383684,-0.04995923767580563,0.0375926321704304,0.048105796312984166,0.05013093111128678,-0.01714015834553043,-0.020662849601854178,0.14199597085198748,-0.06456387687638962,-0.07050768791039211,-0.020245159269764272,0.11033383486855476,-0.05361175745781239,-0.1442633871058234,0.019020292624029746,-0.122883056330166,-0.03172169213578198,0.022314884298144138,-0.07272640308718457,0.022562341553983765,0.04081957835357909,-0.03079019005687048,-0.04715397675076396,-0.10623129964774662
CKS1B (1163),-0.04711874855452755,-0.0022254972131153304,-0.058763783371834376,-0.0009467621894708946,-0.027503709897242955,0.04755173141171324,-0.18456215744688656,-0.025143419262444983,-0.1498887549641114,-0.08249682644544029,-0.10147726819711674,-0.01368140660918438,1.0,-0.03376545821717519,-0.12805869158635425,0.017596396362709085,0.06447683523279328,0.00844293793194425,-0.10566109613589506,-0.0627931301706847,0.006717594216269476,0.09617725586116585,-0.03285644536623798,-0.03927862275866136,0.083083967925965,0.040750507972778904,-0.0551822023817924,-0.017308418767093846,0.040139604362788836,0.004461914033891574,-0.07224978520732565,0.01541480942793278,-0.05161605926344183,0.03599122882531187,-0.08806077512773282,0.028237531296825318,-0.12841944712108422,-0.031041166307088582,0.007396720294809578,0.024231631687177728,0.0006956967987178184,-0.024730342268481458,-0.14756418713741842,-0.029873852694478953,-0.028940829921219356,-0.06480718621441431,0.5942787222555732,-0.051442992138842625,-0.030489782284594116,-0.028625325512909763,0.07192191018765076,-0.041016203665468584,-0.06640860304530437,-0.09149831749689898,-0.0608521946836353,-0.08651533998217782,-0.0595167255771218,-0.05920255862774291
CTNNB1 (1499),0.06550338829339504,-0.004945013228907586,-0.0003823377481657012,0.07975482276610249,0.08422921341521653,0.05764734681002582,-0.008579333297192498,0.03883779148116928,0.051430282566540454,0.006208424585021789,-0.05158902585258954,-0.0866255885514991,-0.03376545821717519,1.0,0.07720464028635791,-0.10904944604759982,0.22547141316853514,0.07503883816776749,0.0021317987873399856,0.043803415276598395,-0.018011263011114595,0.056055055423468295,0.10041023055640781,-0.07019102573982557,-0.007991346780332023,0.010326271791077602,-0.06192320586929631,0.06749572539350625,0.07857990714054516,-0.0030470021929685336,0.05904055373930827,0.08618729080732672,0.07285189446809644,0.02045751243983524,0.03784132250095345,0.0013049050526908839,0.06297529898180342,-0.007713729086379022,-0.015839129458429108,0.07525232547676461,0.004709524082812982,-0.04134983732933983,0.08134624805873367,0.08783671750353166,0.07642330600241166,-0.0780824985315062,-0.07035445896289311,0.1227917210401429,0.01894171968737247,0.06502123995241194,0.05068550650173782,-0.0007992968280915285,0.02107107599797473,0.07917130480030518,0.0858742172192134,0.05598261362292668,0.021359858619059917,-0.024884847819815207
CTPS1 (1503),0.47663551796456116,0.2846453039287219,0.1639035710630159,-0.03497118708188686,0.07014469363641437,0.07125642583263027,0.010262919460588943,0.07910507955065758,0.09898151005403967,0.1574174932594959,-0.0003185153897522692,-0.022107748774379245,-0.12805869158635425,0.07720464028635791,1.0,0.09511758055840426,-0.08072404849016172,0.38863054615711995,0.08715890076718529,0.13157631300393205,0.11405834516936389,0.03978142903168077,0.026019532133653604,-0.1791889503828341,-0.05061001825777685,0.3433306494820042,-0.0493899561904878,-0.037444009784232894,0.012626467356473494,-0.02406385450113952,0.06962113562807236,0.043793508316136875,0.004811479785780812,0.11605406427069666,0.11914521635709381,0.21070376900016494,0.03984702955419405,0.0452021889305229,0.12222385722553718,0.43688607419980274,-0.04377910870863797,-0.12456569807925204,0.1107826643531562,0.09709007490677361,0.38766651537839597,0.16383341958651887,-0.12631186731886013,0.09044404038883663,0.0164181264247727,0.039004647865325995,0.30035220846134447,0.32639522670479143,0.09144685396321947,0.4029953917558996,0.5253326042652826,0.2481641318216665,0.1127290300035107,0.06749659804818585
CUL2 (8453),0.10237980607777086,0.025561394343486622,-0.02857662926380661,-0.13812438695151935,0.009855862318546064,0.026884345844876284,0.0028192228535680983,0.10552530029147082,0.021020910146629088,-0.03660675133992565,-0.017456475760245047,0.0030726239975513454,0.017596396362709085,-0.10904944604759982,0.09511758055840426,1.0,0.026015027285143048,0.055744463289746374,0.06607277318018036,-0.06606143374505352,0.2911289818627113,0.01803959661049284,-0.010178598402607797,-0.04828129613179609,-0.025073694593213406,0.09838362265472907,0.02115428433743043,0.044946485069289104,-0.05020596370178259,-0.002731508026818972,-0.07414781593440348,0.11025582590389549,0.0011054823083828983,0.005428168140374118,-0.020165242668943796,0.05393010429182853,0.04732708978245339,-0.030293352856367733,0.018307841550165658,0.12423185120735467,0.0023089237425137077,-0.0884727846549839,-0.04592876220167478,-0.050766550587772144,0.05033615702203109,0.05390526660649963,-0.03242095778075888,-0.061358536777236544,0.005665043872290686,0.04267908659379116,0.045977097470298905,0.018344382540866747,0.00994339512169211,0.06411412627389822,0.05919873975818593,-0.015830281123681945,0.19463052983414258,0.133582910026903
DCAF7 (10238),0.15777694403070627,-0.056361968103125555,0.02066078753956585,0.15587704865387103,0.1387224341109121,0.13492423379466167,-0.3149559355844137,-0.05951994781780604,0.18338705449077156,-0.1816117049023521,-0.025272046393664083,-0.22552695758064562,0.06447683523279328,0.22547141316853514,-0.08072404849016172,0.026015027285143048,1.0,0.038945834036452624,-0.04141965165664827,-0.10565158195354775,0.12235403076391801,0.301486115760132,-0.11999994714981242,0.04284979266127829,0.09332555616237466,0.036027366129807586,0.028772338664261533,0.23528128271092208,-0.05140453909000012,-0.11881794692917538,0.17721140986711503,0.152487828306483,0.20699892112541327,0.32633304488027326,-0.13926363631549643,0.13423456774133521,-0.12452680778562904,-0.04268445731589282,-0.016354725815322515,-0.01582601118197708,0.3584877808131258,0.08331742299097404,-0.14567699056329161,-0.07729832708522856,0.04740434330542297,-0.04725920509570525,0.21234509893765485,0.09110563421803565,-0.16472412082444632,0.3768347988242915,0.032494005396086906,-0.01892120025946666,-0.024895979745282553,0.20645385400845553,0.08952704406514551,0.06031649950898279,0.1611069173474736,0.08739947166201605
DHFR (1719),0.4841412176824644,0.14996100333750112,0.08491808863031672,0.021649556491967547,0.009641503242433255,0.09386947077695668,-0.0188760551749658,0.09281834301140703,0.06592915858048905,0.03132714688469375,0.003161099226529445,0.04831492444667718,0.00844293793194425,0.07503883816776749,0.38863054615711995,0.055744463289746374,0.038945834036452624,1.0,0.0881403879733214,0.10279321160629366,0.12647454281849935,0.06334632399425195,0.012944918353152389,-0.18986373190301575,0.005754042623706844,0.4372355585909573,0.003475128087670244,0.08383168397443956,0.078721402363304,-0.028250564116737396,0.02627472360918822,-0.05414363920729805,0.04005402173472596,0.07166892286490119,-0.0031518646808558507,0.28583975139751955,-0.08235694833174328,0.017121625763509958,0.1154659881476297,0.5144742867148815,-0.005062457164164863,-0.14688900544821712,0.12029886821343326,0.10890185008296763,0.33865347915958327,0.1399174496635567,-0.06666792876779414,-0.018598330316295552,0.009024862912207056,0.10564609072967585,0.36870691776931536,0.297280724402558,0.038093269767737664,0.5761484303755812,0.39154568982609866,0.16038286571646165,0.12268519209890882,0.033315412503520596
DNAJC9 (23234),0.0907526631927287,0.01876614475897195,0.011909897382830353,-0.03140467407458466,0.001971247989312439,-0.032950666194280165,0.09701161875408948,0.32748007003997787,0.08880665628486822,0.05775148550712982,-0.04895178850291695,-0.0274071981185587,-0.10566109613589506,0.0021317987873399856,0.08715890076718529,0.06607277318018036,-0.04141965165664827,0.0881403879733214,1.0,-0.02010337566938687,0.08609660275630539,0.07871904613526305,-0.022325406951867292,-0.033336225783776596,-0.010143000539717891,0.06935105310807166,0.03858164031530548,-0.03193900616307548,0.04218889365636006,0.008166791405788541,0.017249005550536278,0.10024519438233812,0.04000305679115949,-0.017893427973413877,0.06169128911297069,0.0515858159130834,0.06101419964821543,-0.013554019121734737,0.0446017908991909,0.07094212730450612,0.04329781974427369,-0.036293584200990395,0.04037918797235175,-0.019736434933879138,0.05777979471394648,0.036536950274960775,-0.08822879105985422,0.0099044749252358,-0.017919969104200673,0.07307020818448287,0.0046515345599950405,0.01812917681270128,0.04869332014269391,0.08468016150239425,0.023827444369940644,0.04968385389133496,0.06744833214604144,0.07597864292360884
DNM2 (1785),0.20929935589202195,0.3271141636044256,0.0466844892737989,-0.011310686411665478,0.010702816151920855,0.008045606160491653,0.052549786816415735,0.009719048289414441,0.06679915721377747,0.05706793372704222,0.01226186822821451,-0.0950772401931237,-0.0627931301706847,0.043803415276598395,0.13157631300393205,-0.06606143374505352,-0.10565158195354775,0.10279321160629366,-0.02010337566938687,1.0,0.11415988297372119,0.016465526876395378,0.040728368306737595,-0.0869991877504658,0.1152426481363894,0.1492538268170468,-0.04536848350328063,-0.0476335328110695,0.001192770102704008,0.04907260300380003,0.014889317246986963,-0.03528199306199353,0.0460878294357256,0.0910864129758424,0.11155082675534118,0.10176272524136824,-0.038214157893422245,0.010212826036526394,0.04900785776403152,0.16540038039026908,-0.07105889155855247,-0.08050187130813274,0.1563436802820713,0.13523714824672592,0.11620090790196791,-0.003034161915266203,-0.05292566509092435,0.14957003027710555,-0.0059731186820979505,0.1026106097952727,0.27397587688336383,0.14561689671208186,-0.03114002712626612,0.12785202479216076,0.14024985828268904,0.17793822695692593,-0.0796552214840889,-0.017708258650188834
ELOB (6923),0.1377131763400924,0.06742508027060325,0.013765838713799154,-0.01991781599441221,-0.027955896838980143,0.042747614937242266,0.014875828243203024,0.07049005652502005,0.1027730410794797,0.012168202991062816,0.007123803178867787,0.03336756069361304,0.006717594216269476,-0.018011263011114595,0.11405834516936389,0.2911289818627113,0.12235403076391801,0.12647454281849935,0.08609660275630539,0.11415988297372119,1.0,0.0514108232986673,0.03155984184772594,-0.07831084429575326,0.0715169469642334,0.10691338739432993,0.0734775487449278,0.008328096906797255,-0.0035126188507154953,-0.0054349811067827825,-0.0697353047285583,0.0799962277296176,0.0646839179294431,0.03854597657449934,0.017161675090063767,0.07806291848611746,-0.017924505948976547,-0.059753647647698534,0.09427894372178267,0.12266296477532992,-0.007295122408196383,-0.10930393111474958,-0.01781136108608778,-0.05167996635168435,0.10372424616909863,0.04788211201467359,-0.04224749872950651,0.029263780697141646,-0.011654755946589799,0.1632943172156456,0.06897201480378949,-0.006760015568668454,0.03634278764188176,0.13963135358511092,0.11536492623219376,0.05771980078652202,-0.061447886364864826,0.10485425242717249
EP300 (2033),0.14915057264506246,0.036437067092690754,0.12350246413030384,-0.00980397410769573,0.0657591354409825,0.1389640934041824,-0.039947918728295076,0.1778285551895297,-0.02569869207684395,-0.011258912031499242,-0.09562790041237083,0.04299021061881497,0.09617725586116585,0.056055055423468295,0.03978142903168077,0.01803959661049284,0.301486115760132,0.06334632399425195,0.07871904613526305,0.016465526876395378,0.0514108232986673,1.0,0.07636496078513977,-0.07581759392804432,0.04508573169788303,0.14923985018539834,-0.025061134602352687,0.041217166939569956,-0.022882387554597174,0.13684188184464013,-0.0686681691455999,0.07125904694531664,0.0686169840683743,0.12439230176146127,-0.09363705550255627,0.1392450495323984,-0.03972618479390059,-0.02114961241925758,0.10308638158724408,0.18127377859435365,0.05962922020097414,-0.11381085038605684,-0.007350510845805129,0.049475613391817795,0.1372743973341686,0.040999967961787655,0.07280235581614757,-0.09066325805296294,0.043126776924453304,0.053038141093704395,0.06577755595456915,0.018107654033726706,-0.08831112522002983,0.042886258919884825,0.07099801298441206,0.0655819489132328,0.07471736526572993,0.009141410683539674
FAM50A (9130),0.07359259188181888,0.045936821288915186,0.06440521261915211,0.025238211369604153,0.030730515712801533,0.058395592819635384,0.013583954449495853,0.08011949375313648,0.03692472876664164,-0.01082502979406976,-0.03273586203427235,0.0498500506771872,-0.03285644536623798,0.10041023055640781,0.026019532133653604,-0.010178598402607797,-0.11999994714981242,0.012944918353152389,-0.022325406951867292,0.040728368306737595,0.03155984184772594,0.07636496078513977,1.0,-0.004740673004386504,-0.023029607783010483,0.06591918038669616,-0.05513746215928592,0.01720003038622715,0.07850371342990255,-0.0220526923162046,0.013016243002660216,0.044522978238201734,-0.017192287991852188,0.05509213259516034,-0.03723948026746327,0.05304680749403723,0.014815883458079713,-0.01841870162309987,0.0808314571870552,0.06294710073019391,0.003712373126008719,-0.0025573866908102476,-0.0024538876288472135,-0.014275622204433363,0.06977676977021754,0.011441680200418592,-0.07163200273340822,-0.04928035146420258,0.0008482779838871278,-0.008953627297908922,0.03938746158081558,0.04585356013964017,0.005918220041449692,0.006182153000950772,0.0457962877954254,0.0696450335413876,0.04416971960594094,-0.04740616517176379
FERMT2 (10979),-0.21710776810812368,-0.1862300321455084,-0.12068446147625696,0.031151027922158,-0.01080054937750503,-0.026408927238162926,0.012669039136603041,-0.07285376116455386,-0.013685327461601494,-0.14012366685097072,0.04283294394954035,0.1768820128729904,-0.03927862275866136,-0.07019102573982557,-0.1791889503828341,-0.04828129613179609,0.04284979266127829,-0.18986373190301575,-0.033336225783776596,-0.0869991877504658,-0.07831084429575326,-0.07581759392804432,-0.004740673004386504,1.0,-0.00398782904695496,-0.1391986920202583,0.07151260602328482,0.09429682699856798,0.03449048699167003,-0.00460881355155419,0.037469845678228746,-0.03757030258004708,-0.06826849457113868,0.011197453504338947,-0.05292160606203301,-0.11369952717640934,0.09663746212121481,0.13066899846515462,-0.049968541318500426,-0.23952544772218387,0.15100784504886963,0.5633635394289899,-0.10538592786189933,-0.1367003536945083,-0.20480778039624567,0.03202442103605663,0.008907311583712978,-0.15181000822618163,0.030374416993853383,-0.15097834667341298,-0.15112102609351852,-0.15095350381130845,-0.09052131933879982,-0.10373299236365663,-0.13081553698905793,-0.08830729500748784,-0.04497307758873487,-0.09437374730744055
FOXA1 (3169),0.034928909619210045,-0.021668863782358556,-0.02810252553629926,0.006159104258523047,-0.02707414090380359,-0.016321237597052132,0.16213809341766983,0.024684170528138198,-0.01496831506994716,-0.052454478959811014,-0.05412593899739199,-0.08182523223774608,0.083083967925965,-0.007991346780332023,-0.05061001825777685,-0.025073694593213406,0.09332555616237466,0.005754042623706844,-0.010143000539717891,0.1152426481363894,0.0715169469642334,0.04508573169788303,-0.023029607783010483,-0.00398782904695496,1.0,0.05814632855289059,-0.005750692602456804,0.02784591179927685,0.05305986536838115,-0.020216312034220547,-0.015065119588581116,-0.005578751291965754,0.10359253229930525,0.013314518839097057,-0.05487522184382237,0.041149622859150026,-0.016949892731273924,-0.02623129301751235,0.1130541477028385,0.002787149111512966,0.011649366053786463,-0.03776660281789376,0.0729845411534877,0.060006351152240685,0.08412335779097949,-0.04209137267464933,0.03956023209559722,-0.008306749262728074,-0.06912117365932086,0.09906842198689589,0.04840584390197612,-0.05259326086372323,0.028497463588007775,0.04308830636938952,0.022207716376138265,0.013131941506471245,-0.028979603090805123,-0.05261438889248735
FPGS (2356),0.5709374201360499,0.28456842153522166,0.10131249792231724,-0.03874288844911407,-0.011672955185547704,0.067855180549081,-0.04061574532848864,0.14319724989606378,0.014953720845457326,0.0026462906166469812,-0.030863721656593134,0.0398207441267279,0.040750507972778904,0.010326271791077602,0.3433306494820042,0.09838362265472907,0.036027366129807586,0.4372355585909573,0.06935105310807166,0.1492538268170468,0.10691338739432993,0.14923985018539834,0.06591918038669616,-0.1391986920202583,0.05814632855289059,1.0,-0.08304947342017152,0.03271964084469325,0.02119713989424451,-0.011618023861970085,-0.0014519823312302968,0.005475191755191566,0.02528372917958107,0.09161572817754185,0.002744395406499793,0.48259810209238146,-0.06808463251815614,0.04248671553243512,0.306631739663962,0.6077204927577269,0.004565882091708204,-0.13115296966714796,0.08138340245900763,0.07009268677862542,0.3947812399656231,0.11135745079171043,0.016682383307081876,0.006183232133650905,0.05898844246866694,0.062302903261588896,0.4072616865125104,0.3095981395734263,-0.03235243157739852,0.3343359037166734,0.4204611775178353,0.2204285861689365,0.06575921152744897,-0.007008829250469518
GRB2 (2885),-0.12457135533992128,-0.10181756756580605,-0.11037959550536917,0.07248408858780274,-0.15129802785566454,-0.013117341449432314,0.1149871801846947,-0.1250417006552051,0.06311405007049488,0.0802681379461492,0.0334175175685119,-0.03870755882798035,-0.0551822023817924,-0.06192320586929631,-0.0493899561904878,0.02115428433743043,0.028772338664261533,0.003475128087670244,0.03858164031530548,-0.04536848350328063,0.0734775487449278,-0.025061134602352687,-0.05513746215928592,0.07151260602328482,-0.005750692602456804,-0.08304947342017152,1.0,0.09422447335327105,0.04382562455059313,-0.023616393047675675,0.024306593582028517,-0.03638736149447384,0.012595325062493931,0.009858707374212171,0.030365732526795003,-0.06163618751135304,-0.016149447809535766,0.028117012465112043,-0.09470706408337473,-0.0840700712473238,0.05332900811458489,0.09560646545601928,-0.08373761494104472,-0.06771203032350392,-0.1336916565281613,-0.05440370797505088,-0.032706369337722245,0.09143217631156605,-0.034578449937447166,0.10423706049468182,-0.08768488687940981,-0.02191657287129927,0.049326720349719855,0.039557334171873224,-0.08052487429450397,-0.12714129960213447,-0.10725145828599922,-0.02030672954947512
HNF1B (6928),0.022828565236760863,0.009829049466928974,-0.11796702349079188,0.07104984701780914,-0.04005647638631364,-0.05692620901549776,-0.002814843479458245,-0.056278945325932896,0.007461376500160726,-0.020554960556306484,0.1396334730802654,-0.05864034607752596,-0.017308418767093846,0.06749572539350625,-0.037444009784232894,0.044946485069289104,0.23528128271092208,0.08383168397443956,-0.03193900616307548,-0.0476335328110695,0.008328096906797255,0.041217166939569956,0.01720003038622715,0.09429682699856798,0.02784591179927685,0.03271964084469325,0.09422447335327105,1.0,0.05352360393206741,-0.0015072711241950435,0.003152733855109438,0.07578315031073349,0.035446656768158294,-0.028687958095801616,0.029168846963224523,0.015637356368896224,0.01915345833628255,0.027927477365177516,-0.04890779732133316,-7.061712582367872e-05,0.3107573837987879,0.09571350314420649,0.056234544174323275,0.03517321200685955,0.03007452444914718,0.0650109869992864,-0.01317627674209776,-0.010616050609285608,0.01836689774484199,0.11808974078194581,0.048509093931324694,0.04381599471039166,0.08105883308882818,0.06965497453552767,0.0021518381520015187,-0.048862752377786596,-0.006993204967054353,-0.0369934298338585
INTS6 (26512),0.053769636537543804,-0.007977194296072045,-0.023285765090287586,-0.014217265580151496,0.09273880771275572,0.05760173126478774,0.03403369920687497,0.06473411149996612,0.03971190750883577,-0.0721349410381059,-0.06562525185313499,-0.03994204800652423,0.040139604362788836,0.07857990714054516,0.012626467356473494,-0.05020596370178259,-0.05140453909000012,0.078721402363304,0.04218889365636006,0.001192770102704008,-0.0035126188507154953,-0.022882387554597174,0.07850371342990255,0.03449048699167003,0.05305986536838115,0.02119713989424451,0.04382562455059313,0.05352360393206741,1.0,-0.0030554929668208664,0.03991010215555597,0.09553872050014645,-0.054286444484821346,-0.0012975925366511358,0.07698058093856618,0.004298869302464596,0.02335545008935121,0.012226801516335446,0.003958145744864034,0.02032295199815611,-0.026794618900423305,0.039632826683886985,0.11618092842230257,0.10269995954208831,0.029706023705504004,-0.06438800751999998,0.06700124271874143,-0.032859347800436936,0.09028692803072648,-0.023407630533385383,0.04488016770148784,0.024339573354364576,-0.001398357584955967,-0.010859843325464517,0.05050642766310605,0.029082848276967003,0.035209500496992646,-0.022806840690627612
IRF4 (3662),0.018889729273067493,0.005471365582890261,0.1507556992096623,-0.022769312645051578,0.13121324607008908,0.15878080040553308,0.08102898372389096,0.11030635364229793,-0.004892573758506295,0.045668690643574206,0.16023066271917513,-0.015839616927454846,0.004461914033891574,-0.0030470021929685336,-0.02406385450113952,-0.002731508026818972,-0.11881794692917538,-0.028250564116737396,0.008166791405788541,0.04907260300380003,-0.0054349811067827825,0.13684188184464013,-0.0220526923162046,-0.00460881355155419,-0.020216312034220547,-0.011618023861970085,-0.023616393047675675,-0.0015072711241950435,-0.0030554929668208664,1.0,0.030508246085224,0.12340921660804542,0.0872577721606026,-0.008409069610369971,0.05003994093086176,0.056131641238832145,0.03646692841848366,-0.051766609944535795,0.09628555246625504,0.015038519005606153,-0.012593393959915555,-0.041246058828537796,-0.008408999014036632,-0.012442699468959314,0.04341523825431377,-0.026753635076568645,0.015433436999299117,0.01480487712113874,0.1317577846864422,0.11665591569581144,0.022742823356527487,0.01749208988720897,-0.013640794456365448,-0.048774446691592414,0.05826499876340578,0.01669344956976301,0.04998672204738973,0.0045605599374884094
KRAS (3845),0.00017579049301535515,-0.05447717292184995,-0.019649078729896085,0.09729826603458956,0.01699149568408684,0.002714808370222437,0.13832342319671323,-0.07085519894097063,0.05805799161523026,0.03951807916552867,0.11205130887873918,-0.06136589623264339,-0.07224978520732565,0.05904055373930827,0.06962113562807236,-0.07414781593440348,0.17721140986711503,0.02627472360918822,0.017249005550536278,0.014889317246986963,-0.0697353047285583,-0.0686681691455999,0.013016243002660216,0.037469845678228746,-0.015065119588581116,-0.0014519823312302968,0.024306593582028517,0.003152733855109438,0.03991010215555597,0.030508246085224,1.0,0.04054216813059686,0.013454198549835632,-0.03446540166679927,0.09147912082467448,0.003725469793275446,-0.022845279493229436,-0.01775284373654906,-0.02078877542315827,0.001330843309054761,-0.020014621667532418,0.09011142780614133,-0.03442483629546425,0.031043910482583703,-0.006241023193274079,0.008310776355777783,-0.055456033089004125,0.044854041800766686,0.009768656789202157,-0.0031027411484328355,-0.022201433502201082,0.11816163035250647,0.06468592730143753,-0.006132879745829078,0.024747385617960294,0.06742342620311773,-0.003920482647452365,-0.013793907101179838
MDM2 (4193),0.019300574255996746,-0.014659033735139698,0.016361542989029792,-0.014805783879430184,0.14726956442410016,-0.008237465004512059,0.1313347895400738,0.05378911470628826,0.10204402623065391,-0.005806685818186997,-0.0193434496129418,-0.0809898285806662,0.01541480942793278,0.08618729080732672,0.043793508316136875,0.11025582590389549,0.152487828306483,-0.05414363920729805,0.10024519438233812,-0.03528199306199353,0.0799962277296176,0.07125904694531664,0.044522978238201734,-0.03757030258004708,-0.005578751291965754,0.005475191755191566,-0.03638736149447384,0.07578315031073349,0.09553872050014645,0.12340921660804542,0.04054216813059686,1.0,0.034651316641102874,0.00521603190937706,-0.09231489827196886,0.016192681619894223,0.19749719588512177,-0.13078272102788308,0.03989770929538505,0.06723830237805081,0.06425878631694325,-0.008430578821488354,-0.04471390018746923,-0.031505967879431246,0.0630918927122107,0.01916183230895219,0.004443433440882217,0.028190194794720253,0.1855244387171368,0.11858283934022029,-0.01381213446289821,0.011857961873448746,0.08089239930645746,-0.031005194761703544,0.029966604435067597,-0.012841011019810623,0.16514900276485855,0.10520497333950392
MED1 (5469),0.06836412738863454,0.04865802907377863,0.004299949364528841,0.03802422371260629,0.09605867339058817,0.07364439779818835,0.09575360154541177,0.022859230106371992,0.08352167942046931,0.018332862219892096,0.09554285272396176,-0.04346131937325744,-0.05161605926344183,0.07285189446809644,0.004811479785780812,0.0011054823083828983,0.20699892112541327,0.04005402173472596,0.04000305679115949,0.0460878294357256,0.0646839179294431,0.0686169840683743,-0.017192287991852188,-0.06826849457113868,0.10359253229930525,0.02528372917958107,0.012595325062493931,0.035446656768158294,-0.054286444484821346,0.0872577721606026,0.013454198549835632,0.034651316641102874,1.0,-0.01546536090603258,0.10059116481756392,0.06168671591259727,-0.000254430480418842,-0.055514410558902695,0.016111266175974002,-0.00721011485499324,0.07527229793312405,-0.10798238112174624,0.03739508808287393,0.013299361651348427,0.017040612397396643,-0.02228807338441353,0.031245789791723308,0.07865713549723298,0.11621356622230747,0.07090476985704731,0.05264221534960219,0.05854720604285512,0.011450737705889648,0.09123659101748006,0.023729134087864222,0.017106750825442767,-0.12354700449142099,0.0496388580107233
MYB (4602),0.07335114547302629,0.04377719272781153,0.12307847544703086,0.051372810930316544,0.020874939258851245,0.14382613766026914,-0.04037057210734076,0.06180075474517453,0.08391838132602542,0.005249449239040425,-0.007317165187098808,0.059776108526767076,0.03599122882531187,0.02045751243983524,0.11605406427069666,0.005428168140374118,0.32633304488027326,0.07166892286490119,-0.017893427973413877,0.0910864129758424,0.03854597657449934,0.12439230176146127,0.05509213259516034,0.011197453504338947,0.013314518839097057,0.09161572817754185,0.009858707374212171,-0.028687958095801616,-0.0012975925366511358,-0.008409069610369971,-0.03446540166679927,0.00521603190937706,-0.01546536090603258,1.0,0.0220413826955803,0.12939545237337305,-0.02821251509943875,-0.062246045117180925,0.028952490622864566,0.11083158179077013,0.019545646445723156,0.017014118241678363,-0.07839979321816412,-0.01541580734790271,0.06277685085868207,0.05413864788262695,0.011427746003885762,-6.517296186190376e-05,0.016833150979580613,0.011513550980275377,0.06168811797680222,0.04521976047570209,0.004399834532679451,0.08941823456170639,0.16543947695921746,-0.014015531217208053,-0.010451624545563358,-0.05968209684730746
MYC (4609),0.0669467378799322,0.07740890713867116,0.0691979464246003,-0.11448602269633484,0.053925685616562635,0.04101741624040032,0.16769540840024566,0.08359555085800884,0.13618952816677352,0.08645531063904516,-0.017543082972224237,0.016691545742383684,-0.08806077512773282,0.03784132250095345,0.11914521635709381,-0.020165242668943796,-0.13926363631549643,-0.0031518646808558507,0.06169128911297069,0.11155082675534118,0.017161675090063767,-0.09363705550255627,-0.03723948026746327,-0.05292160606203301,-0.05487522184382237,0.002744395406499793,0.030365732526795003,0.029168846963224523,0.07698058093856618,0.05003994093086176,0.09147912082467448,-0.09231489827196886,0.10059116481756392,0.0220413826955803,1.0,-0.05478896742798,0.09248999235901957,0.08284315498078507,-0.06540452512261287,0.040453007746681466,-0.042547542698704775,-0.03483895092280349,0.18781837847228577,0.15812299482980555,-0.01921890219340771,-0.10067069951242656,-0.02807298857675471,0.0234553258901121,-0.0015584306769447184,0.020864813234610265,6.042001221801681e-05,0.09883436231762774,0.08543194356650603,0.06311720157094858,0.0812611525885295,0.06583056150163055,0.05342669461581202,0.03814018387070535
NAMPT (10135),0.48025930502116654,0.26427330912860997,0.09519670340794165,0.005081451575493177,-0.0004075259194842848,0.06895756687386086,-0.012954989966915562,0.09468383894534588,-0.017900307697255993,0.004155087550135998,0.012391949317471953,-0.04995923767580563,0.028237531296825318,0.0013049050526908839,0.21070376900016494,0.05393010429182853,0.13423456774133521,0.28583975139751955,0.0515858159130834,0.10176272524136824,0.07806291848611746,0.1392450495323984,0.05304680749403723,-0.11369952717640934,0.041149622859150026,0.48259810209238146,-0.06163618751135304,0.015637356368896224,0.004298869302464596,0.056131641238832145,0.003725469793275446,0.016192681619894223,0.06168671591259727,0.12939545237337305,-0.05478896742798,1.0,-0.02891500653585395,-0.024065682836469912,0.41193404279781193,0.4515772807964768,-0.019310699293507084,-0.15047986472509722,0.03350476828469967,0.0039563848169359254,0.38516999994016254,0.126517186565562,-0.012811616854947359,-0.01986466859480837,0.028358646988685513,0.04992220260658306,0.3724510394235221,0.33546389361206597,-0.032907734022030115,0.1596969003076361,0.3736741058022497,0.13591625867084836,-0.019276421436239692,-0.0017580847116899683
NCAPD3 (23310),-0.06973437318775044,-0.019234057865175472,0.03206105439292502,-0.11158372024442836,0.09860185418791383,0.009297997738292547,0.045000138982985806,0.15696346507200745,0.082150307602591,-0.07807578317085911,0.027209374653141553,0.0375926321704304,-0.12841944712108422,0.06297529898180342,0.03984702955419405,0.04732708978245339,-0.12452680778562904,-0.08235694833174328,0.06101419964821543,-0.038214157893422245,-0.017924505948976547,-0.03972618479390059,0.014815883458079713,0.09663746212121481,-0.016949892731273924,-0.06808463251815614,-0.016149447809535766,0.01915345833628255,0.02335545008935121,0.03646692841848366,-0.022845279493229436,0.19749719588512177,-0.000254430480418842,-0.02821251509943875,0.09248999235901957,-0.02891500653585395,1.0,0.051428360818615425,-0.06941119949969773,-0.06807024805008967,-0.015022328857594852,0.07060061551322262,0.03890816462448573,0.017191678006488877,-0.013862855626499825,0.008094940639822792,-0.03692182649649873,-0.007403320779067482,0.060518729592820585,-0.012799276742241546,-0.05224222485145938,0.0017522705860969184,0.09608117311143995,-0.01064539607023024,0.009046075677538578,-0.03536940384989476,0.0051030920868008695,0.015185713409547223
NHLRC2 (374354),0.022739238397516494,0.05546847561745562,-0.02838320287317675,-0.06465692378479417,0.04030035104435387,0.051256803881574234,-0.005503457040396531,0.002293984796905859,-0.08836840352028057,-0.02838008215054521,-0.027009603882602522,0.048105796312984166,-0.031041166307088582,-0.007713729086379022,0.0452021889305229,-0.030293352856367733,-0.04268445731589282,0.017121625763509958,-0.013554019121734737,0.010212826036526394,-0.059753647647698534,-0.02114961241925758,-0.01841870162309987,0.13066899846515462,-0.02623129301751235,0.04248671553243512,0.028117012465112043,0.027927477365177516,0.012226801516335446,-0.051766609944535795,-0.01775284373654906,-0.13078272102788308,-0.055514410558902695,-0.062246045117180925,0.08284315498078507,-0.024065682836469912,0.051428360818615425,1.0,-0.04631203381433136,0.021284792907748807,0.027942925396625087,0.09330142371247656,0.09757853086222444,0.09004979808646904,0.06039317611931485,0.011604546735766046,0.04376954485924089,-0.09457812117287061,0.057837689729630146,-0.08927317661322892,0.04419562161448678,0.022308753405269097,-0.005618536836164428,0.047867662588760046,-0.014946126291540712,0.03245648846359336,0.0023775313702527542,-0.05139303808834212
NMNAT1 (64802),0.3004807560333635,0.14087176329422235,0.22607299319643095,-0.0535392832920624,0.0369646045672259,0.013848452787879502,0.019218808319482736,0.1699023542441073,0.034443288362943296,-0.007961377968391204,-0.07161022394000968,0.05013093111128678,0.007396720294809578,-0.015839129458429108,0.12222385722553718,0.018307841550165658,-0.016354725815322515,0.1154659881476297,0.0446017908991909,0.04900785776403152,0.09427894372178267,0.10308638158724408,0.0808314571870552,-0.049968541318500426,0.1130541477028385,0.306631739663962,-0.09470706408337473,-0.04890779732133316,0.003958145744864034,0.09628555246625504,-0.02078877542315827,0.03989770929538505,0.016111266175974002,0.028952490622864566,-0.06540452512261287,0.41193404279781193,-0.06941119949969773,-0.04631203381433136,1.0,0.22429409475985243,-0.07584518157729143,-0.1427683789454778,0.0051808103199910485,-0.009764905426361905,0.26672441102072736,0.1731582033627785,-0.009608983936548422,-0.09551558334049419,0.04787862765260955,0.0745633565575529,0.1824464583990206,0.1506816563068324,-0.04817848892632783,0.07526513892350248,0.29204048739699445,0.15303018173755198,-0.004736974930569023,0.04405039432777581
PAICS (10606),0.7144378464198421,0.32562405700495406,0.157718092061805,-0.048560709343084534,0.03075077867609232,0.08776902986899339,-0.010420857361823549,0.15661373502858444,0.010038162744055487,-0.010810081972490296,-0.06334563799078301,-0.01714015834553043,0.024231631687177728,0.07525232547676461,0.43688607419980274,0.12423185120735467,-0.01582601118197708,0.5144742867148815,0.07094212730450612,0.16540038039026908,0.12266296477532992,0.18127377859435365,0.06294710073019391,-0.23952544772218387,0.002787149111512966,0.6077204927577269,-0.0840700712473238,-7.061712582367872e-05,0.02032295199815611,0.015038519005606153,0.001330843309054761,0.06723830237805081,-0.00721011485499324,0.11083158179077013,0.040453007746681466,0.4515772807964768,-0.06807024805008967,0.021284792907748807,0.22429409475985243,1.0,-0.01414284233879852,-0.1982626499974337,0.16189752358168172,0.1558170497477601,0.5045696329065963,0.14748605273634094,-0.03981077391954681,0.03752011276227889,0.035056162325715304,0.09999205915046623,0.5003955898550159,0.3692442964793234,0.006099135862574209,0.28651990747849493,0.473319576385687,0.29300781726771785,0.08826094522631757,0.01802669657538639
PAX8 (7849),-0.020672224892897564,-0.011962240529438272,-0.07132653034800487,0.09840105051483057,-0.03428513341269173,-0.0372057053492114,-0.012989266796482891,-0.05231405956986018,-0.021135467085162674,0.021239346976118057,0.07913566917740145,-0.020662849601854178,0.0006956967987178184,0.004709524082812982,-0.04377910870863797,0.0023089237425137077,0.3584877808131258,-0.005062457164164863,0.04329781974427369,-0.07105889155855247,-0.007295122408196383,0.05962922020097414,0.003712373126008719,0.15100784504886963,0.011649366053786463,0.004565882091708204,0.05332900811458489,0.3107573837987879,-0.026794618900423305,-0.012593393959915555,-0.020014621667532418,0.06425878631694325,0.07527229793312405,0.019545646445723156,-0.042547542698704775,-0.019310699293507084,-0.015022328857594852,0.027942925396625087,-0.07584518157729143,-0.01414284233879852,1.0,0.039688992300674235,0.033325108683239214,0.016236879446994312,-0.03368465571148547,0.054833911618307196,0.06593378470646824,0.0016511067435391756,0.04078323223041186,-0.018319472032191295,0.005754404186143907,-0.014199385841520095,0.08614245866642342,-0.015218047083897,0.0013590396629618068,-0.057411108521728475,0.02908733723878894,0.004306072272016473
PTK2 (5747),-0.19130217104950412,-0.20000270909283516,-0.14127511443178772,0.08210192855473565,-0.015563586395841662,-0.07860121458151323,0.03942387354078911,-0.13564178303999944,0.02050529906851409,-0.1545202055191127,0.06143674024757843,0.14199597085198748,-0.024730342268481458,-0.04134983732933983,-0.12456569807925204,-0.0884727846549839,0.08331742299097404,-0.14688900544821712,-0.036293584200990395,-0.08050187130813274,-0.10930393111474958,-0.11381085038605684,-0.0025573866908102476,0.5633635394289899,-0.03776660281789376,-0.13115296966714796,0.09560646545601928,0.09571350314420649,0.039632826683886985,-0.041246058828537796,0.09011142780614133,-0.008430578821488354,-0.10798238112174624,0.017014118241678363,-0.03483895092280349,-0.15047986472509722,0.07060061551322262,0.09330142371247656,-0.1427683789454778,-0.1982626499974337,0.039688992300674235,1.0,-0.04667271180446743,-0.01997379716034479,-0.22471851656680783,-0.017815588760532873,0.003962766757688818,-0.0701228871664613,-0.04150566272375269,-0.0781500538550604,-0.1261600539936806,-0.159432380935481,-0.029058181453354263,-0.09799499399908838,-0.11958050564243598,-0.08065079189719086,-0.036929638639288026,-0.09361014248958859
SCAP (22937),0.16410643638433356,0.19474437904839298,0.034247427645332215,-0.06972804665846045,0.07017844236436166,-0.04945382169986402,0.03567114693853711,0.11016453437492522,0.015180642254323386,0.05083813285690906,0.007088309640077696,-0.06456387687638962,-0.14756418713741842,0.08134624805873367,0.1107826643531562,-0.04592876220167478,-0.14567699056329161,0.12029886821343326,0.04037918797235175,0.1563436802820713,-0.01781136108608778,-0.007350510845805129,-0.0024538876288472135,-0.10538592786189933,0.0729845411534877,0.08138340245900763,-0.08373761494104472,0.056234544174323275,0.11618092842230257,-0.008408999014036632,-0.03442483629546425,-0.04471390018746923,0.03739508808287393,-0.07839979321816412,0.18781837847228577,0.03350476828469967,0.03890816462448573,0.09757853086222444,0.0051808103199910485,0.16189752358168172,0.033325108683239214,-0.04667271180446743,1.0,0.6515722400833983,0.09412772986167066,-0.12167513588492021,-0.0659223925010449,0.03188053555891844,0.02172862085163516,-0.05964308101703286,0.14995917639221037,0.059249589304020925,0.047141160466529684,0.11527732486769149,0.10304167266520689,0.09819137729556907,0.05086645096939475,-0.013238326212215688
SCD (6319),0.11026450027193915,0.12801111198041312,0.06135803198398293,-0.0611956285102395,0.09534788794404385,-0.043512317333857894,0.017837918737939263,0.09113223239024446,0.005483410504644957,0.015619637337024012,-0.006413810007187037,-0.07050768791039211,-0.029873852694478953,0.08783671750353166,0.09709007490677361,-0.050766550587772144,-0.07729832708522856,0.10890185008296763,-0.019736434933879138,0.13523714824672592,-0.05167996635168435,0.049475613391817795,-0.014275622204433363,-0.1367003536945083,0.060006351152240685,0.07009268677862542,-0.06771203032350392,0.03517321200685955,0.10269995954208831,-0.012442699468959314,0.031043910482583703,-0.031505967879431246,0.013299361651348427,-0.01541580734790271,0.15812299482980555,0.0039563848169359254,0.017191678006488877,0.09004979808646904,-0.009764905426361905,0.1558170497477601,0.016236879446994312,-0.01997379716034479,0.6515722400833983,1.0,0.060731703447357815,-0.16699285459919516,-0.05253574820337207,0.049562928997048866,0.025255750364630507,-0.013911210567393384,0.1426116869155099,0.06997360309453587,0.047161888394033034,0.018001836936443874,0.09755648053789272,0.023390039396909052,0.11732548179834579,-0.01197745513518602
SDHB (6390),0.5695483078902379,0.2614919623814762,0.16811185904822856,-0.08350640053281126,0.06884623814314676,0.05490628484966226,-0.008845284787244946,0.14642381741844426,-0.0035861816080910987,-0.011434326923490215,-0.08258634689333144,-0.020245159269764272,-0.028940829921219356,0.07642330600241166,0.38766651537839597,0.05033615702203109,0.04740434330542297,0.33865347915958327,0.05777979471394648,0.11620090790196791,0.10372424616909863,0.1372743973341686,0.06977676977021754,-0.20480778039624567,0.08412335779097949,0.3947812399656231,-0.1336916565281613,0.03007452444914718,0.029706023705504004,0.04341523825431377,-0.006241023193274079,0.0630918927122107,0.017040612397396643,0.06277685085868207,-0.01921890219340771,0.38516999994016254,-0.013862855626499825,0.06039317611931485,0.26672441102072736,0.5045696329065963,-0.03368465571148547,-0.22471851656680783,0.09412772986167066,0.060731703447357815,1.0,0.1808189677190501,-0.06620321760063104,-0.046140565572889106,0.11355170213829383,0.0900214867130517,0.36593100007505736,0.3146203216117275,-0.005149305500221541,0.1838615468000967,0.4659012667974366,0.2845570197445882,0.15288070286990127,0.06256423836521124
SEPHS2 (22928),0.22404616941920144,0.12149205389804374,0.0930229076847648,0.04159452749573127,-0.0270975073290637,0.032476826759074366,-0.027647458663869577,0.03621732064290663,0.013679875822945114,0.03820847923014476,-0.020253108155750727,0.11033383486855476,-0.06480718621441431,-0.0780824985315062,0.16383341958651887,0.05390526660649963,-0.04725920509570525,0.1399174496635567,0.036536950274960775,-0.003034161915266203,0.04788211201467359,0.040999967961787655,0.011441680200418592,0.03202442103605663,-0.04209137267464933,0.11135745079171043,-0.05440370797505088,0.0650109869992864,-0.06438800751999998,-0.026753635076568645,0.008310776355777783,0.01916183230895219,-0.02228807338441353,0.05413864788262695,-0.10067069951242656,0.126517186565562,0.008094940639822792,0.011604546735766046,0.1731582033627785,0.14748605273634094,0.054833911618307196,-0.017815588760532873,-0.12167513588492021,-0.16699285459919516,0.1808189677190501,1.0,-0.050226805783072544,-0.06746594808266072,-0.014088397402315314,-0.023018394769583686,0.1194996430136471,0.1316321206295323,-0.07033951224361469,0.0765503936468349,0.17587504895855366,0.1169655380548342,0.043852838824392754,0.0026282962022370704
SKP2 (6502),-0.03901352907146526,-0.0039361294989955,-0.041079237194984373,-0.01896751023775099,0.04583938821186975,0.06702647755169665,-0.21898449774589063,-0.01149522820545357,-0.08407745848097517,-0.07337699227694608,-0.058433127548150735,-0.05361175745781239,0.5942787222555732,-0.07035445896289311,-0.12631186731886013,-0.03242095778075888,0.21234509893765485,-0.06666792876779414,-0.08822879105985422,-0.05292566509092435,-0.04224749872950651,0.07280235581614757,-0.07163200273340822,0.008907311583712978,0.03956023209559722,0.016682383307081876,-0.032706369337722245,-0.01317627674209776,0.06700124271874143,0.015433436999299117,-0.055456033089004125,0.004443433440882217,0.031245789791723308,0.011427746003885762,-0.02807298857675471,-0.012811616854947359,-0.03692182649649873,0.04376954485924089,-0.009608983936548422,-0.03981077391954681,0.06593378470646824,0.003962766757688818,-0.0659223925010449,-0.05253574820337207,-0.06620321760063104,-0.050226805783072544,1.0,-0.02010928332120576,0.03035400474363774,-0.042975084913504984,0.006731600214603744,-0.05468433104893945,-0.06611903110376055,-0.07700546047758546,-0.0671660192095467,-0.06189079837673163,-0.0901158033524649,0.011209629453299362
SNAP23 (8773),-0.006964276473749361,-0.0012933662184783155,-0.06397797148902676,0.10831380449780562,-0.019020748085685515,0.028988319272533473,-0.006448870735047092,-0.019253351212610337,0.07114599690251737,0.07586372850486224,0.1144098971388543,-0.1442633871058234,-0.051442992138842625,0.1227917210401429,0.09044404038883663,-0.061358536777236544,0.09110563421803565,-0.018598330316295552,0.0099044749252358,0.14957003027710555,0.029263780697141646,-0.09066325805296294,-0.04928035146420258,-0.15181000822618163,-0.008306749262728074,0.006183232133650905,0.09143217631156605,-0.010616050609285608,-0.032859347800436936,0.01480487712113874,0.044854041800766686,0.028190194794720253,0.07865713549723298,-6.517296186190376e-05,0.0234553258901121,-0.01986466859480837,-0.007403320779067482,-0.09457812117287061,-0.09551558334049419,0.03752011276227889,0.0016511067435391756,-0.0701228871664613,0.03188053555891844,0.049562928997048866,-0.046140565572889106,-0.06746594808266072,-0.02010928332120576,1.0,-0.03632046166009792,0.0668052334119835,0.02212462795457195,0.07016243801227394,0.04535523065974565,0.01405266149330713,-0.002438266601085151,0.05976617052732053,-0.07027769723830014,-0.001865858908543859
SOX10 (6663),0.0598910963818112,0.08547777376021962,0.04701012284308979,-0.07756901082275637,0.319726421942776,0.10787283117942659,0.11469457118637556,0.07551739928022068,0.011987105370617552,0.010746318084538154,-0.02609355286633698,0.019020292624029746,-0.030489782284594116,0.01894171968737247,0.0164181264247727,0.005665043872290686,-0.16472412082444632,0.009024862912207056,-0.017919969104200673,-0.0059731186820979505,-0.011654755946589799,0.043126776924453304,0.0008482779838871278,0.030374416993853383,-0.06912117365932086,0.05898844246866694,-0.034578449937447166,0.01836689774484199,0.09028692803072648,0.1317577846864422,0.009768656789202157,0.1855244387171368,0.11621356622230747,0.016833150979580613,-0.0015584306769447184,0.028358646988685513,0.060518729592820585,0.057837689729630146,0.04787862765260955,0.035056162325715304,0.04078323223041186,-0.04150566272375269,0.02172862085163516,0.025255750364630507,0.11355170213829383,-0.014088397402315314,0.03035400474363774,-0.03632046166009792,1.0,0.02621645508631634,0.07419344360352138,0.03524812526346531,-0.07186829554557213,-0.032950205080516826,0.028668280343925365,0.023598361424958834,-0.0741781390892921,0.03407436675223315
SUMO2 (6613),0.09020590170542386,-0.009402068589556303,-0.0807728158313236,-0.08210188616742622,0.049740024147455306,0.017659847418765032,0.1140462166606693,0.029144250523535725,0.07099339314450977,-0.06373025715322808,0.04411789542300665,-0.122883056330166,-0.028625325512909763,0.06502123995241194,0.039004647865325995,0.04267908659379116,0.3768347988242915,0.10564609072967585,0.07307020818448287,0.1026106097952727,0.1632943172156456,0.053038141093704395,-0.008953627297908922,-0.15097834667341298,0.09906842198689589,0.062302903261588896,0.10423706049468182,0.11808974078194581,-0.023407630533385383,0.11665591569581144,-0.0031027411484328355,0.11858283934022029,0.07090476985704731,0.011513550980275377,0.020864813234610265,0.04992220260658306,-0.012799276742241546,-0.08927317661322892,0.0745633565575529,0.09999205915046623,-0.018319472032191295,-0.0781500538550604,-0.05964308101703286,-0.013911210567393384,0.0900214867130517,-0.023018394769583686,-0.042975084913504984,0.0668052334119835,0.02621645508631634,1.0,0.08135364938113832,0.07751918063036388,0.06910510372423946,0.08631358326179306,0.09234879937756608,0.027782938588240495,0.027189340772919086,0.07007923500368739
TFRC (7037),0.5157919782242096,0.5389737626557806,0.06727900669435359,-0.04070763995042527,0.0600063481976,0.11185797759084375,-0.030013710178191242,0.02424256657784181,-0.02813163202348517,0.020173155715577762,0.003279501784631942,-0.03172169213578198,0.07192191018765076,0.05068550650173782,0.30035220846134447,0.045977097470298905,0.032494005396086906,0.36870691776931536,0.0046515345599950405,0.27397587688336383,0.06897201480378949,0.06577755595456915,0.03938746158081558,-0.15112102609351852,0.04840584390197612,0.4072616865125104,-0.08768488687940981,0.048509093931324694,0.04488016770148784,0.022742823356527487,-0.022201433502201082,-0.01381213446289821,0.05264221534960219,0.06168811797680222,6.042001221801681e-05,0.3724510394235221,-0.05224222485145938,0.04419562161448678,0.1824464583990206,0.5003955898550159,0.005754404186143907,-0.1261600539936806,0.14995917639221037,0.1426116869155099,0.36593100007505736,0.1194996430136471,0.006731600214603744,0.02212462795457195,0.07419344360352138,0.08135364938113832,1.0,0.42185836239084046,-0.008607660218571263,0.23587005678110837,0.29837476155594195,0.21184250665296991,-0.005984221921502751,-0.05611771370412157
TRPM7 (54822),0.43023681026348265,0.29173132841938465,0.10880074895313833,0.0031517509162736863,0.030308007116351163,0.07548954120009525,0.06035785617074754,0.019781037055277593,0.034365796897463205,0.10885947877537136,0.07523072223480122,0.022314884298144138,-0.041016203665468584,-0.0007992968280915285,0.32639522670479143,0.018344382540866747,-0.01892120025946666,0.297280724402558,0.01812917681270128,0.14561689671208186,-0.006760015568668454,0.018107654033726706,0.04585356013964017,-0.15095350381130845,-0.05259326086372323,0.3095981395734263,-0.02191657287129927,0.04381599471039166,0.024339573354364576,0.01749208988720897,0.11816163035250647,0.011857961873448746,0.05854720604285512,0.04521976047570209,0.09883436231762774,0.33546389361206597,0.0017522705860969184,0.022308753405269097,0.1506816563068324,0.3692442964793234,-0.014199385841520095,-0.159432380935481,0.059249589304020925,0.06997360309453587,0.3146203216117275,0.1316321206295323,-0.05468433104893945,0.07016243801227394,0.03524812526346531,0.07751918063036388,0.42185836239084046,1.0,0.08572076335888813,0.19435076693718575,0.33989137838053846,0.21629286884153787,0.05723714368672339,-0.04328515683607087
TUBB4B (10383),0.012024109094255189,-0.010426879046760063,-0.03113831894056281,0.010586267151086971,-0.014046703061877167,-0.02861790582680379,0.008122354750050732,-0.032944962280026954,0.04800872723061779,0.10694568901077814,0.09103312322531303,-0.07272640308718457,-0.06640860304530437,0.02107107599797473,0.09144685396321947,0.00994339512169211,-0.024895979745282553,0.038093269767737664,0.04869332014269391,-0.03114002712626612,0.03634278764188176,-0.08831112522002983,0.005918220041449692,-0.09052131933879982,0.028497463588007775,-0.03235243157739852,0.049326720349719855,0.08105883308882818,-0.001398357584955967,-0.013640794456365448,0.06468592730143753,0.08089239930645746,0.011450737705889648,0.004399834532679451,0.08543194356650603,-0.032907734022030115,0.09608117311143995,-0.005618536836164428,-0.04817848892632783,0.006099135862574209,0.08614245866642342,-0.029058181453354263,0.047141160466529684,0.047161888394033034,-0.005149305500221541,-0.07033951224361469,-0.06611903110376055,0.04535523065974565,-0.07186829554557213,0.06910510372423946,-0.008607660218571263,0.08572076335888813,1.0,0.05858811730701326,0.046782671400019286,0.06282444925426788,0.03199795920224131,0.041390186913299924
TYMS (7298),0.29323324802627543,0.16104326693508378,0.014594400633532,0.00924503846838583,-0.026127304384025902,0.07771142397277081,0.032421252634741174,0.07986287041124235,0.12052932042726212,0.0684567368519834,0.06420518467725193,0.022562341553983765,-0.09149831749689898,0.07917130480030518,0.4029953917558996,0.06411412627389822,0.20645385400845553,0.5761484303755812,0.08468016150239425,0.12785202479216076,0.13963135358511092,0.042886258919884825,0.006182153000950772,-0.10373299236365663,0.04308830636938952,0.3343359037166734,0.039557334171873224,0.06965497453552767,-0.010859843325464517,-0.048774446691592414,-0.006132879745829078,-0.031005194761703544,0.09123659101748006,0.08941823456170639,0.06311720157094858,0.1596969003076361,-0.01064539607023024,0.047867662588760046,0.07526513892350248,0.28651990747849493,-0.015218047083897,-0.09799499399908838,0.11527732486769149,0.018001836936443874,0.1838615468000967,0.0765503936468349,-0.07700546047758546,0.01405266149330713,-0.032950205080516826,0.08631358326179306,0.23587005678110837,0.19435076693718575,0.05858811730701326,1.0,0.32175657131910895,0.1254415157727724,0.019153602154618237,0.039618881541322606
UMPS (7372),0.5039078929592365,0.23814101447020644,0.187609157357126,-0.028956736866420533,0.08380267905572768,0.09451499350121711,-0.007989524707682636,0.12102786971466227,0.08483485669858554,0.04565409523620617,0.008468323567048203,0.04081957835357909,-0.0608521946836353,0.0858742172192134,0.5253326042652826,0.05919873975818593,0.08952704406514551,0.39154568982609866,0.023827444369940644,0.14024985828268904,0.11536492623219376,0.07099801298441206,0.0457962877954254,-0.13081553698905793,0.022207716376138265,0.4204611775178353,-0.08052487429450397,0.0021518381520015187,0.05050642766310605,0.05826499876340578,0.024747385617960294,0.029966604435067597,0.023729134087864222,0.16543947695921746,0.0812611525885295,0.3736741058022497,0.009046075677538578,-0.014946126291540712,0.29204048739699445,0.473319576385687,0.0013590396629618068,-0.11958050564243598,0.10304167266520689,0.09755648053789272,0.4659012667974366,0.17587504895855366,-0.0671660192095467,-0.002438266601085151,0.028668280343925365,0.09234879937756608,0.29837476155594195,0.33989137838053846,0.046782671400019286,0.32175657131910895,1.0,0.21152977923188424,0.1640862224352923,0.050990292940820456
UROD (7389),0.33088890813777094,0.18470345129875326,0.08599846976027407,-0.05496252541948529,0.02018724444309282,0.07162939968446803,-0.02889886952188088,0.04338667007357929,0.029772668615864254,0.07387652113533553,-0.023833758389163715,-0.03079019005687048,-0.08651533998217782,0.05598261362292668,0.2481641318216665,-0.015830281123681945,0.06031649950898279,0.16038286571646165,0.04968385389133496,0.17793822695692593,0.05771980078652202,0.0655819489132328,0.0696450335413876,-0.08830729500748784,0.013131941506471245,0.2204285861689365,-0.12714129960213447,-0.048862752377786596,0.029082848276967003,0.01669344956976301,0.06742342620311773,-0.012841011019810623,0.017106750825442767,-0.014015531217208053,0.06583056150163055,0.13591625867084836,-0.03536940384989476,0.03245648846359336,0.15303018173755198,0.29300781726771785,-0.057411108521728475,-0.08065079189719086,0.09819137729556907,0.023390039396909052,0.2845570197445882,0.1169655380548342,-0.06189079837673163,0.05976617052732053,0.023598361424958834,0.027782938588240495,0.21184250665296991,0.21629286884153787,0.06282444925426788,0.1254415157727724,0.21152977923188424,1.0,0.017488971907739036,0.01810182552847484
WDR36 (134430),0.10852265811714765,-0.02788609739043172,0.0590835752290761,-0.19235902765177756,0.07316017714769484,0.039328729501757476,-0.04022037762558641,0.17766237124378115,0.037590727735848095,-0.03199369142824976,-0.083056851055875,-0.04715397675076396,-0.0595167255771218,0.021359858619059917,0.1127290300035107,0.19463052983414258,0.1611069173474736,0.12268519209890882,0.06744833214604144,-0.0796552214840889,-0.061447886364864826,0.07471736526572993,0.04416971960594094,-0.04497307758873487,-0.028979603090805123,0.06575921152744897,-0.10725145828599922,-0.006993204967054353,0.035209500496992646,0.04998672204738973,-0.003920482647452365,0.16514900276485855,-0.12354700449142099,-0.010451624545563358,0.05342669461581202,-0.019276421436239692,0.0051030920868008695,0.0023775313702527542,-0.004736974930569023,0.08826094522631757,0.02908733723878894,-0.036929638639288026,0.05086645096939475,0.11732548179834579,0.15288070286990127,0.043852838824392754,-0.0901158033524649,-0.07027769723830014,-0.0741781390892921,0.027189340772919086,-0.005984221921502751,0.05723714368672339,0.03199795920224131,0.019153602154618237,0.1640862224352923,0.017488971907739036,1.0,0.15724715558729704
ZER1 (10444),0.020480724962805574,0.0011539313251510272,0.02668996103437824,0.03446995615717889,0.0033624242560286576,-0.09756240907955335,0.001414312793994816,0.02579966341760679,0.03849600934464544,-0.021626725063838892,-0.048112475381667234,-0.10623129964774662,-0.05920255862774291,-0.024884847819815207,0.06749659804818585,0.133582910026903,0.08739947166201605,0.033315412503520596,0.07597864292360884,-0.017708258650188834,0.10485425242717249,0.009141410683539674,-0.04740616517176379,-0.09437374730744055,-0.05261438889248735,-0.007008829250469518,-0.02030672954947512,-0.0369934298338585,-0.022806840690627612,0.0045605599374884094,-0.013793907101179838,0.10520497333950392,0.0496388580107233,-0.05968209684730746,0.03814018387070535,-0.0017580847116899683,0.015185713409547223,-0.05139303808834212,0.04405039432777581,0.01802669657538639,0.004306072272016473,-0.09361014248958859,-0.013238326212215688,-0.01197745513518602,0.06256423836521124,0.0026282962022370704,0.011209629453299362,-0.001865858908543859,0.03407436675223315,0.07007923500368739,-0.05611771370412157,-0.04328515683607087,0.041390186913299924,0.039618881541322606,0.050990292940820456,0.01810182552847484,0.15724715558729704,1.0
