Gene,Lineage,Chronos_median,Selectivity,n_target,p_value,q_value,confidence,sel_ci_high,coverage,q_value_22,Selectivity_22,median_diff_vs_suspension,q_value_disc,candidate_disc,q_value_S,Selectivity_S,selectivity_without_suspension,tier,ev_threshold,ev_one_model,ev_release,ev_culture,ev_independent,n_pass,n_fail
KRAS (3845),pancreas,-2.086661855015164,-1.583870584342049,48,4.0941022584969084e-22,3.187197196705966e-18,High,-1.3639993754879416,1.0,2.4771694402161248e-17,-1.0190630568626546,,5.381075368454397e-08,True,1.687335837631147e-06,-0.9075659555254312,-1.5820115219207203,high,pass,pass,pass,pass,pass,5,0
SOX10 (6663),skin,-1.6701787416292415,-1.3748090555286852,75,5.6936027107657126e-30,1.5643709316319217e-25,High,-1.1266097438636542,1.0,3.767773770736069e-24,-0.9404578240209868,,4.646380622276572e-23,True,,,-1.3653462684162683,high,pass,pass,pass,pass,uninformative,4,0
HNF1B (6928),kidney,-1.4251331032839876,-1.2651783317432932,34,9.36384620401341e-11,1.0615942444851526e-07,High,-0.6778479788938805,1.0,1.1184761026279652e-07,-0.7109896432018135,,3.858182434277223e-06,True,,,-1.2622497586610295,high,pass,pass,pass,pass,uninformative,4,0
FOXA1 (3169),prostate,-1.3638405209513935,-1.2412448075016358,5,0.000775972634077,0.0413648059153754,Low,-0.0340679715719917,1.0,,,,,False,,,-1.2384923174641684,low,fail,pass,uninformative,pass,uninformative,2,1
MDM2 (4193),eye,-1.5542719124981803,-1.1342943128720693,10,9.157334203188714e-06,0.0018629450660217,High,-0.7722021415362592,1.0,0.0030420945164687,-1.0949363443994689,,0.0048004267801007,True,,,-1.1253458043132416,high,pass,pass,pass,pass,uninformative,4,0
CTNNB1 (1499),bowel,-1.2553392074922876,-1.1223739280180098,63,1.5004256400383463e-25,2.002386607517575e-21,High,-0.8164514005408364,1.0,2.613246720294237e-20,-0.7666699898132747,,5.553379665705373e-07,False,2.9489327171461284e-10,-0.7986913477094655,-1.1137574596596436,medium,pass,pass,pass,pass,fail,4,1
CFLAR (8837),kidney,-1.630766279564239,-1.0743909130875164,34,8.314305352363951e-10,7.369140799508597e-07,High,-0.6449981322261785,1.0,1.2384632590372627e-05,-0.7224613484668494,,9.793822586424351e-06,True,,,-1.0724698684329477,high,pass,pass,pass,pass,uninformative,4,0
MYB (4602),myeloid,-1.3570144771700254,-1.063899622774478,43,1.451025833157161e-25,1.993415021868269e-21,High,-0.9912270020046864,1.0,4.369447327338837e-18,-0.9372704827663696,-1.033011407986264,2.0940942915218592e-19,True,,,-1.072872853944649,high,pass,pass,pass,pass,uninformative,4,0
CBFB (865),myeloid,-1.208843719162287,-1.063076876712126,43,5.78475212528565e-21,3.7527856318774996e-17,High,-0.8512741288732499,1.0,2.4110500018358272e-14,-0.6827485686328766,-0.9960517864762388,8.378020895432347e-15,True,,,-1.0828068823829655,high,pass,pass,pass,pass,uninformative,4,0
TUBB4B (10383),ampulla of vater,-1.3710583488157466,-1.0478971163140067,5,0.0010434897053429,0.0498215935764428,Low,-0.1196608610778677,1.0,0.0293841928206972,-0.8429201837192277,,0.078365059847394,False,,,-1.0314807499221188,low,fail,fail,pass,pass,uninformative,2,2
PAX8 (7849),kidney,-1.1190029025468429,-1.0132545588480053,34,4.6472661119591815e-14,1.0693084608379931e-10,High,-0.4424338935593439,1.0,1.19188149148158e-08,-0.6766026643933262,,5.721501713873427e-09,False,,,-1.0126405433513919,medium,fail,pass,pass,pass,uninformative,3,1
BRAF (673),skin,-1.0898671114084904,-1.0044395534041146,75,2.6377209179814764e-24,2.865245816978804e-20,High,-0.6934279565962019,1.0,6.968847920602424e-21,-0.7906790781057431,,2.8236207734833984e-17,True,,,-1.0044248713369466,high,pass,pass,pass,pass,uninformative,4,0
ZER1 (10444),cervix,-1.1016190651387714,-0.9874561271339009,18,6.6359299912233e-10,5.995325291161477e-07,High,-0.704137304957687,1.0,7.677321223761983e-07,-0.7869138302595511,,1.0148473838586191e-06,True,,,-0.9882905978980335,high,pass,pass,pass,pass,uninformative,4,0
NMNAT1 (64802),lymphoid,-1.2002248251870522,-0.9559186044967136,94,1.426462596536334e-40,1.7880743094468567e-35,High,-0.8722832816809946,1.0,2.2705267464166592e-32,-0.7726692844989298,-0.7924728137867726,1.9856140600674626e-29,True,0.0001573262879817,-0.6139955932501796,-0.9639799440870451,high,pass,pass,pass,pass,pass,5,0
IRF4 (3662),lymphoid,-1.041153941289623,-0.9443862012758956,94,5.528624045549506e-29,1.2911852670298823e-24,High,-0.4185608110422276,1.0,1.3690484463304852e-19,-0.8966489297250768,-0.9445913701184904,4.604233561224322e-20,False,0.0002557708172833,-1.015325954131146,-0.9432738793226465,low,fail,pass,pass,pass,fail,3,2
CCND1 (595),peripheral nervous system,-1.978953338506378,-0.932400838571928,47,9.70708872749663e-08,4.6888250060135754e-05,High,-0.6910590319353629,1.0,3.5158347529002495e-05,-0.5949236346918784,,0.0355449494842596,True,0.0074065040320842,-0.6187715502525587,-0.770105796637861,high,pass,pass,pass,pass,pass,5,0
FERMT2 (10979),kidney,-1.4029053638477562,-0.9199615822261475,34,3.494829494744146e-09,2.591116513538949e-06,High,-0.4455358349683622,1.0,2.1823442463126526e-06,-0.6362754977747821,,6.865279651483914e-05,True,,,-0.8094174294517624,medium,fail,pass,pass,pass,uninformative,3,1
SKP2 (6502),cervix,-1.5696851202225768,-0.9099641471038163,18,1.5079191204294227e-06,0.0004526577441391,High,-0.3776306398983961,1.0,0.0004640970632368,-0.6452306094549849,,0.0007889333361257,True,,,-0.8991478476896867,medium,fail,pass,pass,pass,uninformative,3,1
MDM2 (4193),kidney,-1.2859853985398908,-0.8699146745429291,34,3.905863027285424e-09,2.850614792621525e-06,High,-0.3640754126948947,1.0,6.786789593142988e-05,-0.7191060628969609,,2.480308591831672e-05,True,,,-0.8633316194200893,medium,fail,pass,pass,pass,uninformative,3,1
MDM2 (4193),pleura,-1.278358846210356,-0.859724945439347,21,3.5397870374458765e-05,0.0051300113779324,High,-0.186825387565905,1.0,0.0156289546503257,-0.8060899645504275,,0.0347893031573204,True,,,-0.850555099680339,medium,fail,pass,pass,pass,uninformative,3,1
NHLRC2 (374354),thyroid,-1.6126060184342133,-0.8385685386803599,11,0.0002547311463152,0.0201086067033159,High,-0.4611772746409619,1.0,0.0245935999405644,-0.46499715187244,,0.0411459528511413,True,,,-0.829496114341641,medium,fail,pass,pass,pass,uninformative,3,1
MDM2 (4193),skin,-1.2300204519399376,-0.8153544382751436,75,2.0756362380969508e-10,2.130793419975699e-07,High,-0.3025941633086956,1.0,2.2869580791516513e-08,-0.8061809148887866,,1.8960437407375773e-05,True,,,-0.8114075168145537,medium,fail,pass,pass,pass,uninformative,3,1
ATP1B3 (483),lymphoid,-1.1103195605895275,-0.8129261134633042,94,2.108599869413437e-41,4.924540108020959e-36,High,-0.7088831852765213,1.0,2.224030760506213e-29,-0.6181453609228126,-0.6818914372162184,1.2959253811867118e-29,True,0.0002359813905628,-0.7683691542881097,-0.8205412491305067,high,pass,pass,pass,pass,pass,5,0
UMPS (7372),myeloid,-1.249419439106089,-0.8073332022272073,43,1.1195541034366264e-10,1.233334070113956e-07,High,-0.4754491883069735,1.0,3.343800511850765e-09,-0.6628829526159881,-0.7743994149871708,2.50265689311839e-07,True,,,-0.8322255705482856,medium,fail,pass,pass,pass,uninformative,3,1
DCAF7 (10238),myeloid,-1.4374075982920962,-0.7922003368754144,7,0.000844888389828,0.0436684300205172,Low,-0.3271779690315874,0.0620805369127516,,,,0.0974531563189245,False,,,-0.8447951576685384,low,fail,pass,uninformative,uninformative,uninformative,1,1
NAMPT (10135),lymphoid,-1.0821222738134473,-0.7852192017044958,94,1.7931374671564668e-32,8.375583726715813e-28,High,-0.7287101235189486,1.0,7.817937676881216e-26,-0.6851209488743868,-0.4595398417515101,9.704471594312507e-25,True,0.000603029600905,-0.8320289078006696,-0.7995231952144938,medium,pass,pass,pass,fail,pass,4,1
SNAP23 (8773),bowel,-1.5225916153772128,-0.780379898160437,63,3.874288346609299e-11,4.971552796994737e-08,High,-0.6161600962252058,1.0,0.0001563760972286,-0.4545396765329492,,0.0107206988856456,True,0.000584153068916,-0.7623168675934182,-0.7963184334088669,high,pass,pass,pass,pass,pass,5,0
UMPS (7372),lymphoid,-1.1960635143014913,-0.7717732730149428,94,7.866237070193036e-29,1.7496421615969217e-24,High,-0.6917674466057018,1.0,2.1680829836924123e-20,-0.5122650206563689,-0.721043490182573,6.382986803894618e-21,True,0.0006392864234005,-0.4515675055507923,-0.7864619692219967,high,pass,pass,pass,pass,pass,5,0
SEPHS2 (22928),kidney,-1.4619314453374057,-0.7626036972388782,34,4.9051453812513184e-05,0.0064358125316687,High,-0.2390371319950871,1.0,0.0177926761367088,-0.4711053129434181,,0.0146069957419781,True,,,-0.824318745705738,medium,fail,pass,pass,pass,uninformative,3,1
SEPHS2 (22928),lymphoid,-1.4143304076646557,-0.7493405804758555,94,1.2556043312087588e-22,1.0663299684884189e-18,High,-0.6666177584605667,1.0,3.704544350800455e-16,-0.5006365584712839,-0.4845765637944574,1.7707876456130753e-12,True,0.0005040636236971,-0.6683619823193591,-0.77309606094219,medium,pass,pass,pass,fail,pass,4,1
FERMT2 (10979),skin,-1.2113973413560108,-0.7414481496365699,75,2.2636027534785676e-15,6.567133377174271e-12,High,-0.5977436026047905,1.0,3.8466289879341705e-11,-0.5911312482859873,,1.8958044124790454e-09,True,,,-0.6381595903457972,high,pass,pass,pass,pass,uninformative,4,0
TFRC (7037),lymphoid,-1.575504219990485,-0.7402023761528429,94,4.317921006497663e-26,6.722873469486667e-22,High,-0.5978451340904132,1.0,4.8212636384525415e-21,-0.5822487760637185,-0.673275388547977,1.77743939206016e-18,True,0.0031141322238658,-0.5093730207647554,-0.7761335756286625,high,pass,pass,pass,pass,pass,5,0
NAMPT (10135),myeloid,-1.0479116141794094,-0.7376020024692531,43,2.1603924576096427e-14,5.2832454105620186e-11,High,-0.6432621992866175,1.0,3.882020122024361e-09,-0.6762517092559927,-0.4253291821174721,1.4729503956247996e-10,True,,,-0.7640925562537549,medium,pass,pass,pass,fail,uninformative,3,1
SDHB (6390),lymphoid,-1.1289768624225154,-0.7315352899151317,94,1.2055571578380334e-29,3.1283605467318044e-25,High,-0.5744135085334444,1.0,1.4109656439206542e-21,-0.5208006618342904,-0.586529726825697,8.47056953597791e-22,True,0.000522195081717,-0.595261698989549,-0.7585993381851116,high,pass,pass,pass,pass,pass,5,0
ADSL (158),myeloid,-1.6947828256996136,-0.7307210177611276,43,8.294374774832255e-11,9.685569519877933e-08,High,-0.5381750748842614,1.0,1.4336335583306084e-08,-0.5069260468217888,-0.5084031144778887,8.340981389182286e-08,True,,,-0.8011424948958573,high,pass,pass,pass,pass,uninformative,4,0
CCND1 (595),skin,-1.770606629336156,-0.7259100900139328,75,3.0234337415012426e-07,0.0001212204883906,High,-0.3794946059674365,1.0,0.0001696131653046,-0.4271485799384551,,7.587343566215078e-06,True,,,-0.5607301556030795,medium,fail,pass,pass,pass,uninformative,3,1
SUMO2 (6613),lymphoid,-1.5146161362056063,-0.7216669481620047,10,0.0004035256005726,0.0273600197847404,High,-0.3953221815802298,0.2642617449664429,0.0045916833036418,-0.1074031758914266,,,False,0.0081881049607266,-0.4141008035189708,-0.7254931543108373,low,fail,pass,pass,uninformative,uninformative,2,1
CDAN1 (146059),lymphoid,-1.6344295818212804,-0.7159948179306301,94,5.823337460443908e-17,2.1417547383749654e-13,High,-0.5818918334160008,1.0,1.2383281487695601e-12,-0.4376479090592925,-0.4298591836647585,3.1883402280558306e-10,True,0.001522912450721,-0.539108158156004,-0.7505522707815774,medium,pass,pass,pass,fail,pass,4,1
EP300 (2033),lymphoid,-1.0049411450219972,-0.7146638728946605,94,6.0406701257531233e-33,3.52692831213519e-28,High,-0.5410985577939629,1.0,2.7033432836897647e-25,-0.6468767955843813,-0.576014333987656,3.878531753844611e-23,False,0.0001501210958811,-0.5553892515318426,-0.7263489324389152,medium,pass,pass,pass,pass,fail,4,1
BCL2L1 (598),bowel,-1.6738544499430907,-0.7122566945408031,63,1.2156148861829967e-10,1.326641992528276e-07,High,-0.4925378929892742,1.0,1.0407387703849468e-07,-0.5545841813652953,,0.0007332056847541,True,0.0015716712814533,-0.4931080971911801,-0.6907123574774108,medium,fail,pass,pass,pass,pass,4,1
KRAS (3845),bowel,-1.211311977116099,-0.7085547354966818,63,3.3773919487065346e-14,7.871437230639302e-11,High,-0.5136514845713118,1.0,2.303269143513617e-09,-0.5741750753478607,,2.5614143129551956e-06,True,0.0005459949613083,-0.7388194911294765,-0.7068140094748493,high,pass,pass,pass,pass,pass,5,0
SOX10 (6663),eye,-1.0119617665891842,-0.7065522105361061,10,5.972687055368024e-05,0.0074594281644072,High,-0.081084273042486,1.0,0.1150657092636647,-0.0877204135783239,,0.0185171785654315,True,,,-0.694880903531901,low,fail,fail,fail,pass,uninformative,1,3
ADSL (158),lymphoid,-1.6240215654565886,-0.701940676505588,94,7.750355650736774e-23,6.830417681619416e-19,High,-0.5377239584877787,1.0,2.292023271808776e-15,-0.4313976455763251,-0.4376418542348637,3.378434072471001e-17,True,0.0025433072428985,-0.5655240926018783,-0.7400333291868505,medium,pass,pass,pass,fail,pass,4,1
SNAP23 (8773),pleura,-1.4468771340480808,-0.6881620637483166,21,4.560901648013683e-05,0.0061217129645757,High,-0.4036012834856441,1.0,0.002866966166354,-0.6373950424054348,,0.0088806505208842,True,,,-0.7014886620371761,medium,fail,pass,pass,pass,uninformative,3,1
SCAP (22937),bowel,-1.6568576283420708,-0.6859026146933238,63,5.4498716728589345e-08,2.8537959748288704e-05,High,-0.3647592205178758,1.0,1.5418615581243397e-06,-0.4982064461366408,,0.0183241562045171,True,0.0068273711531018,-0.5275865226078571,-0.7082557415859232,medium,fail,pass,pass,pass,pass,4,1
WDR36 (134430),myeloid,-2.4314618936510652,-0.6764773540686089,10,5.756471953078053e-06,0.0013122480434529,High,-0.4394183769208078,0.3196308724832215,0.1057861149510532,-0.0909825897971506,,0.427607454094125,False,,,-0.6854512593382545,low,fail,pass,fail,uninformative,uninformative,1,2
FAM50A (9130),bowel,-1.137284631353363,-0.6723645529129287,63,7.200443689572845e-05,0.0084802381326431,High,-0.3435800696406638,1.0,0.003819855248158,-0.5012325238128783,,0.6617365101422062,False,0.0024569614981901,-0.4575487738729497,-0.7046353497966003,low,fail,pass,pass,pass,fail,3,2
FPGS (2356),lymphoid,-1.0848762096762636,-0.6693869314954697,94,2.62223500884943e-28,5.5673744205385874e-24,High,-0.5317305548437105,1.0,1.7477168088613637e-22,-0.4840016476476991,-0.4216744548314787,1.1277304916657191e-19,True,0.0001654303785453,-0.7703049738646378,-0.6833950316113085,medium,pass,pass,pass,fail,pass,4,1
PAICS (10606),lymphoid,-1.0981088306593074,-0.666286640292447,94,2.6642880905027486e-31,1.0370541570675161e-26,High,-0.5700772057451743,1.0,1.0780094779056322e-23,-0.560926212875553,-0.4925197507548559,7.907943904971515e-24,True,0.0002948089535968,-0.6265301413457973,-0.6861349236785185,medium,pass,pass,pass,fail,pass,4,1
TYMS (7298),myeloid,-1.15433161067098,-0.6592989816798756,43,0.0001354247057057,0.0131101973908288,High,-0.2349879569704975,1.0,0.0110340934666641,-0.5550671875995992,-0.7142326805938296,0.0321665588651988,True,,,-0.6799546558213418,medium,fail,pass,pass,pass,uninformative,3,1
FERMT2 (10979),soft tissue,-1.1347672167506258,-0.6574983477696956,49,2.899064570584474e-08,1.6615054838513775e-05,High,-0.4335330572060192,1.0,0.0010294479816038,-0.3554439996468952,,0.0003106594293751,True,,,-0.5460604599363266,medium,fail,pass,pass,pass,uninformative,3,1
FAM50A (9130),lymphoid,-1.1088078939586232,-0.6524538990645462,94,1.745698568123668e-08,1.0686763956532794e-05,High,-0.4433893452902123,1.0,0.001191929378371,-0.5004569825675133,-0.6702686243994869,0.000415474421097,True,0.0161242682962741,-0.5127810681254248,-0.6639348892766579,medium,fail,pass,pass,pass,pass,4,1
GRB2 (2885),liver,-1.6562907514907812,-0.6471163941055162,25,0.0001594998590278,0.014633853595199,High,-0.1917091229553515,1.0,0.0077676902462622,-0.4061073006263773,,0.0186255521156091,True,,,-0.5694626283458697,medium,fail,pass,pass,pass,uninformative,3,1
DNAJC9 (23234),lymphoid,-1.861901919664883,-0.6421387043658875,94,1.7527779335618975e-09,1.4238379091571483e-06,High,-0.4838582521566146,1.0,4.283579804022537e-06,-0.3817531323968818,-0.6550159891805287,5.256873326458903e-06,True,0.0440110735424874,-0.3574981284246008,-0.6653824731851539,medium,fail,pass,pass,pass,pass,4,1
TRPM7 (54822),myeloid,-1.2797304487365966,-0.6419783536562621,43,6.261121743856382e-11,7.556882729869824e-08,High,-0.4363069856633109,1.0,1.0482300274064864e-05,-0.4882314854219628,-0.5370362933349632,3.613992338738726e-07,True,,,-0.6910034810579329,medium,fail,pass,pass,pass,uninformative,3,1
CHMP4B (128866),peripheral nervous system,-1.811098652249668,-0.6286606562208354,47,4.905439046173409e-12,7.587041157338357e-09,High,-0.4866043441003803,1.0,7.316568250701609e-06,-0.4358432467703443,,0.0059172754526367,False,0.0005449691028481,-0.6112018279066274,-0.6427048572454059,low,fail,pass,pass,pass,fail,3,2
CTPS1 (1503),lymphoid,-1.2198050787878874,-0.6282120910887025,94,6.505755707508665e-21,4.162712245446479e-17,High,-0.4783898814941205,1.0,1.0802576098315687e-11,-0.3855479933669602,-0.6644835481967274,1.2306024670699306e-14,True,0.0049618934762853,-0.4399737585515636,-0.6479688896188045,medium,fail,pass,pass,pass,pass,4,1
CFL1 (1072),lymphoid,-1.1960177378960684,-0.6279989622113911,94,3.1205435006477845e-30,9.717185228407162e-26,High,-0.5452644424643805,1.0,1.0809345093343453e-19,-0.566826957739867,-0.7508429907014329,3.049914979167753e-23,True,0.0012122888312302,-0.7628762413389161,-0.6443710497089925,high,pass,pass,pass,pass,pass,5,0
FERMT2 (10979),cns/brain,-1.085801676852166,-0.6206097910328806,91,1.8708334961203204e-11,2.5777271048269516e-08,High,-0.4139509924826077,1.0,1.2507420524340828e-06,-0.4040614761351422,,0.0367731878910947,False,2.6040352132174017e-06,-0.4812993642776172,-0.5119122545697911,low,fail,pass,pass,pass,fail,3,2
TFRC (7037),myeloid,-1.4936460401380214,-0.6157573648218656,43,1.7743778842720102e-10,1.8624627872865113e-07,High,-0.4644032069316101,1.0,4.038017769710846e-06,-0.4255286437084901,-0.5914172086955134,3.199355620446112e-06,True,,,-0.6833663820876426,medium,fail,pass,pass,pass,uninformative,3,1
FAM50A (9130),bladder/urinary tract,-1.0798618996397282,-0.6048176517875055,34,0.000940981977246,0.0467835647146778,High,-0.1710950615397271,1.0,0.0735130407239791,-0.4407100777080843,,0.0806891731745137,False,,,-0.6412427632410758,low,fail,fail,fail,pass,uninformative,1,3
SEPHS2 (22928),myeloid,-1.2947899519478274,-0.6008877682323319,43,8.171233314692918e-07,0.0002745834201577,High,-0.4377336438965211,1.0,0.001652308615944,-0.3881878495338505,-0.3650361080776294,0.0075179236778412,True,,,-0.644898374506631,low,fail,pass,pass,fail,uninformative,2,2
FERMT2 (10979),pleura,-1.0861301853691274,-0.5911862891255422,21,0.0004182443253355,0.0279722451553964,High,-0.2532098835550042,1.0,0.0125944003414143,-0.4498292583369752,,0.0927050260202586,False,,,-0.48681642525343405,low,fail,pass,pass,fail,uninformative,2,2
INTS6 (26512),skin,-1.4207704264252736,-0.5897057337637394,75,8.643084812221177e-08,4.2585518228113945e-05,High,-0.3472954840722806,1.0,0.0001565903359401,-0.4790424468845478,,0.0001556977199323,True,,,-0.55992627118602,medium,fail,pass,pass,pass,uninformative,3,1
CCND1 (595),esophagus/stomach,-1.6526380014253648,-0.5887914493247446,69,0.0002896133234374,0.0219996384546613,High,-0.0926584804305021,1.0,0.0446099586848801,-0.3673204695128184,,0.2533678553426165,False,0.3388483630276643,-0.2911837936060775,-0.42662218842650645,low,fail,pass,pass,fail,fail,2,3
UROD (7389),lymphoid,-1.129221555732847,-0.5882643322073855,94,2.513908107912559e-19,1.349682588543661e-15,High,-0.4735504085420971,1.0,3.987021549183077e-15,-0.5888087964061772,-0.6945131202170721,2.7295609560916722e-15,True,0.019200816655012,-0.6279951107005773,-0.5992384677954098,medium,fail,pass,pass,pass,pass,4,1
GRB2 (2885),head and neck,-1.5630643655927128,-0.5869498743497952,77,2.1007357744400567e-13,4.284868007069783e-10,High,-0.4713960457356391,1.0,8.441341804528177e-08,-0.3546206541854791,,0.005048902141721,False,4.175254393929171e-05,-0.3568471092676095,-0.5018031372424157,low,fail,pass,pass,pass,fail,3,2
SDHB (6390),myeloid,-1.0019210129314706,-0.5859432070957649,43,2.4191643260183337e-12,4.0940937833486585e-09,High,-0.4837325009461344,1.0,4.46343299449784e-07,-0.4351184919277412,-0.4594738773346523,3.924242660003469e-08,True,,,-0.6271927275497802,low,fail,fail,pass,fail,uninformative,1,3
AP2S1 (1175),myeloid,-1.344540197301853,-0.5745008383868602,43,4.1816443657720745e-12,6.576459422400148e-09,High,-0.3374591100481385,1.0,2.62449632361646e-08,-0.4304878348282221,-0.6704509625010068,5.0838772874220345e-08,True,,,-0.5898868424969386,medium,fail,pass,pass,pass,uninformative,3,1
GRB2 (2885),kidney,-1.5647904269798685,-0.5738707096388571,34,1.1668228686366828e-06,0.0003689996347558,High,-0.2313425649150735,1.0,0.000116750056342,-0.3833384420231244,,0.0006659715776589,True,,,-0.48296749760651125,low,fail,pass,pass,fail,uninformative,2,2
CHMP4B (128866),soft tissue,-1.7630193697750185,-0.5734873967234444,49,1.413555310472759e-07,6.36701025577658e-05,High,-0.3109452979599228,1.0,3.7370276669282465e-05,-0.4737196248077938,,0.0002194727846313,False,,,-0.5809887624308736,medium,fail,pass,pass,pass,uninformative,3,1
CCND1 (595),pancreas,-1.6309025509542503,-0.5719345077454796,48,8.907199771529709e-05,0.0098519366528145,High,-0.3104891458577039,1.0,0.0199676704108756,-0.383454718263117,,0.1683544540301084,False,0.1624973639239049,-0.3038429749596735,-0.4175859915536748,low,fail,pass,pass,fail,fail,2,3
CTPS1 (1503),myeloid,-1.1805466993905882,-0.5663756531649238,43,3.987006763391273e-10,3.839783455915863e-07,High,-0.3464257388563686,1.0,6.413221591917707e-06,-0.4297056262517106,-0.6252251687994282,1.7793906863676878e-06,True,,,-0.6075948579839998,medium,fail,pass,pass,pass,uninformative,3,1
SNAP23 (8773),esophagus/stomach,-1.3075574533741423,-0.5633885320887952,69,3.8921369381490147e-07,0.0001486493977577,High,-0.2956165191085919,1.0,0.0016230150196641,-0.3973495731979454,,0.1343938131725688,False,0.0048806839222319,-0.6210210124911151,-0.5691540206146471,low,fail,pass,pass,pass,fail,3,2
CDAN1 (146059),myeloid,-1.518557515222057,-0.5595989561587168,43,4.026044521865806e-06,0.000994462803682,High,-0.1670960129342065,1.0,3.906591014228795e-06,-0.5220363279030301,-0.313987117065535,0.0036932878203681,True,,,-0.6334569158062046,low,fail,pass,pass,fail,uninformative,2,2
FAM50A (9130),myeloid,-1.028369176843959,-0.5591713967910519,43,0.0001546387239961,0.0143379878079567,High,-0.4600846131745957,1.0,0.0045569124087185,-0.5479323658873168,-0.5898299072848225,0.0342254628041966,True,,,-0.5825202649451341,medium,fail,pass,pass,pass,uninformative,3,1
MED1 (5469),myeloid,-1.2283442992287683,-0.5572949443334795,43,3.3701835507176387e-10,3.321059925924584e-07,High,-0.3991601415683706,1.0,1.0519182061742725e-08,-0.5636523158155701,-0.5787343392158727,1.8301807294891488e-06,True,,,-0.5709986819612969,medium,fail,pass,pass,pass,uninformative,3,1
DHFR (1719),lymphoid,-1.2807799541315508,-0.557165100754308,89,1.7494087001316538e-19,9.844976616303546e-16,High,-0.4769130515209499,0.9026845637583892,,,-0.3941146680757215,5.811419108649426e-15,True,,,-0.5793128756550876,low,fail,pass,uninformative,fail,uninformative,1,2
CKS1B (1163),cervix,-1.252704173171887,-0.5524132350405139,18,1.3644828860354273e-07,6.193757781546877e-05,High,-0.3337823191990164,0.9026845637583892,,,,0.000120241792565,True,,,-0.557999846716411,medium,fail,pass,uninformative,pass,uninformative,2,1
PAICS (10606),myeloid,-1.0056169702287616,-0.5503758604547087,43,1.9092998144298067e-09,1.5349686052010893e-06,High,-0.3909101633017942,1.0,2.983822986179424e-06,-0.5117668144068515,-0.4000278903243101,1.2120638339284076e-06,True,,,-0.5907005201326848,low,fail,pass,pass,fail,uninformative,2,2
ELOB (6923),cervix,-2.004145108267159,-0.5473237814761416,18,2.3837055039593298e-05,0.0038629789199848,High,-0.2803263694340062,1.0,0.5111116007424009,-0.0942283421159813,,0.0021642652918387,True,,,-0.5490552745799622,low,fail,pass,fail,pass,uninformative,2,2
FERMT2 (10979),ovary/fallopian tube,-1.0226866709931086,-0.5454178020121785,59,2.457222178827654e-07,0.0001009451508118,High,-0.2872578771007067,1.0,0.0001915388158147,-0.37512915380429,,0.0071672730295836,True,0.0037814291946974,-0.2036825766095725,-0.43290389825527686,low,fail,pass,pass,fail,pass,3,2
SCAP (22937),pancreas,-1.5094918313039027,-0.5347038062785472,48,0.0003506589866428,0.0249337276191208,High,-0.1322203737464279,1.0,0.0629751280943048,-0.2771219779782192,,0.5265313329147079,False,0.0679062172781747,-0.3832017821509078,-0.5434854187372423,low,fail,pass,fail,pass,fail,2,3
DNM2 (1785),myeloid,-1.7149006529956825,-0.5321046873162314,43,2.47733188297244e-13,4.987669942023618e-10,High,-0.4190137050592593,1.0,5.922358467240563e-10,-0.435174338376129,-0.9241258948012384,2.6907708049608455e-10,True,,,-0.5541170994409248,medium,fail,pass,pass,pass,uninformative,3,1
PTK2 (5747),liver,-1.0541394463713156,-0.529024472716665,25,2.9491840531437057e-05,0.0044973468121676,High,-0.1742101372114658,1.0,0.0057747666754156,-0.3876562594439102,,0.0122965115969223,True,,,-0.4659543924848717,low,fail,pass,pass,fail,uninformative,2,2
CFLAR (8837),pancreas,-1.0780348452683062,-0.52426533400898,48,8.740861501916411e-08,4.29766077872804e-05,High,-0.3560907905115967,1.0,0.0001170727886229,-0.3830959984839253,,0.0604288075955792,False,0.0014352848585196,-0.5802961783019381,-0.5238564368019141,low,fail,pass,pass,pass,fail,3,2
CUL2 (8453),cervix,-1.1317286569386231,-0.5237272087940176,18,0.0004082241864019,0.0275583139153067,High,0.0231870738582407,1.0,0.0433626593809878,-0.3148618148131051,,0.0774111209668804,False,,,-0.5197542792992306,low,fail,fail,pass,pass,uninformative,2,2
CDK6 (1021),lymphoid,-1.0195726707624506,-0.5233937049142166,94,3.2812686422287285e-12,5.340247565739578e-09,High,-0.4200435982261164,1.0,1.9865916100053496e-09,-0.4658839267251102,-0.839487928878518,3.2905445135263455e-06,False,0.0016357114186968,-0.6064159015923158,-0.5326815806970289,low,fail,pass,pass,pass,fail,3,2
DNM2 (1785),lymphoid,-1.6822690149032002,-0.520242429295037,94,1.0252828398098043e-23,1.0642230820657804e-19,High,-0.4253548853018783,1.0,2.1408968272488116e-15,-0.3942022108592615,-0.891494256708756,4.491567743166637e-19,True,0.0668869804388638,-0.3081806729241598,-0.524422411281307,low,fail,pass,pass,pass,fail,3,2
UROD (7389),myeloid,-1.0814199000874312,-0.5146232828447995,43,1.3050082129961908e-07,5.964359992334674e-05,High,-0.2908308640670951,1.0,0.0006046697074065,-0.4216532337232315,-0.646711464571656,2.5799195832400577e-05,True,,,-0.5419115711284188,medium,fail,pass,pass,pass,uninformative,3,1
SCD (6319),bowel,-1.1639835954295306,-0.5097108470541621,63,6.704941846166964e-10,6.045980679281802e-07,High,-0.3220984670333131,1.0,1.010188138689095e-06,-0.5353678206553172,,0.0124244570045844,False,0.0008300150861145,-0.7069494138384081,-0.5120978512924145,low,fail,fail,pass,pass,fail,2,3
MYC (4609),pancreas,-2.5691115074721376,-0.5092316556390317,48,1.3879666206933976e-06,0.0004240070090427,High,-0.2037950168336169,1.0,0.0289810662771687,-0.1735694716166336,,0.0407274094688463,False,0.0675786609915181,-0.2078791465553813,-0.543504133826032,low,fail,pass,pass,pass,fail,3,2
NCAPD3 (23310),eye,-1.4598980222778488,-0.5075565963421675,10,0.0005346834701175,0.0326038951358599,High,-0.064487287996132,1.0,0.0519523584921557,-0.3342613213552001,,0.0841953498140964,False,,,-0.4855774995215112,low,fail,fail,fail,fail,uninformative,0,4
ADSL (158),breast,-1.488230514489267,-0.5033007855072965,53,2.6043880088987017e-05,0.0041028202342816,High,-0.2077253644823453,1.0,0.0489527285684704,-0.2722121491875766,,0.2343814062292564,False,0.2813876927648014,-0.1932652040340934,-0.6150292625587572,low,fail,pass,pass,pass,fail,3,2
