check,this_route,stored,status
KRAS_pancreas n_target,48.0,48.0,PASS
KRAS_pancreas median_target,-2.086661855015164,-2.086661855015164,PASS
KRAS_pancreas p(log10),-21.38784131415365,-21.38784131415365,PASS
HNF1B_kidney n_target,34.0,34.0,PASS
HNF1B_kidney median_target,-1.4251331032839876,-1.4251331032839876,PASS
HNF1B_kidney p(log10),-10.028545727963113,-10.028545727963113,PASS
KRAS hotspot n,175.0,175.0,PASS
KRAS none n,1009.0,1009.0,PASS
KRAS other n,8.0,8.0,PASS
KRAS hotspot median,-1.8736675749670697,-1.874,PASS
KRAS none median,-0.4657303330810383,-0.466,PASS
KRAS hotspot-vs-none p(log10),-86.36832236378405,-86.36832236378405,PASS
KRAS lineage-adjusted coef,-1.21382453881903,-1.2138245388190336,PASS
CTNNB1 hotspot n,31.0,31.0,PASS
CTNNB1 none n,1133.0,1133.0,PASS
CTNNB1 other n,28.0,28.0,PASS
CTNNB1 hotspot median,-0.9431323842225896,-0.943,PASS
CTNNB1 none median,-0.1340648362738835,-0.134,PASS
CTNNB1 hotspot-vs-none p(log10),-11.886038571315732,-11.886038571315732,PASS
CTNNB1 lineage-adjusted coef,-0.6242882376788472,-0.6242882376788484,PASS
TP53 wt n,399.0,399.0,PASS
TP53 mut n,793.0,793.0,PASS
MDM2 median wt,-1.2307825403349535,-1.2307825403349535,PASS
MDM2 adj coef,0.7786447213589679,0.7786447213589704,PASS
MDM2/TP53 p(log10),-94.91493239594772,-94.91493239594772,PASS
batch/library adj coef KRAS (3845) pancreas,-1.3445347957409475,-1.3445347957409457,PASS
batch/library adj coef SOX10 (6663) skin,-1.2345158459597918,-1.2345158459597956,PASS
batch/library adj coef FOXA1 (3169) prostate,-1.190743732686047,-1.1907437326860468,PASS
batch/library adj coef MYB (4602) myeloid,-1.1389656484700648,-1.1389656484700623,PASS
batch/library adj coef HNF1B (6928) kidney,-1.0598231423857094,-1.059823142385708,PASS
TCGA_KIRC_HNF1B n_survival,529.0,529.0,PASS
TCGA_KIRC_HNF1B logrank p (hand-coded),0.8018028655644893,0.8018028655644894,PASS
TCGA_KIRC_HNF1B Cox HR/SD (statsmodels),0.852199394757338,0.8521986301623131,PASS
TCGA_KIRC_HNF1B Cox p (statsmodels),0.029164025761589454,0.02916296230651786,PASS
TCGA_PAAD_KRAS n_survival,177.0,177.0,PASS
TCGA_PAAD_KRAS logrank p (hand-coded),0.0144021720928236,0.014402172092823847,PASS
TCGA_PAAD_KRAS Cox HR/SD (statsmodels),1.3075431960258475,1.3075426419122456,PASS
TCGA_PAAD_KRAS Cox p (statsmodels),0.011483483510414172,0.01148360798810748,PASS
enrichment Chronic myeloid leukemia p(log10),-10.032300439919593,-10.032300439919593,PASS
enrichment Thyroid cancer p(log10),-8.795198671043394,-8.795198671043394,PASS
enrichment Thyroid hormone signaling pa p(log10),-8.40089559780592,-8.40089559780592,PASS
enrichment Small cell lung cancer p(log10),-7.825484670489548,-7.825484670489548,PASS
enrichment Hepatitis C p(log10),-7.553372977948232,-7.553372977948232,PASS
enrichment Prostate cancer p(log10),-7.664508986783377,-7.664508986783377,PASS
common essential overlap (symbols),30.0,30.0,PASS
co-dependency ADSL_PAICS,0.7805559590039467,0.7805559590039463,PASS
co-dependency NMNAT1_NAMPT,0.5388873023037963,0.5388873023037964,PASS
co-dependency UMPS_CTPS1,0.6205823937844605,0.6205823937844613,PASS
