Gene,Lineage,Selectivity,Chronos_median,Selectivity_26shared,Chronos_median_26shared,q_value_26shared,Selectivity_22shared,Chronos_median_22shared,q_value_22shared,meets_26shared,meets_22shared
KRAS (3845),pancreas,-1.583870584342049,-2.086661855015164,-1.598864559687677,-2.086661855015164,4.3985383266154413e-17,-1.0184851957164778,-1.4038570104785921,2.5661826322973342e-17,True,True
SOX10 (6663),skin,-1.3748090555286852,-1.6701787416292415,-1.3757730545214244,-1.6701940308443919,7.091206667200898e-23,-0.9404126352161982,-1.1535575345606373,1.436279925187525e-23,True,True
HNF1B (6928),kidney,-1.2651783317432932,-1.4251331032839876,-1.2020430130418909,-1.358246305186658,9.612501498485073e-07,-0.8055404528514082,-0.9515281697730058,2.931290870994092e-07,True,False
FOXA1 (3169),prostate,-1.2412448075016358,-1.3638405209513935,,,,,,,False,False
MDM2 (4193),eye,-1.1342943128720693,-1.5542719124981803,-1.2666454636799311,-1.6819219474015612,0.0073385833965717625,-1.1164704084698744,-1.4334962450624624,0.0037581307023190347,True,True
CTNNB1 (1499),bowel,-1.1223739280180098,-1.2553392074922876,-1.1485827293791717,-1.2826929653244799,5.226480011256717e-19,-0.7579446778884398,-0.8917254044124834,9.839287866619698e-20,True,False
CFLAR (8837),kidney,-1.0743909130875164,-1.630766279564239,-0.943433951925884,-1.4998093184026065,7.540267913799296e-06,-0.6538269399112875,-1.1031351512404837,3.352106896402938e-05,True,True
MYB (4602),myeloid,-1.063899622774478,-1.3570144771700254,-1.281663160952342,-1.571777196795613,5.068920694356004e-18,-0.9377372755921806,-1.1377673054698354,4.973397304369266e-18,True,True
CBFB (865),myeloid,-1.063076876712126,-1.208843719162287,-1.2207085586546693,-1.3617138785373837,6.31574759910695e-14,-0.6838498139371408,-0.7869965388103786,2.2520890248432237e-14,True,False
TUBB4B (10383),ampulla of vater,-1.0478971163140067,-1.3710583488157466,-1.0516404605865943,-1.3710583488157466,0.04701153460487966,-0.8429201837192277,-1.1423379207231847,0.029906060632392668,True,True
PAX8 (7849),kidney,-1.0132545588480053,-1.1190029025468429,-0.879276123841968,-0.979671661886369,1.559838355310776e-09,-0.6650442153067575,-0.7763957869599584,3.5616705855215864e-08,False,False
BRAF (673),skin,-1.0044395534041146,-1.0898671114084904,-1.0084488883997276,-1.093881400095872,4.240130841026701e-21,-0.7903754447827461,-0.8450976472639808,7.365081647298827e-20,True,False
ZER1 (10444),cervix,-0.9874561271339009,-1.1016190651387714,-0.9767522734813767,-1.0907035907516829,2.2564432506992885e-06,-0.7869138302595511,-0.8613070332948798,7.845280041021995e-07,True,False
NMNAT1 (64802),lymphoid,-0.9559186044967136,-1.2002248251870522,-1.0205797250548971,-1.262521614093556,1.7752211769233627e-30,-0.7757134251398236,-0.9733302072855244,1.3914370166471935e-31,True,False
IRF4 (3662),lymphoid,-0.9443862012758956,-1.041153941289623,-1.0312507466263465,-1.126454498403491,1.4053443036775891e-21,-0.8753754719385171,-0.9557934052868676,1.3452225567390295e-18,True,False
CCND1 (595),peripheral nervous system,-0.932400838571928,-1.978953338506378,-0.9908559461031479,-2.035552485425371,1.544408542712078e-05,-0.5950540044054058,-1.3753738416645298,7.845735579013001e-05,True,True
FERMT2 (10979),kidney,-0.9199615822261475,-1.4029053638477562,-1.0048979767428938,-1.475070427387053,2.20532853963032e-06,-0.6036580153768654,-0.96164685358145,5.073261163901043e-06,True,False
SKP2 (6502),cervix,-0.9099641471038163,-1.5696851202225768,-0.9497196370327814,-1.5963193673680605,0.000587654296335297,-0.6460888784107055,-1.129943151983828,0.0004673762789549209,True,True
MDM2 (4193),kidney,-0.8699146745429291,-1.2859853985398908,-0.8739320542632405,-1.2859853985398908,5.9358486656245816e-06,-0.7156320918257418,-1.0313415066040572,0.0001643134548575937,True,True
MDM2 (4193),pleura,-0.859724945439347,-1.278358846210356,-0.860026612905223,-1.2746700249501417,0.01566688436894684,-0.806325430870951,-1.1233512674635389,0.015129087816176471,True,True
NHLRC2 (374354),thyroid,-0.8385685386803599,-1.6126060184342133,-0.8577515886505412,-1.6126060184342133,0.016342003060069974,-0.4636072534408845,-1.0785762987915832,0.025589111714243613,True,False
MDM2 (4193),skin,-0.8153544382751436,-1.2300204519399376,-0.7892896507078823,-1.2002101156409617,1.0614105084576868e-06,-0.8061809148887866,-1.119059699800041,7.991903457941506e-08,True,True
ATP1B3 (483),lymphoid,-0.8129261134633042,-1.1103195605895275,-0.8389513849206429,-1.1384973056214522,1.7752211769233627e-30,-0.6150120771371793,-0.8443157121600617,2.1425911491642227e-28,True,False
UMPS (7372),myeloid,-0.8073332022272073,-1.249419439106089,-0.9470529645912619,-1.3858667368053004,4.881120219693977e-07,-0.6641670398019577,-1.0165609290006872,3.4334293664085444e-09,True,True
DCAF7 (10238),myeloid,-0.7922003368754144,-1.4374075982920962,,,,,,,False,False
NAMPT (10135),lymphoid,-0.7852192017044958,-1.0821222738134473,-0.8063270912466495,-1.1033621654570305,1.1859036840226519e-24,-0.6842250476979841,-1.0168231096841702,3.9507588173967347e-25,True,True
SNAP23 (8773),bowel,-0.780379898160437,-1.5225916153772128,-0.7970671118378123,-1.5567851274175744,1.2648233819957814e-06,-0.4588479504224878,-1.0842577054678686,0.00013607750362224413,True,False
UMPS (7372),lymphoid,-0.7717732730149428,-1.1960635143014913,-0.8122926854619201,-1.2357420492512268,3.8132181565393864e-19,-0.5122650206563689,-0.8499848612138181,1.364723637649475e-19,True,False
SEPHS2 (22928),kidney,-0.7626036972388782,-1.4619314453374057,-0.7236161942242261,-1.4056040254800102,0.013568511074501495,-0.47718342434135125,-0.9214247510547506,0.014852592406927713,True,False
SEPHS2 (22928),lymphoid,-0.7493405804758555,-1.4143304076646557,-0.7715784120615661,-1.4244943047492094,3.8289823482718556e-16,-0.5036622800296809,-0.9286763106922254,4.1629836869255636e-16,True,False
FERMT2 (10979),skin,-0.7414481496365699,-1.2113973413560108,-0.7750003590265122,-1.2206222598331984,6.832299392843319e-11,-0.5933599830528502,-0.9414533246373626,3.6465664920551825e-11,True,False
TFRC (7037),lymphoid,-0.7402023761528429,-1.575504219990485,-0.7509641787163479,-1.6176789216055558,5.925139789041893e-19,-0.5822487760637185,-1.2755057530907463,1.4750719242642432e-20,True,True
NAMPT (10135),myeloid,-0.7376020024692531,-1.0479116141794094,-0.8092187926173706,-1.1171890110327332,5.689431197000639e-10,-0.6762517092559927,-1.0166658527062091,4.149614723543782e-09,True,True
SDHB (6390),lymphoid,-0.7315352899151317,-1.1289768624225154,-0.7343223887021773,-1.1392996763230423,1.7670193870069645e-20,-0.5186943114347458,-0.87544903500233,1.0963477151183033e-20,True,False
ADSL (158),myeloid,-0.7307210177611276,-1.6947828256996136,-0.7292842602248465,-1.714213989206817,4.282166284253654e-07,-0.5051960121379719,-1.2462701072067666,1.6806914946472523e-08,True,True
CCND1 (595),skin,-0.7259100900139328,-1.770606629336156,-0.6981394346012497,-1.738406193954691,0.0008365155974687425,-0.4300815623649692,-1.2036664925428282,0.00031465650538558317,True,False
SUMO2 (6613),lymphoid,-0.7216669481620047,-1.5146161362056063,-0.7216669481620047,-1.5146161362056065,0.025039722545494587,-0.10851993442561891,-0.962360773926338,0.0026321296587613636,True,False
CDAN1 (146059),lymphoid,-0.7159948179306301,-1.6344295818212804,-0.7545098174888044,-1.6653308811574152,4.4069685424483986e-13,-0.413753016315059,-1.1139581635257474,4.041912762383339e-12,True,False
EP300 (2033),lymphoid,-0.7146638728946605,-1.0049411450219972,-0.7585961929262444,-1.0490028054425422,1.002491668471312e-23,-0.6480067413741801,-0.8532665730061786,1.4579054539119075e-25,True,False
BCL2L1 (598),bowel,-0.7122566945408031,-1.6738544499430907,-0.7498615393755175,-1.715628794977616,6.797879762484352e-06,-0.5528487286627639,-1.286729026116465,2.289349685565896e-07,True,True
KRAS (3845),bowel,-0.7085547354966818,-1.211311977116099,-0.7150174345903203,-1.2032906003825845,1.4476433450258995e-09,-0.5711493569595518,-0.9573063841253693,7.47906452952578e-09,True,False
SOX10 (6663),eye,-0.7065522105361061,-1.0119617665891842,-0.3226798677166495,-0.6279912152868604,0.039677068225833494,-0.3137265480569774,-0.5360237801968795,0.09351498660789964,False,False
ADSL (158),lymphoid,-0.701940676505588,-1.6240215654565886,-0.7124635779401551,-1.6549799671926664,7.173774280860533e-15,-0.42744700881464326,-1.1419276793119604,1.3905337431092184e-14,True,False
SNAP23 (8773),pleura,-0.6881620637483166,-1.4468771340480808,-0.6863794671629548,-1.4601152031469062,0.012178844025825348,-0.6373950424054348,-1.2673633638392539,0.0028610771552909364,True,True
SCAP (22937),bowel,-0.6859026146933238,-1.6568576283420708,-0.6869119736010185,-1.6774631826896726,5.852232122463636e-05,-0.49891184476906314,-1.331922678910018,1.8547116880603524e-06,True,False
WDR36 (134430),myeloid,-0.6764773540686089,-2.4314618936510652,-0.6858249786606927,-2.428906686757683,0.014168783375165113,-0.09064714088456649,-0.8276859469755018,0.10935099190189217,True,False
FAM50A (9130),bowel,-0.6723645529129287,-1.137284631353363,-0.6427951656319111,-1.1026968001737103,0.04988715005098446,-0.4870503133379657,-0.8755104440167861,0.0067183678163494735,True,False
FPGS (2356),lymphoid,-0.6693869314954697,-1.0848762096762636,-0.6942424389159785,-1.1069238733625932,5.577344913547108e-20,-0.49117578299595965,-0.8468347045146867,6.384456404682043e-22,True,False
PAICS (10606),lymphoid,-0.666286640292447,-1.0981088306593074,-0.67677797125686,-1.121662217840748,2.676545103719537e-22,-0.5440475928615767,-0.9456639323873108,1.1726612740247429e-22,True,False
TYMS (7298),myeloid,-0.6592989816798756,-1.15433161067098,-0.7338891195136095,-1.2355184438584357,0.009051371684893991,-0.5553669262219998,-0.967406216854702,0.011330606358350152,True,False
FERMT2 (10979),soft tissue,-0.6574983477696956,-1.1347672167506258,-0.5030681591481647,-0.9740026635297984,0.0014883836256469254,-0.3878598721739456,-0.7432465971192053,0.001110106743624723,False,False
FAM50A (9130),lymphoid,-0.6524538990645462,-1.1088078939586232,-0.7471279311517679,-1.1929768430505927,9.992258846584502e-06,-0.5004162048080614,-0.8787481965594895,0.0012653872688505657,True,False
GRB2 (2885),liver,-0.6471163941055162,-1.6562907514907812,-0.6490450430704529,-1.6562907514907812,0.015843951226929706,-0.4047202410600278,-1.1671861381666195,0.008136548806948515,True,False
DNAJC9 (23234),lymphoid,-0.6421387043658875,-1.861901919664883,-0.6755842950917108,-1.8975159693690096,2.0057234685588652e-05,-0.3718083889766818,-1.2596801551768009,1.2244866426530092e-05,True,False
TRPM7 (54822),myeloid,-0.6419783536562621,-1.2797304487365966,-0.6401127516771963,-1.2940821771972164,7.223015978800669e-07,-0.4882314854219628,-1.065459056162457,1.1594642756499925e-05,True,False
CHMP4B (128866),peripheral nervous system,-0.6286606562208354,-1.811098652249668,-0.8651958946099376,-2.0384659655024304,1.984277798916237e-08,-0.4398043378990234,-1.3724680856621818,1.3826459373485681e-05,True,False
CTPS1 (1503),lymphoid,-0.6282120910887025,-1.2198050787878874,-0.6124583218051889,-1.2198751635898275,9.574522908394067e-13,-0.39081215777211453,-0.8706128897627302,2.5521150192403817e-11,True,False
CFL1 (1072),lymphoid,-0.6279989622113911,-1.1960177378960684,-0.6824580259002779,-1.2508924099262273,2.467512464261899e-21,-0.5855553704187939,-1.1491014165738171,2.6201457315138695e-19,True,True
FERMT2 (10979),cns/brain,-0.6206097910328806,-1.085801676852166,-0.6325485540237685,-1.0781704548304547,8.651826359711758e-08,-0.4058030016392389,-0.7525866644936632,1.0255428817949518e-06,True,False
TFRC (7037),myeloid,-0.6157573648218656,-1.4936460401380214,-0.6281316710607283,-1.5205581091695068,7.222220531198034e-07,-0.4279970351708512,-1.1487084177930067,4.006945189520039e-06,True,False
FAM50A (9130),bladder/urinary tract,-0.6048176517875055,-1.0798618996397282,-0.6533425707926932,-1.1194689547640355,0.05529518801424403,-0.4403443774637151,-0.8310361158134836,0.07501567879804723,False,False
SEPHS2 (22928),myeloid,-0.6008877682323319,-1.2947899519478274,-0.6998890978883324,-1.3802018642053138,0.0014859375335326806,-0.38818784953385055,-0.83102800534934,0.0016336549520692286,True,False
FERMT2 (10979),pleura,-0.5911862891255422,-1.0861301853691274,-0.6868861853815349,-1.1651049023347602,0.011980477080802255,-0.45353332866473806,-0.8172737201818445,0.012056993643248512,True,False
INTS6 (26512),skin,-0.5897057337637394,-1.4207704264252736,-0.5775425923971413,-1.4085450366584529,0.0004055449163054117,-0.4961051931340995,-1.1874494669032671,0.0001862652052235431,True,False
CCND1 (595),esophagus/stomach,-0.5887914493247446,-1.6526380014253648,-0.6569908795761137,-1.708580211464365,0.015877366717407436,-0.37410733415993536,-1.1630288611841952,0.04474475124297685,True,False
UROD (7389),lymphoid,-0.5882643322073855,-1.129221555732847,-0.6618515415907489,-1.207807008544688,1.0094702717011341e-13,-0.5769335622190125,-1.141195296432141,2.3083663454437424e-14,True,True
GRB2 (2885),head and neck,-0.5869498743497952,-1.5630643655927128,-0.5972470671638558,-1.571034827341228,3.0032809204253325e-09,-0.35055016528653193,-1.095059952568568,9.830541863420677e-08,True,False
SDHB (6390),myeloid,-0.5859432070957649,-1.0019210129314706,-0.5985225211865753,-1.0221419646474272,3.60298863216385e-07,-0.43475114463413966,-0.8100442869098802,4.86264647880108e-07,True,False
AP2S1 (1175),myeloid,-0.5745008383868602,-1.344540197301853,-0.6319150716193407,-1.4193027739741346,4.081169165583878e-09,-0.42928146918245613,-1.0455039638274326,2.9029621212110534e-08,True,False
GRB2 (2885),kidney,-0.5738707096388571,-1.5647904269798685,-0.5754864503981748,-1.5631114664762968,0.0020926899241025016,-0.3743191340180927,-1.129793461184352,0.00024360119600663405,True,False
CHMP4B (128866),soft tissue,-0.5734873967234444,-1.7630193697750185,-0.6071286596848142,-1.789159267028959,0.00020802272069185687,-0.45842305552832796,-1.4013968947514608,6.0868034307895914e-05,True,False
CCND1 (595),pancreas,-0.5719345077454796,-1.6309025509542503,-0.5821486975801928,-1.6309025509542505,0.014396452014558723,-0.38648356052043076,-1.1680640605192747,0.02016213354465571,True,False
CTPS1 (1503),myeloid,-0.5663756531649238,-1.1805466993905882,-0.5967199217693634,-1.2165127460652396,3.630119862555351e-06,-0.42970562625171066,-0.9176297473685924,7.3964170637162136e-06,True,False
SNAP23 (8773),esophagus/stomach,-0.5633885320887952,-1.3075574533741423,-0.5773590998315838,-1.3389155157067545,0.00020984965055780377,-0.3973495731979454,-1.0194699407922447,0.0015999093046057348,True,False
CDAN1 (146059),myeloid,-0.5595989561587168,-1.518557515222057,-0.6828508850046421,-1.6365362055967805,0.0002977212435317548,-0.5234066009911936,-1.2487986893300973,3.935729895715715e-06,True,True
FAM50A (9130),myeloid,-0.5591713967910519,-1.028369176843959,-0.6147708417792591,-1.0763638442291927,0.03399584930704774,-0.5474501636090703,-0.9363924965661372,0.004694212187323098,True,False
MED1 (5469),myeloid,-0.5572949443334795,-1.2283442992287683,-0.6574930484660995,-1.3327649043398784,2.154463879144286e-08,-0.5648209209535195,-1.2324775927906724,8.582067802223656e-09,True,True
DHFR (1719),lymphoid,-0.557165100754308,-1.2807799541315508,,,,,,,False,False
CKS1B (1163),cervix,-0.5524132350405139,-1.252704173171887,,,,,,,False,False
PAICS (10606),myeloid,-0.5503758604547087,-1.0056169702287616,-0.5474698331739748,-1.0184399793439145,1.988338932219287e-05,-0.5117668144068515,-0.9296443381529828,3.0746144410532076e-06,True,False
ELOB (6923),cervix,-0.5473237814761416,-2.004145108267159,-0.5269355733799646,-1.9979038398120383,0.011498350680753382,-0.0942283421159813,-1.5558112893432263,0.5139409199738726,True,False
FERMT2 (10979),ovary/fallopian tube,-0.5454178020121785,-1.0226866709931086,-0.5627365401449815,-1.0226866709931086,6.201784922620536e-05,-0.37193949259843145,-0.7254516359737225,0.00030354226383306115,True,False
SCAP (22937),pancreas,-0.5347038062785472,-1.5094918313039027,-0.5098622564113271,-1.5094918313039027,0.04357355948322571,-0.27165885670404244,-1.1298077425680115,0.06716888772033336,True,False
DNM2 (1785),myeloid,-0.5321046873162314,-1.7149006529956825,-0.6505578616141356,-1.83926786542822,1.8288260046764896e-08,-0.43271565628459885,-1.5673231930149134,5.826964927618396e-10,True,False
PTK2 (5747),liver,-0.529024472716665,-1.0541394463713156,-0.5429560140476903,-1.0541394463713156,0.003240338427198554,-0.39023038082070133,-0.8141633725505943,0.005241912579290738,True,False
CFLAR (8837),pancreas,-0.52426533400898,-1.0780348452683062,-0.49489389105604653,-1.0486634023153727,0.0001310371229684653,-0.3820515632020042,-0.8289257780687466,0.00011786464024364916,False,False
CUL2 (8453),cervix,-0.5237272087940176,-1.1317286569386231,-0.5230114071968577,-1.1287352418558396,0.04529547921983045,-0.3163302038511214,-0.8279995597928542,0.043482518272268005,True,False
CDK6 (1021),lymphoid,-0.5233937049142166,-1.0195726707624506,-0.6244715920240811,-1.1275904188121584,1.9042490185632002e-08,-0.4523598200486348,-0.8297216123114861,1.061220960289938e-08,True,False
DNM2 (1785),lymphoid,-0.520242429295037,-1.6822690149032002,-0.5284755731414266,-1.69358273700706,3.492198778500989e-16,-0.39323102748311545,-1.5111395584741016,2.813974167310254e-15,True,False
UROD (7389),myeloid,-0.5146232828447995,-1.0814199000874312,-0.5774881056167267,-1.152241245614807,0.0006190357249223509,-0.4221163445641478,-1.0156129771428055,0.0005735916907902264,True,False
SCD (6319),bowel,-0.5097108470541621,-1.1639835954295306,-0.5402758835021013,-1.2055423142764785,1.847094252233344e-06,-0.5382000908687137,-1.1575182966901303,1.7562235374401007e-06,True,True
MYC (4609),pancreas,-0.5092316556390317,-2.5691115074721376,-0.4885501134170589,-2.5691115074721376,0.0008080745275029553,-0.17113084032336578,-1.7487945119272585,0.030679072697365844,False,False
NCAPD3 (23310),eye,-0.5075565963421675,-1.4598980222778488,-0.5106333071010796,-1.4598980222778488,0.03831838574888554,-0.3527924889815601,-1.143823513626343,0.032896229790792965,True,False
ADSL (158),breast,-0.5033007855072965,-1.488230514489267,-0.5478706409134912,-1.5439931315860829,0.00934336736758749,-0.267999908492751,-1.020112826146732,0.05214703294143154,True,False
