Gene,Lineage,Chronos_median_26,Selectivity_26,n_target_26,p_value_26,q_value_26,confidence,Chronos_median_22,Selectivity_22,n_target_22,p_value_22,q_value_22
KRAS (3845),pancreas,-2.086661855015164,-1.583870584342049,48,4.0941022584969084e-22,3.187197196705966e-18,High,-1.4038570104785921,-1.0190630568626546,46.0,3.027714862797231e-21,2.477169440216125e-17
SOX10 (6663),skin,-1.6701787416292415,-1.3748090555286852,75,5.6936027107657126e-30,1.5643709316319217e-25,High,-1.1535575345606373,-0.9404578240209867,70.0,1.083565446547817e-28,3.767773770736069e-24
HNF1B (6928),kidney,-1.4251331032839876,-1.2651783317432932,34,9.36384620401341e-11,1.0615942444851526e-07,High,-0.8583490947403981,-0.7109896432018135,33.0,8.926064605983559e-11,1.1184761026279651e-07
FOXA1 (3169),prostate,-1.3638405209513935,-1.2412448075016358,5,0.000775972634077,0.0413648059153754,Low,,,,,
MDM2 (4193),eye,-1.5542719124981803,-1.1342943128720693,10,9.157334203188714e-06,0.0018629450660217,High,-1.412094099991304,-1.0949363443994689,9.0,2.0646908601363756e-05,0.003042094516468731
CTNNB1 (1499),bowel,-1.2553392074922876,-1.1223739280180098,63,1.5004256400383463e-25,2.002386607517575e-21,High,-0.9003469580310837,-0.7666699898132747,55.0,1.9414722652594365e-24,2.613246720294237e-20
CFLAR (8837),kidney,-1.630766279564239,-1.0743909130875164,34,8.314305352363951e-10,7.369140799508597e-07,High,-1.17093880080463,-0.7224613484668494,33.0,2.0717036571762947e-08,1.2384632590372627e-05
MYB (4602),myeloid,-1.3570144771700254,-1.063899622774478,43,1.451025833157161e-25,1.993415021868269e-21,High,-1.1377673054698354,-0.9372704827663695,35.0,4.92168086355222e-22,4.3694473273388366e-18
CBFB (865),myeloid,-1.208843719162287,-1.063076876712126,43,5.78475212528565e-21,3.7527856318774996e-17,High,-0.7869965388103786,-0.6827485686328766,35.0,5.315977418825877e-18,2.4110500018358272e-14
TUBB4B (10383),ampulla of vater,-1.3710583488157466,-1.0478971163140067,5,0.0010434897053429,0.0498215935764428,Low,-1.1423379207231847,-0.8429201837192277,5.0,0.0005573830624636166,0.02938419282069722
PAX8 (7849),kidney,-1.1190029025468429,-1.0132545588480053,34,4.6472661119591815e-14,1.0693084608379931e-10,High,-0.7880657092375479,-0.6766026643933262,33.0,7.369565186602429e-12,1.1918814914815799e-08
BRAF (673),skin,-1.0898671114084904,-1.0044395534041146,75,2.6377209179814764e-24,2.865245816978804e-20,High,-0.8450976472639808,-0.7906790781057431,70.0,4.676361770410768e-25,6.968847920602424e-21
ZER1 (10444),cervix,-1.1016190651387714,-0.9874561271339009,18,6.6359299912233e-10,5.995325291161477e-07,High,-0.8613070332948798,-0.7869138302595511,17.0,8.11404448905018e-10,7.677321223761983e-07
NMNAT1 (64802),lymphoid,-1.2002248251870522,-0.9559186044967136,94,1.426462596536334e-40,1.7880743094468567e-35,High,-0.969587725486222,-0.7726692844989298,79.0,5.441463309599341e-38,2.2705267464166592e-32
IRF4 (3662),lymphoid,-1.041153941289623,-0.9443862012758956,94,5.528624045549506e-29,1.2911852670298823e-24,High,-0.9770668630734274,-0.8966489297250768,79.0,1.2139746662599206e-23,1.3690484463304852e-19
CCND1 (595),peripheral nervous system,-1.978953338506378,-0.932400838571928,47,9.70708872749663e-08,4.6888250060135754e-05,High,-1.3784607672542624,-0.5949236346918784,36.0,7.212590945978119e-08,3.5158347529002495e-05
FERMT2 (10979),kidney,-1.4029053638477562,-0.9199615822261475,34,3.494829494744146e-09,2.591116513538949e-06,High,-0.9964013923590014,-0.6362754977747821,33.0,2.761507731443596e-09,2.1823442463126526e-06
SKP2 (6502),cervix,-1.5696851202225768,-0.9099641471038163,18,1.5079191204294227e-06,0.0004526577441391,High,-1.129943151983828,-0.6452306094549849,17.0,1.7584489842821822e-06,0.00046409706323688834
MDM2 (4193),kidney,-1.2859853985398908,-0.8699146745429291,34,3.905863027285424e-09,2.850614792621525e-06,High,-1.0349005900463473,-0.7191060628969609,33.0,1.5711968314966366e-07,6.786789593142988e-05
MDM2 (4193),pleura,-1.278358846210356,-0.859724945439347,21,3.5397870374458765e-05,0.0051300113779324,High,-1.1233512674635389,-0.8060899645504275,18.0,0.0002130439722985475,0.015628954650325773
NHLRC2 (374354),thyroid,-1.6126060184342133,-0.8385685386803599,11,0.0002547311463152,0.0201086067033159,High,-1.0785762987915832,-0.46499715187244006,11.0,0.0004238385702399412,0.024593599940564433
MDM2 (4193),skin,-1.2300204519399376,-0.8153544382751436,75,2.0756362380969508e-10,2.130793419975699e-07,High,-1.119059699800041,-0.8061809148887866,70.0,1.5346357753423788e-11,2.2869580791516513e-08
ATP1B3 (483),lymphoid,-1.1103195605895275,-0.8129261134633042,94,2.108599869413437e-41,4.924540108020959e-36,High,-0.8470402892129191,-0.6181453609228126,79.0,2.1320130761400103e-34,2.224030760506213e-29
UMPS (7372),myeloid,-1.249419439106089,-0.8073332022272073,43,1.1195541034366264e-10,1.233334070113956e-07,High,-1.0165609290006872,-0.6628829526159881,35.0,1.7790265003232242e-12,3.343800511850765e-09
DCAF7 (10238),myeloid,-1.4374075982920962,-0.7922003368754144,7,0.000844888389828,0.0436684300205172,Low,,,,,
NAMPT (10135),lymphoid,-1.0821222738134473,-0.7852192017044958,94,1.7931374671564668e-32,8.375583726715813e-28,High,-1.0168231096841702,-0.6851209488743868,79.0,1.1320987443947851e-30,7.817937676881216e-26
SNAP23 (8773),bowel,-1.5225916153772128,-0.780379898160437,63,3.874288346609299e-11,4.971552796994737e-08,High,-1.0790223191093615,-0.45453967653294924,55.0,4.339782981297872e-07,0.00015637609722869388
UMPS (7372),lymphoid,-1.1960635143014913,-0.7717732730149428,94,7.866237070193036e-29,1.7496421615969217e-24,High,-0.8499848612138181,-0.5122650206563689,79.0,1.5587850739764843e-24,2.1680829836924123e-20
SEPHS2 (22928),kidney,-1.4619314453374057,-0.7626036972388782,34,4.9051453812513184e-05,0.0064358125316687,High,-0.9156712476319876,-0.4711053129434181,33.0,0.0002577923102805474,0.01779267613670883
SEPHS2 (22928),lymphoid,-1.4143304076646557,-0.7493405804758555,94,1.2556043312087588e-22,1.0663299684884189e-18,High,-0.9256505891338284,-0.5006365584712839,79.0,5.326907210975002e-20,3.704544350800455e-16
FERMT2 (10979),skin,-1.2113973413560108,-0.7414481496365699,75,2.2636027534785676e-15,6.567133377174271e-12,High,-0.9414533246373626,-0.5911312482859873,70.0,1.410460128728882e-14,3.846628987934171e-11
TFRC (7037),lymphoid,-1.575504219990485,-0.7402023761528429,94,4.317921006497663e-26,6.722873469486667e-22,High,-1.2755057530907463,-0.5822487760637185,79.0,2.888617061651941e-25,4.821263638452542e-21
NAMPT (10135),myeloid,-1.0479116141794094,-0.7376020024692531,43,2.1603924576096427e-14,5.2832454105620186e-11,High,-1.0166658527062091,-0.6762517092559927,35.0,2.1491109901348486e-12,3.882020122024361e-09
SDHB (6390),lymphoid,-1.1289768624225154,-0.7315352899151317,94,1.2055571578380334e-29,3.1283605467318044e-25,High,-0.87544903500233,-0.5208006618342904,79.0,7.777380701468386e-26,1.4109656439206542e-21
ADSL (158),myeloid,-1.6947828256996136,-0.7307210177611276,43,8.294374774832255e-11,9.685569519877933e-08,High,-1.2462701072067666,-0.5069260468217888,35.0,9.070498758562461e-12,1.4336335583306085e-08
CCND1 (595),skin,-1.770606629336156,-0.7259100900139328,75,3.0234337415012426e-07,0.0001212204883906,High,-1.2036664925428282,-0.4271485799384551,70.0,4.837217366284898e-07,0.000169613165304664
SUMO2 (6613),lymphoid,-1.5146161362056063,-0.7216669481620047,10,0.0004035256005726,0.0273600197847404,High,-0.962360773926338,-0.10740317589142667,79.0,3.616001221233345e-05,0.004591683303641845
CDAN1 (146059),lymphoid,-1.6344295818212804,-0.7159948179306301,94,5.823337460443908e-17,2.1417547383749654e-13,High,-1.137853056269981,-0.4376479090592925,79.0,3.3832156370961753e-16,1.2383281487695601e-12
EP300 (2033),lymphoid,-1.0049411450219972,-0.7146638728946605,94,6.0406701257531233e-33,3.52692831213519e-28,High,-0.8521366272163797,-0.6468767955843813,79.0,5.182988771980837e-30,2.7033432836897647e-25
BCL2L1 (598),bowel,-1.6738544499430907,-0.7122566945408031,63,1.2156148861829967e-10,1.326641992528276e-07,High,-1.2873553142541634,-0.5545841813652953,55.0,8.127222510944416e-11,1.0407387703849468e-07
KRAS (3845),bowel,-1.211311977116099,-0.7085547354966818,63,3.3773919487065346e-14,7.871437230639302e-11,High,-0.9596937535934672,-0.5741750753478607,55.0,1.1757456372186445e-12,2.303269143513617e-09
SOX10 (6663),eye,-1.0119617665891842,-0.7065522105361061,10,5.972687055368024e-05,0.0074594281644072,High,-0.3099288917177376,-0.08772041357832397,9.0,0.005226077354592659,0.11506570926366473
ADSL (158),lymphoid,-1.6240215654565886,-0.701940676505588,94,7.750355650736774e-23,6.830417681619416e-19,High,-1.1419276793119604,-0.4313976455763251,79.0,3.8317699350903727e-19,2.292023271808776e-15
SNAP23 (8773),pleura,-1.4468771340480808,-0.6881620637483166,21,4.560901648013683e-05,0.0061217129645757,High,-1.2673633638392539,-0.6373950424054348,18.0,1.9108647658064915e-05,0.002866966166354097
SCAP (22937),bowel,-1.6568576283420708,-0.6859026146933238,63,5.4498716728589345e-08,2.8537959748288704e-05,High,-1.3308362111626266,-0.4982064461366408,55.0,1.8456935651619323e-09,1.5418615581243397e-06
WDR36 (134430),myeloid,-2.4314618936510652,-0.6764773540686089,10,5.756471953078053e-06,0.0013122480434529,High,-0.8276859469755018,-0.09098258979715068,35.0,0.004518873697879406,0.10578611495105328
FAM50A (9130),bowel,-1.137284631353363,-0.6723645529129287,63,7.200443689572845e-05,0.0084802381326431,High,-0.8895539033243263,-0.5012325238128783,55.0,2.8151638248270216e-05,0.003819855248158031
FPGS (2356),lymphoid,-1.0848762096762636,-0.6693869314954697,94,2.62223500884943e-28,5.5673744205385874e-24,High,-0.8424749389718801,-0.4840016476476991,79.0,7.539328233325795e-27,1.7477168088613637e-22
PAICS (10606),lymphoid,-1.0981088306593074,-0.666286640292447,94,2.6642880905027486e-31,1.0370541570675161e-26,High,-0.9625425524012872,-0.560926212875553,79.0,3.8752785211723236e-28,1.0780094779056322e-23
TYMS (7298),myeloid,-1.15433161067098,-0.6592989816798756,43,0.0001354247057057,0.0131101973908288,High,-0.967406216854702,-0.5550671875995992,35.0,0.00012820009664478023,0.011034093466664103
FERMT2 (10979),soft tissue,-1.1347672167506258,-0.6574983477696956,49,2.899064570584474e-08,1.6615054838513775e-05,High,-0.7134328378514798,-0.3554439996468952,36.0,5.030494925251632e-06,0.001029447981603824
FAM50A (9130),lymphoid,-1.1088078939586232,-0.6524538990645462,94,1.745698568123668e-08,1.0686763956532794e-05,High,-0.8787481965594895,-0.5004569825675133,77.0,5.998724295839589e-06,0.0011919293783710526
GRB2 (2885),liver,-1.6562907514907812,-0.6471163941055162,25,0.0001594998590278,0.014633853595199,High,-1.1671861381666195,-0.40610730062637734,23.0,7.677143145726816e-05,0.007767690246262256
DNAJC9 (23234),lymphoid,-1.861901919664883,-0.6421387043658875,94,1.7527779335618975e-09,1.4238379091571483e-06,High,-1.269624898597001,-0.3817531323968818,79.0,5.9644730102215725e-09,4.283579804022537e-06
TRPM7 (54822),myeloid,-1.2797304487365966,-0.6419783536562621,43,6.261121743856382e-11,7.556882729869824e-08,High,-1.065459056162457,-0.4882314854219628,35.0,1.705750289047232e-08,1.0482300274064864e-05
CHMP4B (128866),peripheral nervous system,-1.811098652249668,-0.6286606562208354,47,4.905439046173409e-12,7.587041157338357e-09,High,-1.3728769077951726,-0.43584324677034436,36.0,1.1257229995759118e-08,7.316568250701609e-06
CTPS1 (1503),lymphoid,-1.2198050787878874,-0.6282120910887025,94,6.505755707508665e-21,4.162712245446479e-17,High,-0.8651063365899216,-0.3855479933669602,79.0,3.54680232531263e-15,1.0802576098315687e-11
CFL1 (1072),lymphoid,-1.1960177378960684,-0.6279989622113911,94,3.1205435006477845e-30,9.717185228407162e-26,High,-1.1298344549812902,-0.566826957739867,79.0,9.066851639897543e-24,1.0809345093343453e-19
FERMT2 (10979),cns/brain,-1.085801676852166,-0.6206097910328806,91,1.8708334961203204e-11,2.5777271048269516e-08,High,-0.7525866644936632,-0.4040614761351422,82.0,1.4391266195029567e-09,1.2507420524340828e-06
TFRC (7037),myeloid,-1.4936460401380214,-0.6157573648218656,43,1.7743778842720102e-10,1.8624627872865113e-07,High,-1.1487084177930067,-0.4255286437084901,35.0,5.545132534904317e-09,4.038017769710846e-06
FAM50A (9130),bladder/urinary tract,-1.0798618996397282,-0.6048176517875055,34,0.000940981977246,0.0467835647146778,High,-0.8310361158134836,-0.4407100777080843,31.0,0.00242545254718121,0.07351304072397911
SEPHS2 (22928),myeloid,-1.2947899519478274,-0.6008877682323319,43,8.171233314692918e-07,0.0002745834201577,High,-0.83102800534934,-0.38818784953385055,35.0,9.248245018065399e-06,0.0016523086159440411
FERMT2 (10979),pleura,-1.0861301853691274,-0.5911862891255422,21,0.0004182443253355,0.0279722451553964,High,-0.8172737201818445,-0.4498292583369752,18.0,0.00015556467694229466,0.012594400341414366
INTS6 (26512),skin,-1.4207704264252736,-0.5897057337637394,75,8.643084812221177e-08,4.2585518228113945e-05,High,-1.1710239590513836,-0.4790424468845478,70.0,4.349481368020885e-07,0.00015659033594010927
CCND1 (595),esophagus/stomach,-1.6526380014253648,-0.5887914493247446,69,0.0002896133234374,0.0219996384546613,High,-1.1630288611841952,-0.3673204695128184,65.0,0.001074131137378232,0.044609958684880116
UROD (7389),lymphoid,-1.129221555732847,-0.5882643322073855,94,2.513908107912559e-19,1.349682588543661e-15,High,-1.1531408387876856,-0.5888087964061772,79.0,7.261916622040573e-19,3.9870215491830765e-15
GRB2 (2885),head and neck,-1.5630643655927128,-0.5869498743497952,77,2.1007357744400567e-13,4.284868007069783e-10,High,-1.095059952568568,-0.35462065418547917,71.0,6.514130289356552e-11,8.441341804528176e-08
SDHB (6390),myeloid,-1.0019210129314706,-0.5859432070957649,43,2.4191643260183337e-12,4.0940937833486585e-09,High,-0.8100442869098802,-0.43511849192774127,35.0,4.268064737922845e-10,4.46343299449784e-07
AP2S1 (1175),myeloid,-1.344540197301853,-0.5745008383868602,43,4.1816443657720745e-12,6.576459422400148e-09,High,-1.0455039638274326,-0.43048783482822217,35.0,1.7925856345879135e-11,2.62449632361646e-08
GRB2 (2885),kidney,-1.5647904269798685,-0.5738707096388571,34,1.1668228686366828e-06,0.0003689996347558,High,-1.1360769051912505,-0.3833384420231244,33.0,3.024627355960815e-07,0.00011675005634205676
CHMP4B (128866),soft tissue,-1.7630193697750185,-0.5734873967234444,49,1.413555310472759e-07,6.36701025577658e-05,High,-1.4185560629847156,-0.47371962480779384,36.0,7.782787497988434e-08,3.7370276669282465e-05
CCND1 (595),pancreas,-1.6309025509542503,-0.5719345077454796,48,8.907199771529709e-05,0.0098519366528145,High,-1.1680640605192747,-0.38345471826311706,46.0,0.0003082263629655334,0.01996767041087569
CTPS1 (1503),myeloid,-1.1805466993905882,-0.5663756531649238,43,3.987006763391273e-10,3.839783455915863e-07,High,-0.9176297473685924,-0.42970562625171066,35.0,9.579512007267024e-09,6.413221591917707e-06
SNAP23 (8773),esophagus/stomach,-1.3075574533741423,-0.5633885320887952,69,3.8921369381490147e-07,0.0001486493977577,High,-1.0194699407922447,-0.3973495731979454,65.0,9.016231487934419e-06,0.001623015019664136
CDAN1 (146059),myeloid,-1.518557515222057,-0.5595989561587168,43,4.026044521865806e-06,0.000994462803682,High,-1.2487986893300973,-0.5220363279030301,35.0,5.327203609935639e-09,3.906591014228795e-06
FAM50A (9130),myeloid,-1.028369176843959,-0.5591713967910519,43,0.0001546387239961,0.0143379878079567,High,-0.9363924965661372,-0.5479323658873168,35.0,3.5806909176874434e-05,0.004556912408718575
MED1 (5469),myeloid,-1.2283442992287683,-0.5572949443334795,43,3.3701835507176387e-10,3.321059925924584e-07,High,-1.2324775927906724,-0.5636523158155701,35.0,6.428523490510551e-12,1.0519182061742723e-08
DHFR (1719),lymphoid,-1.2807799541315508,-0.557165100754308,89,1.7494087001316538e-19,9.844976616303546e-16,High,,,,,
CKS1B (1163),cervix,-1.252704173171887,-0.5524132350405139,18,1.3644828860354273e-07,6.193757781546877e-05,High,,,,,
PAICS (10606),myeloid,-1.0056169702287616,-0.5503758604547087,43,1.9092998144298067e-09,1.5349686052010893e-06,High,-0.9296443381529828,-0.5117668144068515,35.0,3.911555210706279e-09,2.983822986179424e-06
ELOB (6923),cervix,-2.004145108267159,-0.5473237814761416,18,2.3837055039593298e-05,0.0038629789199848,High,-1.5558112893432263,-0.0942283421159813,17.0,0.09353862793751405,0.5111116007424009
FERMT2 (10979),ovary/fallopian tube,-1.0226866709931086,-0.5454178020121785,59,2.457222178827654e-07,0.0001009451508118,High,-0.7290686876821215,-0.37512915380429007,58.0,5.698675227479037e-07,0.000191538815814763
SCAP (22937),pancreas,-1.5094918313039027,-0.5347038062785472,48,0.0003506589866428,0.0249337276191208,High,-1.1298077425680115,-0.27712197797821925,46.0,0.0018976033869921637,0.06297512809430489
DNM2 (1785),myeloid,-1.7149006529956825,-0.5321046873162314,43,2.47733188297244e-13,4.987669942023618e-10,High,-1.5673231930149134,-0.43517433837612907,35.0,2.696729429751205e-13,5.922358467240563e-10
PTK2 (5747),liver,-1.0541394463713156,-0.529024472716665,25,2.9491840531437057e-05,0.0044973468121676,High,-0.8141633725505943,-0.38765625944391024,23.0,5.017238680605421e-05,0.005774766675415634
CFLAR (8837),pancreas,-1.0780348452683062,-0.52426533400898,48,8.740861501916411e-08,4.29766077872804e-05,High,-0.8289257780687466,-0.3830959984839253,46.0,3.0414055098752337e-07,0.0001170727886229317
CUL2 (8453),cervix,-1.1317286569386231,-0.5237272087940176,18,0.0004082241864019,0.0275583139153067,High,-0.8279995597928542,-0.31486181481310516,17.0,0.0010250186971850663,0.04336265938098781
CDK6 (1021),lymphoid,-1.0195726707624506,-0.5233937049142166,94,3.2812686422287285e-12,5.340247565739578e-09,High,-0.8446172586518427,-0.4658839267251102,79.0,9.950478509795192e-13,1.9865916100053496e-09
DNM2 (1785),lymphoid,-1.6822690149032002,-0.520242429295037,94,1.0252828398098043e-23,1.0642230820657804e-19,High,-1.5111395584741016,-0.39420221085926155,79.0,3.488941874998063e-19,2.1408968272488116e-15
UROD (7389),myeloid,-1.0814199000874312,-0.5146232828447995,43,1.3050082129961908e-07,5.964359992334674e-05,High,-1.0156129771428055,-0.4216532337232315,35.0,2.4751137415410156e-06,0.00060466970740654
SCD (6319),bowel,-1.1639835954295306,-0.5097108470541621,63,6.704941846166964e-10,6.045980679281802e-07,High,-1.1500535603266142,-0.5353678206553172,55.0,1.113651174788584e-09,1.010188138689095e-06
MYC (4609),pancreas,-2.5691115074721376,-0.5092316556390317,48,1.3879666206933976e-06,0.0004240070090427,High,-1.7487945119272585,-0.1735694716166336,46.0,0.0005447255104132644,0.028981066277168763
NCAPD3 (23310),eye,-1.4598980222778488,-0.5075565963421675,10,0.0005346834701175,0.0326038951358599,High,-1.123559544464784,-0.33426132135520015,9.0,0.001381407016829797,0.051952358492155785
ADSL (158),breast,-1.488230514489267,-0.5033007855072965,53,2.6043880088987017e-05,0.0041028202342816,High,-1.020112826146732,-0.27221214918757664,46.0,0.0012483955328715921,0.048952728568470424
