Gene,Lineage,Chronos_median,Selectivity,n_target,p_value,q_value,confidence
KRAS (3845),pancreas,-2.086661855015164,-1.583870584342049,48,4.094102258496908e-22,3.1871971967059656e-18,High
SOX10 (6663),skin,-1.6701787416292415,-1.3748090555286852,75,5.693602710765712e-30,1.5643709316319217e-25,High
HNF1B (6928),kidney,-1.4251331032839876,-1.2651783317432932,34,9.36384620401341e-11,1.0615942444851523e-07,High
FOXA1 (3169),prostate,-1.3638405209513935,-1.2412448075016358,5,0.000775972634077062,0.04136480591537548,Low
MDM2 (4193),eye,-1.5542719124981803,-1.1342943128720693,10,9.157334203188714e-06,0.0018629450660217954,High
CTNNB1 (1499),bowel,-1.2553392074922876,-1.1223739280180098,63,1.5004256400383463e-25,2.002386607517575e-21,High
CFLAR (8837),kidney,-1.630766279564239,-1.0743909130875164,34,8.314305352363952e-10,7.369140799508597e-07,High
MYB (4602),myeloid,-1.3570144771700254,-1.063899622774478,43,1.451025833157161e-25,1.9934150218682687e-21,High
CBFB (865),myeloid,-1.208843719162287,-1.0630768767121261,43,5.78475212528565e-21,3.7527856318774996e-17,High
TUBB4B (10383),ampulla of vater,-1.3710583488157466,-1.0478971163140067,5,0.0010434897053429432,0.049821593576442884,Low
PAX8 (7849),kidney,-1.1190029025468429,-1.0132545588480053,34,4.6472661119591815e-14,1.0693084608379931e-10,High
BRAF (673),skin,-1.0898671114084904,-1.0044395534041146,75,2.6377209179814764e-24,2.865245816978804e-20,High
ZER1 (10444),cervix,-1.1016190651387714,-0.9874561271339009,18,6.635929991223301e-10,5.995325291161477e-07,High
NMNAT1 (64802),lymphoid,-1.2002248251870522,-0.9559186044967136,94,1.4264625965363342e-40,1.788074309446857e-35,High
IRF4 (3662),lymphoid,-1.0411539412896227,-0.9443862012758957,94,5.528624045549507e-29,1.2911852670298825e-24,High
CCND1 (595),peripheral nervous system,-1.978953338506378,-0.932400838571928,47,9.707088727496628e-08,4.6888250060135754e-05,High
FERMT2 (10979),kidney,-1.4029053638477562,-0.9199615822261475,34,3.494829494744146e-09,2.591116513538949e-06,High
SKP2 (6502),cervix,-1.5696851202225768,-0.9099641471038165,18,1.5079191204294227e-06,0.0004526577441391385,High
MDM2 (4193),kidney,-1.2859853985398908,-0.8699146745429291,34,3.905863027285424e-09,2.850614792621525e-06,High
MDM2 (4193),pleura,-1.278358846210356,-0.859724945439347,21,3.5397870374458765e-05,0.00513001137793246,High
NHLRC2 (374354),thyroid,-1.6126060184342133,-0.8385685386803599,11,0.0002547311463152153,0.02010860670331591,High
MDM2 (4193),skin,-1.2300204519399376,-0.8153544382751436,75,2.075636238096951e-10,2.1307934199756988e-07,High
ATP1B3 (483),lymphoid,-1.1103195605895275,-0.8129261134633042,94,2.1085998694134373e-41,4.924540108020959e-36,High
UMPS (7372),myeloid,-1.249419439106089,-0.8073332022272073,43,1.1195541034366265e-10,1.233334070113956e-07,High
DCAF7 (10238),myeloid,-1.4374075982920962,-0.7922003368754144,7,0.0008448883898280721,0.04366843002051726,Low
NAMPT (10135),lymphoid,-1.0821222738134473,-0.7852192017044958,94,1.7931374671564668e-32,8.375583726715813e-28,High
SNAP23 (8773),bowel,-1.5225916153772128,-0.780379898160437,63,3.8742883466092995e-11,4.971552796994737e-08,High
UMPS (7372),lymphoid,-1.1960635143014913,-0.7717732730149428,94,7.866237070193037e-29,1.7496421615969217e-24,High
SEPHS2 (22928),kidney,-1.4619314453374055,-0.7626036972388782,34,4.9051453812513184e-05,0.006435812531668706,High
SEPHS2 (22928),lymphoid,-1.4143304076646555,-0.7493405804758555,94,1.2556043312087588e-22,1.0663299684884189e-18,High
FERMT2 (10979),skin,-1.2113973413560108,-0.7414481496365699,75,2.2636027534785676e-15,6.567133377174271e-12,High
TFRC (7037),lymphoid,-1.575504219990485,-0.7402023761528429,94,4.3179210064976634e-26,6.722873469486667e-22,High
NAMPT (10135),myeloid,-1.0479116141794094,-0.7376020024692531,43,2.1603924576096427e-14,5.2832454105620186e-11,High
SDHB (6390),lymphoid,-1.1289768624225154,-0.7315352899151317,94,1.2055571578380332e-29,3.1283605467318044e-25,High
ADSL (158),myeloid,-1.6947828256996136,-0.7307210177611276,43,8.294374774832255e-11,9.685569519877932e-08,High
CCND1 (595),skin,-1.770606629336156,-0.7259100900139328,75,3.0234337415012426e-07,0.00012122048839069159,High
SUMO2 (6613),lymphoid,-1.5146161362056065,-0.7216669481620047,10,0.00040352560057264436,0.02736001978474046,High
CDAN1 (146059),lymphoid,-1.6344295818212804,-0.7159948179306301,94,5.823337460443908e-17,2.1417547383749652e-13,High
EP300 (2033),lymphoid,-1.0049411450219972,-0.7146638728946605,94,6.0406701257531233e-33,3.52692831213519e-28,High
BCL2L1 (598),bowel,-1.6738544499430907,-0.7122566945408031,63,1.2156148861829967e-10,1.326641992528276e-07,High
KRAS (3845),bowel,-1.211311977116099,-0.7085547354966818,63,3.3773919487065346e-14,7.871437230639302e-11,High
SOX10 (6663),eye,-1.0119617665891842,-0.7065522105361061,10,5.972687055368024e-05,0.007459428164407246,High
ADSL (158),lymphoid,-1.6240215654565886,-0.701940676505588,94,7.750355650736774e-23,6.830417681619416e-19,High
SNAP23 (8773),pleura,-1.4468771340480808,-0.6881620637483166,21,4.560901648013683e-05,0.006121712964575745,High
SCAP (22937),bowel,-1.6568576283420708,-0.6859026146933238,63,5.449871672858934e-08,2.8537959748288704e-05,High
WDR36 (134430),myeloid,-2.4314618936510652,-0.6764773540686089,10,5.756471953078053e-06,0.0013122480434529923,High
FAM50A (9130),bowel,-1.137284631353363,-0.6723645529129287,63,7.200443689572845e-05,0.008480238132643142,High
FPGS (2356),lymphoid,-1.0848762096762636,-0.6693869314954697,94,2.62223500884943e-28,5.567374420538587e-24,High
PAICS (10606),lymphoid,-1.0981088306593074,-0.666286640292447,94,2.6642880905027486e-31,1.0370541570675162e-26,High
TYMS (7298),myeloid,-1.15433161067098,-0.6592989816798756,43,0.00013542470570577817,0.013110197390828833,High
FERMT2 (10979),soft tissue,-1.1347672167506258,-0.6574983477696956,49,2.899064570584474e-08,1.6615054838513775e-05,High
FAM50A (9130),lymphoid,-1.1088078939586232,-0.6524538990645462,94,1.745698568123668e-08,1.0686763956532794e-05,High
GRB2 (2885),liver,-1.6562907514907812,-0.6471163941055162,25,0.00015949985902780864,0.01463385359519901,High
DNAJC9 (23234),lymphoid,-1.861901919664883,-0.6421387043658875,94,1.7527779335618977e-09,1.4238379091571485e-06,High
TRPM7 (54822),myeloid,-1.2797304487365966,-0.6419783536562621,43,6.261121743856383e-11,7.556882729869824e-08,High
CHMP4B (128866),peripheral nervous system,-1.811098652249668,-0.6286606562208354,47,4.905439046173409e-12,7.587041157338357e-09,High
CTPS1 (1503),lymphoid,-1.2198050787878874,-0.6282120910887025,94,6.505755707508665e-21,4.162712245446479e-17,High
CFL1 (1072),lymphoid,-1.1960177378960684,-0.6279989622113911,94,3.1205435006477845e-30,9.717185228407162e-26,High
FERMT2 (10979),cns/brain,-1.085801676852166,-0.6206097910328806,91,1.8708334961203204e-11,2.5777271048269516e-08,High
TFRC (7037),myeloid,-1.4936460401380214,-0.6157573648218656,43,1.7743778842720102e-10,1.8624627872865113e-07,High
FAM50A (9130),bladder/urinary tract,-1.0798618996397282,-0.6048176517875055,34,0.0009409819772460824,0.046783564714677886,High
SEPHS2 (22928),myeloid,-1.2947899519478274,-0.6008877682323319,43,8.171233314692918e-07,0.00027458342015778634,High
FERMT2 (10979),pleura,-1.0861301853691274,-0.5911862891255422,21,0.0004182443253355101,0.027972245155396445,High
INTS6 (26512),skin,-1.4207704264252736,-0.5897057337637394,75,8.643084812221176e-08,4.2585518228113945e-05,High
CCND1 (595),esophagus/stomach,-1.6526380014253648,-0.5887914493247446,69,0.0002896133234374301,0.021999638454661352,High
UROD (7389),lymphoid,-1.1292215557328473,-0.5882643322073855,94,2.513908107912559e-19,1.349682588543661e-15,High
GRB2 (2885),head and neck,-1.5630643655927128,-0.5869498743497952,77,2.1007357744400564e-13,4.2848680070697834e-10,High
SDHB (6390),myeloid,-1.0019210129314706,-0.5859432070957649,43,2.4191643260183337e-12,4.094093783348658e-09,High
AP2S1 (1175),myeloid,-1.344540197301853,-0.5745008383868602,43,4.1816443657720745e-12,6.576459422400148e-09,High
GRB2 (2885),kidney,-1.5647904269798685,-0.5738707096388571,34,1.1668228686366828e-06,0.0003689996347558408,High
CHMP4B (128866),soft tissue,-1.7630193697750185,-0.5734873967234444,49,1.413555310472759e-07,6.36701025577658e-05,High
CCND1 (595),pancreas,-1.6309025509542505,-0.5719345077454796,48,8.907199771529709e-05,0.009851936652814546,High
CTPS1 (1503),myeloid,-1.1805466993905882,-0.5663756531649238,43,3.987006763391273e-10,3.8397834559158624e-07,High
SNAP23 (8773),esophagus/stomach,-1.3075574533741423,-0.5633885320887952,69,3.8921369381490147e-07,0.00014864939775772375,High
CDAN1 (146059),myeloid,-1.518557515222057,-0.5595989561587168,43,4.026044521865806e-06,0.0009944628036820842,High
FAM50A (9130),myeloid,-1.028369176843959,-0.5591713967910519,43,0.00015463872399614837,0.014337987807956788,High
MED1 (5469),myeloid,-1.2283442992287683,-0.5572949443334795,43,3.3701835507176387e-10,3.321059925924584e-07,High
DHFR (1719),lymphoid,-1.2807799541315508,-0.557165100754308,89,1.7494087001316538e-19,9.844976616303546e-16,High
CKS1B (1163),cervix,-1.252704173171887,-0.5524132350405139,18,1.3644828860354273e-07,6.193757781546877e-05,High
PAICS (10606),myeloid,-1.0056169702287616,-0.5503758604547087,43,1.9092998144298067e-09,1.5349686052010893e-06,High
ELOB (6923),cervix,-2.004145108267159,-0.5473237814761416,18,2.3837055039593294e-05,0.003862978919984824,High
FERMT2 (10979),ovary/fallopian tube,-1.0226866709931086,-0.5454178020121785,59,2.457222178827654e-07,0.0001009451508118547,High
SCAP (22937),pancreas,-1.5094918313039027,-0.5347038062785472,48,0.0003506589866428696,0.024933727619120813,High
DNM2 (1785),myeloid,-1.7149006529956825,-0.5321046873162314,43,2.4773318829724395e-13,4.987669942023619e-10,High
PTK2 (5747),liver,-1.0541394463713156,-0.529024472716665,25,2.9491840531437057e-05,0.004497346812167635,High
CFLAR (8837),pancreas,-1.0780348452683062,-0.52426533400898,48,8.740861501916411e-08,4.29766077872804e-05,High
CUL2 (8453),cervix,-1.1317286569386231,-0.5237272087940176,18,0.00040822418640197556,0.027558313915306727,High
CDK6 (1021),lymphoid,-1.0195726707624506,-0.5233937049142166,94,3.2812686422287285e-12,5.340247565739578e-09,High
DNM2 (1785),lymphoid,-1.6822690149032002,-0.520242429295037,94,1.0252828398098042e-23,1.0642230820657805e-19,High
UROD (7389),myeloid,-1.0814199000874312,-0.5146232828447995,43,1.3050082129961908e-07,5.964359992334674e-05,High
SCD (6319),bowel,-1.1639835954295306,-0.5097108470541621,63,6.704941846166964e-10,6.045980679281802e-07,High
MYC (4609),pancreas,-2.5691115074721376,-0.5092316556390317,48,1.3879666206933976e-06,0.0004240070090427075,High
NCAPD3 (23310),eye,-1.4598980222778488,-0.5075565963421675,10,0.0005346834701175722,0.032603895135859914,High
ADSL (158),breast,-1.488230514489267,-0.5033007855072965,53,2.6043880088987017e-05,0.004102820234281631,High
