Gene,Lineage,coef_unadjusted,coef_growth_adjusted,p_growth_adjusted_two_sided,median_diff_excl_engineered,p_excl_engineered_one_sided,n_target_excl_engineered,coef_unadjusted_excl_other_blood,coef_growth_adjusted_excl_other_blood,p_growth_adjusted_excl_other_blood,n_suspension_comparator,median_diff_vs_suspension,p_vs_suspension_one_sided,ratio_excl_other_blood,q_growth_adjusted_excl_other_blood,q_growth_adjusted,ratio,heme
KRAS (3845),pancreas,-1.4781374062452797,-1.4666299907420035,9.2381806992057e-24,-1.583870584342049,4.4145931279120015e-22,48,,,,,,,,,4.341944928626679e-22,0.9922149216611013,False
SOX10 (6663),skin,-1.2310768015128262,-1.218145757229453,4.1931723267331625e-34,-1.3744094395649733,1.0451957685183033e-27,68,,,,,,,,,3.941581987129173e-32,0.9894961514444244,False
HNF1B (6928),kidney,-1.0493217243459254,-1.0375574497284863,3.7165810005366293e-10,-1.2651783317432932,9.418195094943622e-11,34,,,,,,,,,1.7467930702522158e-09,0.9887886866873244,False
FOXA1 (3169),prostate,-1.1543476592645725,-1.1401242862302492,0.0109510455968606,-1.2419980825493888,0.0001641540610822,5,,,,,,,,,0.0133688089104532,0.9876784321255653,False
MDM2 (4193),eye,-0.9095798280934376,-0.9167465205972932,9.791867439540263e-10,-1.1356484945499838,8.777580349667754e-06,10,,,,,,,,,4.183797905985385e-09,1.0078791242753016,False
CTNNB1 (1499),bowel,-0.993001684724286,-0.9734375633292824,2.0261482595164285e-22,-1.1223739280180098,1.5552497286565727e-25,63,,,,,,,,,4.761448409863607e-21,0.9802979977819115,False
CFLAR (8837),kidney,-0.8837926712712556,-0.8751707583059087,1.2398496691819914e-09,-1.0758200289172304,8.069526804470387e-10,34,,,,,,,,,4.8560778709628e-09,0.9902444167669494,False
MYB (4602),myeloid,-1.1402423050532715,-0.7690624939602465,3.157543237811489e-13,-1.0668508975782725,2.0413566265739702e-25,42,-1.19136688678411,-1.0906414076671391,3.548818659009323e-24,41.0,-1.033011407986264,3.687172576957461e-14,0.9154538536916516,4.9683461226130523e-23,2.698264221402545e-12,0.6744728647165186,True
CBFB (865),myeloid,-1.0416090969271778,-0.5809133381194328,2.3276770174043327e-08,-1.0935312858880628,1.003523852663911e-20,42,-1.1082840201483335,-1.0212664000884983,1.6699870482660869e-21,41.0,-0.9960517864762388,6.409917563617628e-13,0.9214843681963502,1.7534864006793916e-20,7.814344272714545e-08,0.5577076273941627,True
TUBB4B (10383),ampulla of vater,-0.8907460465076235,-0.867531635654875,0.0212556734239514,-1.0516404605865943,0.0002808587124174,5,,,,,,,,,0.02466707780063496,0.9739382386890563,False
PAX8 (7849),kidney,-0.8452508160954375,-0.8316805340339947,1.8032890406202797e-12,-1.0134431795370262,4.711894769167349e-14,34,,,,,,,,,1.2107797844164736e-11,0.9839452600304729,False
BRAF (673),skin,-0.8514756042443251,-0.8507937916870913,1.2073486656728252e-22,-1.039340981263017,1.72192720245487e-22,68,,,,,,,,,3.783025819108186e-21,0.999199257672404,False
ZER1 (10444),cervix,-0.9270425453341709,-0.9279945886442608,1.3008495666202868e-12,-0.9881116948117854,6.599495954428033e-10,18,,,,,,,,,9.406143020177458e-12,1.0010269683035387,False
NMNAT1 (64802),lymphoid,-0.8861612837566389,-0.6240089631113014,5.2974542572836485e-17,-0.957084097378387,1.2460578733557292e-40,94,-0.8997750419444379,-0.6820695286047467,1.7634745936762572e-14,41.0,-0.7924728137867726,5.203690462565467e-10,0.7580445075813352,6.733266630400256e-14,7.113724288352328e-16,0.7041708710924333,True
IRF4 (3662),lymphoid,-0.98361888883336,-1.0149042357909217,1.3241496406293346e-20,-0.9434318573510538,6.752672780856972e-29,94,-0.9817466621582834,-1.017842197968531,1.943051403486079e-16,41.0,-0.9445913701184904,2.5381155929031024e-09,1.036766649892035,1.0201019868301916e-15,2.489401324383149e-19,1.0318063706510032,True
CCND1 (595),peripheral nervous system,-0.6649479039225488,-0.5722740621737636,1.4094751155635076e-06,-0.9311684551737158,1.088762746783158e-07,47,,,,,,,,,3.397196432383839e-06,0.8606299212282659,False
FERMT2 (10979),kidney,-0.6619440867604846,-0.576586369228063,2.659301277856699e-07,-0.9237690916376592,3.127835539651249e-09,34,,,,,,,,,7.142123431957991e-07,0.8710499583882421,False
SKP2 (6502),cervix,-0.8183933681736816,-0.816443456107911,3.062138561084342e-05,-0.9092982996204988,1.5907496140140246e-06,18,,,,,,,,,5.535404321960156e-05,0.9976173901920515,False
MDM2 (4193),kidney,-0.6541577827447758,-0.6509600366428719,1.4989026951242364e-07,-0.8707089148182607,3.204937365642594e-09,34,,,,,,,,,4.1440250982846535e-07,0.9951116593178997,False
MDM2 (4193),pleura,-0.5294559505392813,-0.5224082770380014,0.0003730130805074,-0.8607203084848024,3.1876272915071616e-05,21,,,,,,,,,0.0005748070420933706,0.9866888388087783,False
NHLRC2 (374354),thyroid,-0.6022288197840705,-0.5879818486193304,0.0018487022660647,-0.8385685386803599,0.0002561863437775,11,,,,,,,,,0.002447577648029321,0.9763429269794024,False
MDM2 (4193),skin,-0.5507477256557168,-0.5509080354421592,1.2382251509726931e-09,-0.7854717076335129,4.915581987022988e-09,68,,,,,,,,,4.8560778709628e-09,1.0002910766199742,False
ATP1B3 (483),lymphoid,-0.7688627340733599,-0.491256413168795,1.07038128890379e-12,-0.8134129057753131,2.3941914945115325e-41,94,-0.791464036299235,-0.6823994416844057,3.618700172953395e-25,41.0,-0.6818914372162184,2.931096078334864e-12,0.8621989255193467,7.59927036320213e-24,8.384653429746356e-12,0.6389390347561343,True
UMPS (7372),myeloid,-0.6115174518582281,-0.1946623767093909,0.0612258829042377,-0.8174648918739086,1.1208611069362035e-10,42,-0.6717034994592811,-0.5411939530446583,4.507360214180825e-06,41.0,-0.7743994149871708,6.563800164033292e-06,0.8057036378109055,7.281120345984409e-06,0.0646655392471724,0.3183267723886982,True
DCAF7 (10238),myeloid,-0.7496670788059476,-0.4892201023435651,0.0497102394691889,-0.7922003368754144,0.0003859202487365,7,-0.8082968645788399,-0.7883820670441467,3.4010609926089543e-06,2.0,,,0.9753620255039964,5.95185673706567e-06,0.053099573978451775,0.6525831481392828,True
NAMPT (10135),lymphoid,-0.6187793307374085,-0.2217818300329433,0.0005440571971289,-0.7857212986366928,1.985738654165092e-32,94,-0.6445246980679229,-0.3889160583934699,3.429715997380514e-07,41.0,-0.4595398417515101,8.034058362534247e-06,0.6034152912360299,6.262959647390503e-07,0.0008117678814304223,0.3584182906831141,True
SNAP23 (8773),bowel,-0.6270907297664987,-0.6331997337656251,2.4868231185817286e-10,-0.7841506114188979,3.9922093289785547e-11,63,,,,,,,,,1.2986742952593472e-09,1.0097418183831248,False
UMPS (7372),lymphoid,-0.7093730620544537,-0.3945028520116778,2.357711451548007e-06,-0.7737913303898769,4.4378352569577934e-29,94,-0.7356783903575033,-0.6444993284928575,1.7126934907008324e-14,41.0,-0.721043490182573,3.1020716467597598e-09,0.8760612476053058,6.733266630400256e-14,5.2767827725122065e-06,0.5561288877662435,True
SEPHS2 (22928),kidney,-0.4657561706092404,-0.5348262710622504,5.1176326787884e-05,-0.7629604440977227,4.7269654491182446e-05,34,,,,,,,,,8.590311996537671e-05,1.1482966943039352,False
SEPHS2 (22928),lymphoid,-0.6362437648669778,-0.345797966152031,8.112077236396088e-06,-0.7533715636271214,9.583404147016244e-23,94,-0.6557923168853583,-0.4838541781114725,1.484367158099037e-07,41.0,-0.4845765637944574,6.917305069341635e-05,0.7378161738910048,2.833791847279979e-07,1.6576853483070268e-05,0.5434991826196183,True
FERMT2 (10979),skin,-0.6108555875005488,-0.5156905391930441,1.9055062612496136e-11,-0.7640065570745299,2.1990943598271902e-14,68,,,,,,,,,1.119484928484148e-10,0.8442102351934053,False
TFRC (7037),lymphoid,-0.6423438337335154,-0.2965941221965927,1.5507231672858105e-05,-0.7419609977589287,5.825276582270477e-26,94,-0.6685931639961885,-0.5066744209267507,7.907978583453247e-10,41.0,-0.673275388547977,3.8852545370120326e-06,0.757821719112939,2.0758443781564773e-09,3.036832869268046e-05,0.4617373229422773,True
NAMPT (10135),myeloid,-0.6046762216957351,-0.1731880034354361,0.0230961179890758,-0.7472285574080981,2.5388196902162376e-15,42,-0.6574049611373268,-0.355825866847508,0.0005841573048545,41.0,-0.4253291821174721,0.0002415525138377,0.5412582622314266,0.0006815168556636,0.026157049288832834,0.28641444333589483,True
SDHB (6390),lymphoid,-0.6479785540568901,-0.3394202337783599,4.0586751331200994e-08,-0.7341203191826722,1.0561829538856105e-29,94,-0.6705232657990701,-0.5156538093028626,5.6371466199263455e-14,41.0,-0.586529726825697,1.092546182614044e-09,0.7690319420734077,1.9730013169742212e-13,1.315570560390653e-07,0.5238139929991573,True
ADSL (158),myeloid,-0.6254714382986208,-0.1774614378957123,0.0434893210771546,-0.7371457091738305,4.488076668414864e-11,42,-0.6826989128180792,-0.4493520609110545,0.000157835874102,41.0,-0.5084031144778887,0.0002760060416073,0.658199467545944,0.0002071595847588,0.04698846185347739,0.28372428704088376,True
CCND1 (595),skin,-0.5364305385411128,-0.4250005033463671,8.081446708089195e-05,-0.7513597838953947,1.2875901257961198e-07,68,,,,,,,,,0.00013327298080006742,0.792274997061515,False
SUMO2 (6613),lymphoid,-0.6179266269384116,-0.4415626374051086,0.0358207889804875,-0.7216669481620047,0.0004035256005726,10,-0.6195170753125004,-0.442817006636708,0.0360911143676149,7.0,,,0.714777726527295,0.0360911143676149,0.03915295539727704,0.7145874900922806,True
CDAN1 (146059),lymphoid,-0.5511370619494338,-0.1864190442937805,0.0216512579329149,-0.717347388258246,4.7466641642605304e-17,94,-0.572325575772286,-0.2860458867635836,0.0022542614641677,41.0,-0.4298591836647585,0.0029038371528668,0.4997957436684501,0.002558891391758,0.024819734703585374,0.33824443530325354,True
EP300 (2033),lymphoid,-0.7190455993915703,-0.5565213244128032,2.6209121605021583e-15,-0.7138127847710718,8.598963279462991e-33,94,-0.7314196378528094,-0.6680113240951993,1.7827671932992365e-19,41.0,-0.576014333987656,7.085328533664828e-11,0.9133078871880516,1.4975244423713585e-18,2.7373971454133654e-14,0.7739722277470454,True
BCL2L1 (598),bowel,-0.6024504461281528,-0.5926561902242218,1.0898718347292257e-08,-0.7087627694107538,1.4536379917578674e-10,63,,,,,,,,,3.940305864021046e-08,0.9837426364825903,False
KRAS (3845),bowel,-0.7470886960552245,-0.7317156298179192,3.4936874025414176e-10,-0.7085547354966818,3.728717773096875e-14,63,,,,,,,,,1.7284558728362804e-09,0.9794227026610385,False
SOX10 (6663),eye,-0.7846091930163007,-0.7927243145712737,0.004739378576263,-0.7069344954689746,5.428057264751609e-05,10,,,,,,,,,0.0059400211489162935,1.0103428836001471,False
ADSL (158),lymphoid,-0.6727786236395202,-0.280350832491644,0.0003088941421225,-0.7043483026148512,7.545571295499275e-23,94,-0.699514555562268,-0.4550445769623294,3.613065557839128e-06,41.0,-0.4376418542348637,1.2598312859776806e-05,0.6505148082252066,6.0699501371697354e-06,0.00048393415599191664,0.4167059157959484,True
SNAP23 (8773),pleura,-0.5470709216756038,-0.5571030444460986,4.6639149358069544e-05,-0.6968741219393133,4.600497157632777e-05,21,,,,,,,,,7.971054617560977e-05,1.0183378833950227,False
SCAP (22937),bowel,-0.553259382498881,-0.5530058691968847,6.591109340452662e-08,-0.6867075681179416,5.3182667149801215e-08,63,,,,,,,,,1.998594445169517e-07,0.9995417821911103,False
WDR36 (134430),myeloid,-0.6548035574692657,-0.4564794856797313,0.0001577803215791,-0.6764773540686089,5.756471953078053e-06,10,-0.6668828085597043,-0.5458106922840568,0.0003826743663625,9.0,,,0.8184506862050737,0.0004592092396351,0.0002513788174311085,0.6971243214437743,True
FAM50A (9130),bowel,-0.3107847272389463,-0.3520311337829496,2.5177321688080043e-05,-0.6755232533141455,7.525447425741933e-05,63,,,,,,,,,4.6405259581951454e-05,1.132716967498506,False
FPGS (2356),lymphoid,-0.5459812358186659,-0.2733534170765126,2.145444120474107e-05,-0.6708233312019126,2.7120052424707484e-28,94,-0.5623571995302931,-0.3563639110360637,1.6602147365381743e-05,41.0,-0.4216744548314787,1.0401438610380787e-05,0.6336967168442325,2.4903221048072616e-05,4.0334349464913215e-05,0.5006644901754466,True
PAICS (10606),lymphoid,-0.5736861868164567,-0.3257983458008429,9.160237910241471e-10,-0.6671348838654333,1.7952520012751727e-31,94,-0.5908623261515948,-0.4472366428811658,1.369424915744769e-13,41.0,-0.4925197507548559,4.712803000355117e-08,0.7569219141015607,4.4242958816369453e-13,4.100296969346183e-09,0.5679034170384823,True
TYMS (7298),myeloid,-0.3865047421394322,-0.2968306861611412,0.018628508217588,-0.6955237028569836,0.0001481671849292,42,-0.3995735722582248,-0.3863390538494,0.0099951257958896,41.0,-0.7142326805938296,0.0064284212081502,0.9668783940488638,0.0107639816263426,0.022165566739914835,0.7679871779013233,True
FERMT2 (10979),soft tissue,-0.4406244142776047,-0.3899630345464017,1.973131190712182e-05,-0.6595481102626115,2.5126331767128348e-08,49,,,,,,,,,3.785190447488675e-05,0.8850236662118204,False
FAM50A (9130),lymphoid,-0.3423905590655089,-0.2057466474024407,0.0066984208150368,-0.655227558198187,1.921001848956053e-08,94,-0.3559744783920683,-0.350039338621643,1.887169658373822e-05,41.0,-0.6702686243994869,0.0004376104608551,0.9833270637905442,2.7331422638517424e-05,0.008284888902808674,0.6009121512111425,True
GRB2 (2885),liver,-0.4439164184767196,-0.3679674866580253,0.0004270012418018,-0.6374202364926882,0.0001786778067235,25,,,,,,,,,0.0006473889795059549,0.8289116404405364,False
DNAJC9 (23234),lymphoid,-0.4676653551810803,-0.3381930384959687,0.0011745750544174,-0.6456273309877603,1.3571476355279639e-09,94,-0.4796159686358008,-0.4441849152303856,0.0001731019230502,41.0,-0.6550159891805287,0.0002730818864878,0.926126201539549,0.0002203115384275,0.0016236772811064058,0.7231517895205647,True
TRPM7 (54822),myeloid,-0.491629685409493,-0.2244823712045364,0.0022288038693353,-0.649236875917413,4.9029989231975e-11,42,-0.5262970087152592,-0.4088222439671773,1.2849991158775192e-05,41.0,-0.5370362933349632,1.2500551614333506e-05,0.7767899820771377,1.998887513587252e-05,0.0029098272738544194,0.45660865864427685,True
CHMP4B (128866),peripheral nervous system,-0.6948270431411443,-0.6858605628042763,1.7489714272012533e-17,-0.6286606562208354,4.834763208780085e-12,47,,,,,,,,,2.7400552359486306e-16,0.9870953780147463,False
CTPS1 (1503),lymphoid,-0.5233702911926799,-0.3162175777192162,1.3565180313928747e-05,-0.6360650198377347,5.3525771697441425e-21,94,-0.5445253676689159,-0.5526040868847748,1.6166674415322161e-15,41.0,-0.6644835481967274,1.097346498744284e-10,1.0148362586860618,7.544448060483675e-15,2.7130360627857495e-05,0.6041947413534026,True
CFL1 (1072),lymphoid,-0.5956291391022024,-0.5032675785908065,8.051250769623751e-15,-0.6282553320969391,3.8547844296891305e-30,94,-0.6126163838317911,-0.7478292865875198,3.457049441515893e-28,41.0,-0.7508429907014329,2.1294496920851233e-14,1.2207138207927113,1.451960765436675e-26,7.568175723446326e-14,0.8449344492268908,True
FERMT2 (10979),cns/brain,-0.4186818758168971,-0.3612908731320999,6.558509497102431e-09,-0.621127911654316,1.4861692824370805e-11,91,,,,,,,,,2.4659995709105142e-08,0.8629245591946854,False
TFRC (7037),myeloid,-0.6155758088768051,-0.2073314783927149,0.0194321514087153,-0.6272267805769938,7.472616595858115e-11,42,-0.6702735960096563,-0.4811393899392877,5.307715140098073e-05,41.0,-0.5914172086955134,0.0002183921547255,0.7178253668407314,7.430801196137302e-05,0.022832777905240475,0.33680900939076386,True
FAM50A (9130),bladder/urinary tract,-0.2699862184718334,-0.3043424817073953,0.0009960809687461,-0.6064894498219039,0.0009634210920643,34,,,,,,,,,0.0013974867322706476,1.1272519146718822,False
SEPHS2 (22928),myeloid,-0.4455194563248681,-0.0297734376483427,0.7683365810333102,-0.6167775413301757,6.956194496326791e-07,42,-0.499170002701915,-0.3093407583952859,0.0153648291520804,41.0,-0.3650361080776294,0.0169685710870337,0.6197102324275929,0.0161330706096844,0.7683365810333102,0.06682859126725146,True
FERMT2 (10979),pleura,-0.4119663051768184,-0.3030134467842733,0.0234844573876647,-0.5916865997708414,0.0003925873689058,21,,,,,,,,,0.02628022612429145,0.7355296852596187,False
INTS6 (26512),skin,-0.3824842209266025,-0.3397029307464672,3.446779858617107e-05,-0.5774407016587395,1.9568538072140758e-07,68,,,,,,,,,6.11315673037751e-05,0.8881488755889229,False
CCND1 (595),esophagus/stomach,-0.4131927493597584,-0.4099896224645262,0.0014033399044715,-0.5883819733319164,0.0002980689475257,69,,,,,,,,,0.0018844850145760144,0.9922478627705944,False
UROD (7389),lymphoid,-0.4471815597441515,-0.3414793540009962,9.941421964319609e-08,-0.5885649499896715,2.7170405618351153e-19,94,-0.463480682827721,-0.5663813965520188,6.798605460419096e-19,41.0,-0.6945131202170721,6.866204754620908e-11,1.222017265307574,4.7590238222933675e-18,2.8317989837758884e-07,0.7636257501234369,True
GRB2 (2885),head and neck,-0.5173959825789487,-0.4604913766449164,1.0654717210121798e-15,-0.5839010476423524,3.069318749913665e-13,77,,,,,,,,,1.2519292721893113e-14,0.8900173023176706,False
SDHB (6390),myeloid,-0.5208209035763782,-0.1141118928139242,0.0876706225411233,-0.5942628025252563,3.4264620892441547e-12,42,-0.5756765928584637,-0.4331177593834895,3.9180957670285733e-08,41.0,-0.4594738773346523,9.229476573964988e-07,0.7523629842806135,8.228001110760003e-08,0.09156709465406211,0.2191000630549571,True
AP2S1 (1175),myeloid,-0.605529510173086,-0.3740772267246099,3.9091737240759545e-05,-0.5906895447721376,1.561483691699727e-12,42,-0.6398112882658535,-0.6019968834116127,6.541128137227055e-09,41.0,-0.6704509625010068,3.5810549516294726e-08,0.9408975653481622,1.6160434221384488e-08,6.804857964132216e-05,0.6177687799520832,True
GRB2 (2885),kidney,-0.5273289115300486,-0.4646554691796039,9.381843885760794e-08,-0.5597986645385669,1.3881122963278871e-06,34,,,,,,,,,2.7559166414422334e-07,0.881149239155886,False
CHMP4B (128866),soft tissue,-0.4838327605441059,-0.5151457640163549,2.142159027025679e-11,-0.5734873967234444,1.3856172303622304e-07,49,,,,,,,,,1.1844879325906695e-10,1.0647186507937891,False
CCND1 (595),pancreas,-0.432909826197387,-0.3190578285775493,0.0032311745148042,-0.5672009446450772,9.573614054035136e-05,48,,,,,,,,,0.00410446492421074,0.7370075920431374,False
CTPS1 (1503),myeloid,-0.4956446506862421,-0.2128638797981655,0.01656540670027,-0.568659414147102,2.236623580031438e-10,42,-0.5401924179280889,-0.5418172229337404,3.0739919598291525e-08,41.0,-0.6252251687994282,1.862807931210987e-08,1.0030078263813538,6.7951401217276e-08,0.01996343884391513,0.42946873229327903,True
SNAP23 (8773),esophagus/stomach,-0.4750413617049077,-0.4734237073794558,1.980925935396086e-06,-0.565345527419777,3.917403120301346e-07,69,,,,,,,,,4.541635071395904e-06,0.996594708469919,False
CDAN1 (146059),myeloid,-0.4942241269185835,-0.0906861366649319,0.4074733176059139,-0.5719892820258186,4.682545553777284e-06,42,-0.5410462366858577,-0.2707626825603527,0.0298991351432502,41.0,-0.313987117065535,0.052648770197993,0.5004427795651833,0.0306283823418661,0.41633143320604243,0.18349192547589077,True
FAM50A (9130),myeloid,-0.3177414323590832,-0.1240508910173154,0.1880901252314683,-0.5749302366067428,0.0001707081891762,42,-0.3468638004781925,-0.3282586976917905,0.0024871075692936,41.0,-0.5898299072848225,0.0017657027554503,0.94636193583547,0.0027489083660614,0.1942908985907475,0.39041458992708283,True
MED1 (5469),myeloid,-0.4878981211740218,-0.3834885473728106,5.80430072579744e-08,-0.5732560602259542,2.869684589147233e-10,42,-0.5076746787411375,-0.5289056492437357,7.696236371668819e-11,41.0,-0.5787343392158727,8.661693539560024e-08,1.0418200304085363,2.1549461840672694e-10,1.8186808940831978e-07,0.7860012792220391,True
DHFR (1719),lymphoid,-0.498133569136231,-0.2709097624984234,0.0001037631276661,-0.5606742930512293,1.7210076509447132e-19,89,-0.5135429402547746,-0.3492822908622425,0.0001224784620978,38.0,-0.3941146680757215,3.884982873798152e-05,0.6801423279014593,0.0001659385615518,0.00016816782759678276,0.5438496405054248,True
CKS1B (1163),cervix,-0.5987171998226505,-0.6092265479979961,6.361732945199844e-07,-0.5491332173895884,1.4753416318265846e-07,18,,,,,,,,,1.6162240455372575e-06,1.0175531088441399,False
PAICS (10606),myeloid,-0.3902521143802428,-0.0332848358903953,0.6245519301711997,-0.558104290185654,1.9368266740204668e-09,42,-0.4385907206972599,-0.298367592746348,0.0001922792376518,41.0,-0.4000278903243101,0.0008166135159425,0.6802870618694601,0.000237521411217,0.6312675423235782,0.08529059719062575,True
ELOB (6923),cervix,-0.4497421161306733,-0.4700288525771587,5.3147344653383855e-06,-0.548988633427065,2.42813787730849e-05,18,,,,,,,,,1.1101889772040183e-05,1.0451074865325511,False
FERMT2 (10979),ovary/fallopian tube,-0.3705424700781805,-0.2687038524514541,0.0007186710692564,-0.5474675645050944,2.096596770316438e-07,59,,,,,,,,,0.0010235618259106303,0.7251634404951219,False
SCAP (22937),pancreas,-0.4247174266559853,-0.4298802981883268,0.000603900605509,-0.5356546034820067,0.0003425784512711,48,,,,,,,,,0.0008733331833514769,1.0121560152899574,False
DNM2 (1785),myeloid,-0.6405264864441209,-0.4081568690676349,2.4680617091106895e-06,-0.5371910638437667,9.001005735746253e-14,42,-0.6877680293398976,-0.8422389450349099,4.1590581875751406e-12,41.0,-0.9241258948012384,2.2277475066881646e-10,1.2245974065460263,1.2477174562725423e-11,5.395297689683833e-06,0.6372209076528831,True
PTK2 (5747),liver,-0.4008753208806011,-0.319483951446612,0.0013919691910065,-0.5296265403183446,2.7486537435550335e-05,25,,,,,,,,,0.0018844850145760144,0.7969658764346056,False
CFLAR (8837),pancreas,-0.4362988190733224,-0.4215633484812767,3.0218447506177893e-06,-0.5274322455253366,8.274002124418568e-08,48,,,,,,,,,6.455759239956186e-06,0.9662261964784981,False
CUL2 (8453),cervix,-0.3483504110568151,-0.3485900680439985,0.0005873125437006,-0.5244061909141207,0.0003911495673497,18,,,,,,,,,0.0008626152985602563,1.0006879767601145,False
CDK6 (1021),lymphoid,-0.4885247638335271,-0.3296539752833525,0.0025825601054011,-0.5233937049142166,3.8170386058426506e-12,94,-0.5126079853638232,-0.6448054359569048,1.2418336796282125e-08,41.0,-0.839487928878518,4.8387330165277245e-08,1.2578919064229062,2.8976119191324956e-08,0.0033254883549000466,0.6747948101883481,True
DNM2 (1785),lymphoid,-0.5505180272235852,-0.4030554970745703,8.682988446007943e-07,-0.520242429295037,1.2989727623025891e-23,94,-0.5774524764600292,-0.763783179065633,2.214758723924796e-17,41.0,-0.891494256708756,1.1339497431138152e-12,1.3226771209777668,1.3288552343548776e-16,2.147897141907228e-06,0.7321385988162653,True
UROD (7389),myeloid,-0.3782787329829391,-0.1724510025955488,0.0245213356369539,-0.5219999521704304,1.1844374926380987e-07,42,-0.4161962126920852,-0.4852044571786227,1.4556990635250986e-07,41.0,-0.646711464571656,2.704372965473781e-07,1.1658069977143015,2.833791847279979e-07,0.027117712351454902,0.4558834202379719,True
SCD (6319),bowel,-0.4945031303398558,-0.4964450259015118,1.9350944149293257e-08,-0.5136822663627335,5.549757259907932e-10,63,,,,,,,,,6.736995370494689e-08,1.003926963132309,False
MYC (4609),pancreas,-0.4951216159820387,-0.5335887791486136,1.0037148271959825e-11,-0.5092316556390317,1.539485859255806e-06,48,,,,,,,,,6.289946250428156e-11,1.0776923525955902,False
NCAPD3 (23310),eye,-0.4869280047069658,-0.5048474904163017,3.139695156275106e-07,-0.509034671312319,0.0005057623278434,10,,,,,,,,,8.198092908051665e-07,1.0368010990046053,False
ADSL (158),breast,-0.3359255787098052,-0.3934983649132454,1.761869364729693e-06,-0.5038775975497989,2.4355798834831664e-05,53,,,,,,,,,4.140393007114778e-06,1.1713855385010006,False
