Gene,Lineage,background,n_target,n_other,selectivity,p
MYB (4602),myeloid,exclude_other_heme,43,1055,-1.070919040641246,1.219802932218805e-27
MYB (4602),myeloid,all_others,43,1149,-1.063899622774478,1.451025833157161e-25
CBFB (865),myeloid,exclude_other_heme,43,1055,-1.0808843100260208,2.9641025662512284e-23
CBFB (865),myeloid,all_others,43,1149,-1.0630768767121261,5.78475212528565e-21
NMNAT1 (64802),lymphoid,exclude_other_heme,94,1055,-0.9617404467762212,1.6986797909805258e-41
NMNAT1 (64802),lymphoid,all_others,94,1098,-0.9559186044967136,1.4264625965363342e-40
IRF4 (3662),lymphoid,exclude_other_heme,94,1055,-0.9431736960309411,8.94117988389473e-29
IRF4 (3662),lymphoid,all_others,94,1098,-0.9443862012758957,5.528624045549507e-29
ATP1B3 (483),lymphoid,exclude_other_heme,94,1055,-0.8188638625160126,1.591572458922541e-43
ATP1B3 (483),lymphoid,all_others,94,1098,-0.8129261134633042,2.1085998694134373e-41
UMPS (7372),myeloid,exclude_other_heme,43,1055,-0.8368413916944948,1.7347828305668034e-12
UMPS (7372),myeloid,all_others,43,1149,-0.8073332022272073,1.1195541034366265e-10
DCAF7 (10238),myeloid,exclude_other_heme,7,59,-0.811535285064622,0.0003709644154374405
DCAF7 (10238),myeloid,all_others,7,67,-0.7922003368754144,0.0008448883898280721
NAMPT (10135),lymphoid,exclude_other_heme,94,1055,-0.7957649491832539,6.425459235108519e-35
NAMPT (10135),lymphoid,all_others,94,1098,-0.7852192017044958,1.7931374671564668e-32
UMPS (7372),lymphoid,exclude_other_heme,94,1055,-0.783485466889897,8.971657203833532e-31
UMPS (7372),lymphoid,all_others,94,1098,-0.7717732730149428,7.866237070193037e-29
SEPHS2 (22928),lymphoid,exclude_other_heme,94,1055,-0.764438830223459,9.204128100264306e-24
SEPHS2 (22928),lymphoid,all_others,94,1098,-0.7493405804758555,1.2556043312087588e-22
TFRC (7037),lymphoid,exclude_other_heme,94,1055,-0.7710329292589239,6.373446027419422e-28
TFRC (7037),lymphoid,all_others,94,1098,-0.7402023761528429,4.3179210064976634e-26
NAMPT (10135),myeloid,exclude_other_heme,43,1055,-0.761554289549216,1.1495398734580414e-16
NAMPT (10135),myeloid,all_others,43,1149,-0.7376020024692531,2.1603924576096427e-14
SDHB (6390),lymphoid,exclude_other_heme,94,1055,-0.7526748136269761,1.9482315456118584e-31
SDHB (6390),lymphoid,all_others,94,1098,-0.7315352899151317,1.2055571578380332e-29
ADSL (158),myeloid,exclude_other_heme,43,1055,-0.8011424948958573,1.945717446116755e-12
ADSL (158),myeloid,all_others,43,1149,-0.7307210177611276,8.294374774832255e-11
SUMO2 (6613),lymphoid,exclude_other_heme,10,303,-0.724428247759192,0.0004029161490078719
SUMO2 (6613),lymphoid,all_others,10,305,-0.7216669481620047,0.00040352560057264436
CDAN1 (146059),lymphoid,exclude_other_heme,94,1055,-0.7358384565893532,4.484855988172907e-18
CDAN1 (146059),lymphoid,all_others,94,1098,-0.7159948179306301,5.823337460443908e-17
EP300 (2033),lymphoid,exclude_other_heme,94,1055,-0.7214000547078198,7.611571180688464e-34
EP300 (2033),lymphoid,all_others,94,1098,-0.7146638728946605,6.0406701257531233e-33
ADSL (158),lymphoid,exclude_other_heme,94,1055,-0.7303812346528323,1.5927828215215798e-24
ADSL (158),lymphoid,all_others,94,1098,-0.701940676505588,7.750355650736774e-23
WDR36 (134430),myeloid,exclude_other_heme,10,354,-0.6831104522177882,4.525782746885773e-06
WDR36 (134430),myeloid,all_others,10,371,-0.6764773540686089,5.756471953078053e-06
FPGS (2356),lymphoid,exclude_other_heme,94,1055,-0.6789409133508599,9.466217805951334e-30
FPGS (2356),lymphoid,all_others,94,1098,-0.6693869314954697,2.62223500884943e-28
PAICS (10606),lymphoid,exclude_other_heme,94,1055,-0.6838000813153684,6.0119936745237534e-33
PAICS (10606),lymphoid,all_others,94,1098,-0.666286640292447,2.6642880905027486e-31
TYMS (7298),myeloid,exclude_other_heme,43,1055,-0.6831164734488959,7.82265423103986e-05
TYMS (7298),myeloid,all_others,43,1149,-0.6592989816798756,0.00013542470570577817
FAM50A (9130),lymphoid,exclude_other_heme,94,1055,-0.6664558245117054,5.26796496910513e-09
FAM50A (9130),lymphoid,all_others,94,1098,-0.6524538990645462,1.745698568123668e-08
DNAJC9 (23234),lymphoid,exclude_other_heme,94,1055,-0.6677076473561161,7.12042033728148e-10
DNAJC9 (23234),lymphoid,all_others,94,1098,-0.6421387043658875,1.7527779335618977e-09
TRPM7 (54822),myeloid,exclude_other_heme,43,1055,-0.6909204379225552,4.745998266444478e-12
TRPM7 (54822),myeloid,all_others,43,1149,-0.6419783536562621,6.261121743856383e-11
CTPS1 (1503),lymphoid,exclude_other_heme,94,1055,-0.6491343289345028,2.409535899619666e-22
CTPS1 (1503),lymphoid,all_others,94,1098,-0.6282120910887025,6.505755707508665e-21
CFL1 (1072),lymphoid,exclude_other_heme,94,1055,-0.6497130019917128,1.3738622464883122e-31
CFL1 (1072),lymphoid,all_others,94,1098,-0.6279989622113911,3.1205435006477845e-30
TFRC (7037),myeloid,exclude_other_heme,43,1055,-0.6891747494064603,3.697232532190456e-12
TFRC (7037),myeloid,all_others,43,1149,-0.6157573648218656,1.7743778842720102e-10
SEPHS2 (22928),myeloid,exclude_other_heme,43,1055,-0.644898374506631,3.5272298016289835e-08
SEPHS2 (22928),myeloid,all_others,43,1149,-0.6008877682323319,8.171233314692918e-07
UROD (7389),lymphoid,exclude_other_heme,94,1055,-0.6016785564554568,1.381926920598469e-20
UROD (7389),lymphoid,all_others,94,1098,-0.5882643322073855,2.513908107912559e-19
SDHB (6390),myeloid,exclude_other_heme,43,1055,-0.6256189641359313,1.1181526589453165e-14
SDHB (6390),myeloid,all_others,43,1149,-0.5859432070957649,2.4191643260183337e-12
AP2S1 (1175),myeloid,exclude_other_heme,43,1055,-0.5948959446586861,2.9334008994126105e-13
AP2S1 (1175),myeloid,all_others,43,1149,-0.5745008383868602,4.1816443657720745e-12
CTPS1 (1503),myeloid,exclude_other_heme,43,1055,-0.6098759495372037,9.601568025847804e-12
CTPS1 (1503),myeloid,all_others,43,1149,-0.5663756531649238,3.987006763391273e-10
CDAN1 (146059),myeloid,exclude_other_heme,43,1055,-0.6199663899901298,5.045572873264519e-07
CDAN1 (146059),myeloid,all_others,43,1149,-0.5595989561587168,4.026044521865806e-06
FAM50A (9130),myeloid,exclude_other_heme,43,1055,-0.586017107397041,4.157465898508067e-05
FAM50A (9130),myeloid,all_others,43,1149,-0.5591713967910519,0.00015463872399614837
MED1 (5469),myeloid,exclude_other_heme,43,1055,-0.574896224033975,1.0807788301178218e-10
MED1 (5469),myeloid,all_others,43,1149,-0.5572949443334795,3.3701835507176387e-10
DHFR (1719),lymphoid,exclude_other_heme,89,944,-0.5747549872119888,1.160704390442032e-20
DHFR (1719),lymphoid,all_others,89,987,-0.557165100754308,1.7494087001316538e-19
PAICS (10606),myeloid,exclude_other_heme,43,1055,-0.5913082208848226,1.9809454150799422e-11
PAICS (10606),myeloid,all_others,43,1149,-0.5503758604547087,1.9092998144298067e-09
DNM2 (1785),myeloid,exclude_other_heme,43,1055,-0.5681632913549559,4.8657431420346674e-15
DNM2 (1785),myeloid,all_others,43,1149,-0.5321046873162314,2.4773318829724395e-13
CDK6 (1021),lymphoid,exclude_other_heme,94,1055,-0.5394043158115214,3.664963159252556e-13
CDK6 (1021),lymphoid,all_others,94,1098,-0.5233937049142166,3.2812686422287285e-12
DNM2 (1785),lymphoid,exclude_other_heme,94,1055,-0.5355316532624737,8.485901589516528e-26
DNM2 (1785),lymphoid,all_others,94,1098,-0.520242429295037,1.0252828398098042e-23
UROD (7389),myeloid,exclude_other_heme,43,1055,-0.5538769008100406,8.123989104099673e-09
UROD (7389),myeloid,all_others,43,1149,-0.5146232828447995,1.3050082129961908e-07
