Gene,Lineage,NextGen_lineage,NextGen_target_models,NextGen_target_3D,NextGen_target_2D_coated,NextGen_other_models,NextGen_target_mean,NextGen_other_mean,NextGen_mean_difference,NextGen_p_one_sided,TwoD_selectivity_primary,TwoD_mean_difference_matched,TwoD_n_target,TwoD_n_other,NextGen_q_BH,Reproduced_q_lt_0.05
FERMT2 (10979),cns/brain,CNS/Brain,39,14,25,108,-0.527054689,-0.263618779,-0.26343591,2.370743522017999e-05,-0.6206097910328806,-0.46740558449911596,91,370,0.0004030263987430598,True
CFLAR (8837),pancreas,Pancreas,23,23,0,124,-1.452305859,-0.939943267,-0.512362591,0.00023075158054368722,-0.52426533400898,-0.37459652012727274,48,413,0.001961388434621341,True
KRAS (3845),pancreas,Pancreas,23,23,0,124,-1.276005464,-0.887108153,-0.388897311,0.003141922485725111,-1.583870584342049,-1.3655482804683245,48,413,0.01780422741910896,True
CTNNB1 (1499),bowel,Colorectal,22,18,4,125,-0.85339197,-0.505020961,-0.348371009,0.004258769052780194,-1.1223739280180098,-0.9411468813750992,63,398,0.018099768474315825,True
BCL2L1 (598),bowel,Colorectal,22,18,4,125,-1.772696585,-1.37390753,-0.398789055,0.006734036075575276,-0.7122566945408031,-0.5481706888595612,63,398,0.020292212414288295,True
SNAP23 (8773),esophagus/stomach,Esophagus/Stomach,27,24,3,120,-0.971869099,-0.788562187,-0.183306912,0.007161957322689987,-0.5633885320887952,-0.384397569642127,69,392,0.020292212414288295,True
KRAS (3845),bowel,Colorectal,22,18,4,125,-1.198622357,-0.903838758,-0.294783599,0.019920268631773777,-0.7085547354966818,-0.5934547843524168,63,398,0.04837779524859346,True
SCAP (22937),bowel,Colorectal,22,18,4,125,-1.522740915,-1.361833291,-0.160907624,0.04775576011311558,-0.6859026146933238,-0.4851984667674185,63,398,0.1014809902403706,False
CCND1 (595),esophagus/stomach,Esophagus/Stomach,27,24,3,120,-1.386568329,-1.223555027,-0.163013302,0.058549416621997544,-0.5887914493247446,-0.35001404931804947,69,392,0.1072924235663553,False
FAM50A (9130),bowel,Colorectal,22,18,4,125,-0.762234584,-0.616567714,-0.14566687,0.06311319033315017,-0.6723645529129287,-0.30557203761178275,63,398,0.1072924235663553,False
SCD (6319),bowel,Colorectal,22,18,4,125,-1.108485446,-0.983693997,-0.124791449,0.09063047150329111,-0.5097108470541621,-0.4771532046220517,63,398,0.1400652741414499,False
SNAP23 (8773),bowel,Colorectal,22,18,4,125,-0.901659447,-0.808251362,-0.093408085,0.1114104101465209,-0.780379898160437,-0.5481815388464591,63,398,0.15783141437423792,False
ADSL (158),breast,Breast,14,14,0,133,-1.197724513,-1.098188971,-0.099535542,0.22439060683851766,-0.5033007855072965,-0.3342079198610499,53,408,0.29163344721660683,False
FOXA1 (3169),prostate,Prostate,9,7,2,138,-0.265799929,-0.180919473,-0.084880456,0.24016872123720562,-1.2412448075016358,-1.1009271542992962,5,456,0.29163344721660683,False
CCND1 (595),pancreas,Pancreas,23,23,0,124,-1.23516195,-1.256896962,0.021735012,0.6033019376191602,-0.5719345077454796,-0.36146455506044517,48,413,0.661701707209033,False
SCAP (22937),pancreas,Pancreas,23,23,0,124,-1.358022682,-1.391088224,0.033065543,0.6291180824938896,-0.5347038062785472,-0.3376438841665643,48,413,0.661701707209033,False
MYC (4609),pancreas,Pancreas,23,23,0,124,-1.825599308,-1.869436423,0.043837115,0.661701707209033,-0.5092316556390317,-0.5217247019499545,48,413,0.661701707209033,False
