Gene,Lineage,target_format,reproduced_in_S13,n_target,n_other,median_target,median_other,median_difference,p_one_sided
FERMT2 (10979),cns/brain,3DN,True,14,94,-0.3789182294980829,-0.2537066647738549,-0.125211564724228,0.030082540564969666
CFLAR (8837),pancreas,3DO,True,23,71,-1.3738711583057854,-1.139922701410546,-0.23394845689523946,0.017776443451857592
KRAS (3845),pancreas,3DO,True,23,71,-1.266218098528454,-0.8494477927396727,-0.41677030578878116,0.009210150750601644
CTNNB1 (1499),bowel,3DO,True,18,76,-0.5791008123266476,-0.5519887182007375,-0.02711209412591009,0.16232684885886706
BCL2L1 (598),bowel,3DO,True,18,76,-1.7997436159130606,-1.356337223921038,-0.4434063919920226,0.12345146365537024
SNAP23 (8773),esophagus/stomach,3DO,True,24,70,-0.9265135466036624,-0.7857891843526946,-0.14072436225096774,0.05877580563246313
KRAS (3845),bowel,3DO,True,18,76,-0.9407573579735808,-0.9384758404804405,-0.002281517493140317,0.22245482782959525
SCAP (22937),bowel,3DO,False,18,76,-1.5951794667846904,-1.5363112306978373,-0.0588682360868531,0.36289372516196783
CCND1 (595),esophagus/stomach,3DO,False,24,70,-1.3809244593194059,-1.1822412733486942,-0.19868318597071166,0.12001055913648123
FAM50A (9130),bowel,3DO,False,18,76,-0.6930669061964871,-0.43814955398563304,-0.2549173522108541,0.016650697491518974
SCD (6319),bowel,3DO,False,18,76,-1.184042269955357,-1.0697525639319503,-0.11428970602340671,0.5743181664310681
SNAP23 (8773),bowel,3DO,False,18,76,-0.7501964683057358,-0.8685104308907503,0.11831396258501448,0.38473064926633993
ADSL (158),breast,3DO,False,14,80,-1.2439279784875223,-1.3083876276842532,0.06445964919673086,0.6741295803280862
FOXA1 (3169),prostate,3DO,False,7,87,-0.2111687773268767,-0.175208527404819,-0.03596024992205771,0.3728667586223667
CCND1 (595),pancreas,3DO,False,23,71,-1.2075305199916593,-1.265564920604209,0.05803440061254972,0.6242339888763639
SCAP (22937),pancreas,3DO,False,23,71,-1.4054486470444725,-1.614069618494343,0.20862097144987057,0.9471988191033868
MYC (4609),pancreas,3DO,False,23,71,-1.8404971714967684,-1.8913322831596149,0.05083511166284649,0.4859681087624816
