n_final_pairs,n_q_lt_0_05
12,608
11,681
7,635
11,570
8,757
16,946
13,873
12,691
14,663
11,905
12,840
13,621
11,688
15,766
12,718
13,870
12,637
10,598
14,744
12,758
13,709
12,745
18,860
15,765
8,867
14,819
12,644
10,598
14,689
10,648
14,808
12,713
12,852
10,625
8,585
10,548
11,698
12,727
10,632
10,615
10,686
12,796
11,601
12,738
17,711
15,912
15,704
15,813
7,625
14,701
11,718
8,512
12,703
13,780
10,739
11,743
13,733
15,858
12,962
10,658
8,527
14,831
9,726
12,707
12,785
14,788
13,827
17,779
10,723
14,873
12,778
17,712
12,793
12,677
11,746
13,610
8,688
13,677
16,847
13,595
12,698
12,644
12,727
10,592
10,661
12,671
16,768
8,755
14,764
16,778
8,721
12,647
10,679
6,659
12,583
10,617
11,646
14,636
13,594
16,817
16,716
9,757
13,654
9,712
7,670
11,618
13,736
11,663
14,763
10,818
12,770
11,722
16,736
8,845
10,672
13,934
11,746
9,569
11,712
10,691
17,727
11,720
13,845
11,566
11,829
10,769
11,578
12,722
7,778
14,824
10,743
9,571
15,725
9,760
12,668
14,491
18,690
13,695
13,773
12,841
9,536
11,617
11,663
16,720
11,733
11,629
10,843
10,787
9,676
15,746
10,654
13,762
9,485
8,582
10,701
10,632
8,659
8,491
13,674
10,537
11,748
8,689
16,808
16,777
14,627
11,692
6,607
8,678
11,786
10,628
10,751
9,583
18,642
12,792
12,651
6,689
17,755
16,1023
14,672
12,743
11,656
11,749
12,710
13,603
10,692
12,781
14,810
13,753
7,679
17,935
8,633
9,557
12,784
12,683
12,736
12,776
17,799
14,715
9,671
10,668
18,876
13,774
14,837
12,601
12,696
18,958
11,751
10,597
7,660
11,626
14,851
9,710
12,693
19,793
13,832
13,615
13,590
11,694
13,758
13,811
16,788
8,779
11,783
9,559
12,731
14,970
17,808
11,730
10,835
15,813
16,818
16,823
12,647
10,671
15,917
12,714
10,737
17,724
13,891
14,685
10,661
16,666
11,570
12,760
10,611
14,577
14,882
13,667
13,791
12,968
17,742
10,698
7,734
11,711
18,800
13,883
13,680
12,612
7,731
12,689
15,714
15,598
14,780
8,781
15,719
13,882
15,733
12,566
13,755
13,848
10,568
9,775
10,685
11,742
14,817
11,604
10,657
14,876
10,740
11,861
9,582
12,673
11,709
8,708
14,728
8,738
16,897
16,588
10,701
9,629
9,730
16,616
14,851
11,660
15,774
9,642
9,653
12,779
13,720
11,692
12,712
14,801
13,799
7,568
16,670
9,677
12,653
10,671
12,546
10,652
12,793
9,841
11,582
6,568
14,760
10,620
7,606
13,773
16,948
17,633
8,693
15,842
12,716
14,659
8,642
14,967
13,738
13,638
16,896
7,567
7,697
10,793
14,609
14,699
12,604
14,698
7,604
11,745
12,915
10,648
8,881
13,853
18,676
14,887
9,541
12,747
10,648
10,584
10,747
10,530
10,657
14,875
16,832
11,664
9,642
13,650
9,703
14,751
15,755
15,833
12,718
11,653
12,847
11,627
10,770
12,679
11,871
11,703
9,716
11,610
11,840
14,680
16,738
12,663
11,704
13,905
18,897
10,723
13,621
10,670
14,748
15,745
11,880
11,881
12,645
20,844
7,636
8,526
8,609
16,737
13,636
11,627
9,703
16,625
9,671
12,609
12,578
12,733
13,719
15,803
15,783
13,590
21,1122
16,663
15,609
17,764
11,784
12,808
11,618
10,709
15,969
14,766
16,747
11,1000
12,742
10,603
16,746
11,595
15,877
13,707
8,648
14,668
19,1020
7,580
16,688
11,642
12,768
12,679
6,479
13,773
13,696
13,549
9,898
14,819
12,597
15,892
13,567
12,612
17,719
12,880
13,591
9,665
9,651
10,724
19,900
12,647
13,756
10,522
7,610
9,809
13,729
10,602
15,870
13,884
10,793
13,847
15,1053
8,546
11,781
9,671
13,813
9,691
16,718
15,728
12,703
10,804
13,626
14,757
9,780
12,726
10,798
16,727
17,726
10,761
7,699
15,658
8,685
12,926
16,627
14,636
11,814
13,972
9,859
12,706
14,583
10,773
14,827
12,721
13,903
14,691
14,869
11,713
12,621
14,678
18,863
9,592
9,615
11,848
10,600
10,943
15,551
12,706
13,714
12,656
11,733
9,726
15,1017
14,759
15,772
8,732
14,695
16,683
8,562
11,703
14,684
12,695
11,696
11,557
9,607
11,818
10,758
20,673
19,941
10,767
9,599
14,742
9,670
16,800
10,689
14,794
18,701
14,771
13,794
11,734
11,786
14,982
10,780
15,717
9,652
8,560
14,684
10,679
10,590
9,716
11,648
10,678
10,771
14,665
17,861
15,637
8,816
13,795
12,793
14,792
11,663
14,642
10,611
13,690
9,691
11,620
10,527
11,650
14,746
12,996
10,681
18,733
10,609
11,751
11,655
13,605
12,738
11,677
8,556
13,605
14,702
12,702
12,819
16,736
16,798
9,541
13,686
10,903
14,972
15,665
16,713
8,469
14,720
16,916
13,723
20,797
8,672
15,863
12,594
11,806
14,613
9,596
10,725
13,583
16,851
14,614
10,553
10,682
9,524
15,948
14,719
18,835
9,764
14,789
19,640
11,728
8,602
9,520
10,770
13,720
12,765
14,695
16,730
13,809
11,672
14,834
9,868
11,592
8,697
18,722
14,775
12,648
12,677
13,738
11,685
12,759
12,596
17,831
15,605
14,578
8,559
8,599
6,703
5,603
12,684
13,617
11,715
15,619
17,628
10,679
10,780
5,518
19,650
11,800
12,927
9,618
10,701
11,576
13,949
16,853
13,604
13,975
16,796
11,772
16,711
16,819
9,664
14,748
9,555
13,802
15,762
14,689
16,830
8,714
12,687
12,587
13,696
12,777
14,849
10,626
11,749
14,683
12,627
10,583
16,670
13,681
14,669
12,763
13,791
14,714
11,618
12,591
10,674
12,739
15,852
13,786
12,611
13,737
12,791
8,685
9,655
11,746
12,665
18,679
16,769
10,700
8,665
12,656
8,499
12,702
16,781
19,762
11,666
13,725
10,731
13,745
10,695
17,874
14,786
9,608
8,788
8,729
13,695
11,796
14,681
11,722
12,799
10,781
15,643
10,582
11,729
19,703
9,678
12,657
9,506
11,782
11,698
16,869
23,787
6,564
18,714
15,777
11,709
17,701
9,659
13,879
11,698
10,683
8,621
13,814
4,614
15,638
10,487
10,681
9,631
8,689
10,807
13,616
15,721
12,744
18,809
13,753
11,675
13,715
14,892
19,785
11,994
17,814
10,584
8,510
13,675
16,605
10,746
14,803
14,891
11,690
9,611
9,675
12,703
10,802
12,729
15,733
14,738
15,863
11,775
12,657
10,649
15,751
14,663
13,800
14,716
10,855
12,851
14,711
12,715
11,741
15,664
18,795
11,515
15,733
12,742
16,686
9,593
11,626
14,647
12,761
9,539
11,718
13,786
11,720
12,656
17,682
11,594
10,816
10,739
10,703
12,643
12,814
11,691
12,683
7,670
13,701
10,631
14,679
11,732
11,787
9,766
11,604
13,684
12,839
17,880
9,734
12,842
11,721
12,721
18,713
12,753
11,731
10,711
10,696
6,588
9,783
16,608
9,727
11,705
18,813
12,674
9,652
18,754
13,742
12,697
11,675
14,582
11,688
11,741
9,652
19,789
17,858
9,571
13,717
14,733
9,703
11,764
10,605
15,645
16,700
18,652
10,775
13,589
10,694
12,764
11,815
11,657
9,585
15,865
16,845
11,511
9,595
12,757
13,769
10,670
8,549
9,608
13,793
14,822
13,839
10,837
17,874
11,732
14,759
14,709
13,746
14,651
15,901
16,674
12,731
12,705
11,753
12,763
17,954
8,820
9,686
22,845
11,497
13,649
10,531
11,641
14,760
16,597
8,605
12,748
9,695
15,1001
10,871
10,730
8,802
16,763
16,804
15,615
13,648
16,802
9,584
15,756
15,941
12,828
9,870
14,900
9,690
11,753
13,713
14,727
19,649
15,754
8,633
11,794
12,860
18,812
10,720
8,711
19,841
12,689
10,647
14,653
14,794
16,764
14,862
13,749
13,756
12,796
11,661
12,818
10,827
11,883
8,632
13,658
10,695
12,745
10,785
13,683
10,642
10,587
16,626
13,745
10,732
8,502
17,773
7,607
18,754
17,1037
10,788
12,771
13,656
8,578
13,803
13,689
17,871
14,807
15,609
13,689
11,744
15,670
12,636
10,803
10,787
12,767
10,940
11,775
7,536
19,828
14,816
9,722
11,633
8,804
8,638
16,808
10,602
14,871
10,667
12,596
11,604
12,658
15,554
11,613
12,763
14,801
15,805
