Gene,Lineage,selectivity,sel_ci_low,sel_ci_high,p_boot_sel_lt_minus0_5,median_comparison,n_other_lineages_median_lt_minus1,coverage,selectivity_vs_adherent
KRAS (3845),pancreas,-1.583870584342049,-1.9068057169608608,-1.3639993754879416,1.0,-0.5027912706731148,1,1.0,-1.5844526500685152
SOX10 (6663),skin,-1.3748090555286852,-1.6622273477367948,-1.1266097438636542,1.0,-0.2953696861005563,1,1.0,-1.3653462684162683
HNF1B (6928),kidney,-1.2651783317432932,-1.5567072426594974,-0.6778479788938805,0.988,-0.1599547715406944,0,1.0,-1.266030939868908
FOXA1 (3169),prostate,-1.2412448075016358,-2.1361948488978064,-0.03406797157199179,0.952,-0.1225957134497577,0,1.0,-1.2340430281610297
MDM2 (4193),eye,-1.1342943128720693,-1.400498035486563,-0.7722021415362592,1.0,-0.4199775996261109,3,1.0,-1.125878754445281
CTNNB1 (1499),bowel,-1.1223739280180098,-1.3009930636773794,-0.8164514005408364,1.0,-0.1329652794742778,1,1.0,-1.1097927103208454
CFLAR (8837),kidney,-1.0743909130875164,-1.5491504734604247,-0.6449981322261785,0.996,-0.5563753664767225,3,1.0,-1.0582213161268077
MYB (4602),myeloid,-1.063899622774478,-1.3242888632407546,-0.9912270020046864,1.0,-0.2931148543955476,0,1.0,
CBFB (865),myeloid,-1.063076876712126,-1.3907822427007435,-0.8512741288732499,1.0,-0.1457668424501607,0,1.0,
TUBB4B (10383),ampulla of vater,-1.0478971163140067,-1.9552739963533752,-0.11966086107786772,0.685,-0.32316123250174,0,1.0,-1.02620617371
PAX8 (7849),kidney,-1.0132545588480053,-1.3286072602545242,-0.4424338935593439,0.958,-0.1057483436988376,0,1.0,-1.0098244693734837
BRAF (673),skin,-1.0044395534041146,-1.1512865264575816,-0.6934279565962019,0.996,-0.0854275580043757,0,1.0,-1.0060154035257416
ZER1 (10444),cervix,-0.9874561271339009,-1.2811973060985253,-0.704137304957687,1.0,-0.11416293800487054,0,1.0,-0.9881551348459824
NMNAT1 (64802),lymphoid,-0.9559186044967136,-1.107085600511549,-0.8722832816809946,1.0,-0.24430622069033858,0,1.0,
IRF4 (3662),lymphoid,-0.9443862012758956,-1.2579854251380467,-0.41856081104222764,0.939,-0.09676774001372705,0,1.0,
CCND1 (595),peripheral nervous system,-0.932400838571928,-1.121709171053386,-0.6910590319353629,0.999,-1.04655249993445,16,1.0,-0.7529375255075197
FERMT2 (10979),kidney,-0.9199615822261475,-1.1188304996909033,-0.4455358349683622,0.958,-0.48294378162160867,6,1.0,-0.7785534884072509
SKP2 (6502),cervix,-0.9099641471038163,-1.4091082048692494,-0.3776306398983961,0.834,-0.6597209731187603,0,1.0,-0.9059054274829854
MDM2 (4193),kidney,-0.8699146745429291,-1.1021604355140646,-0.36407541269489474,0.965,-0.41607072399696166,3,1.0,-0.8639862304996127
MDM2 (4193),pleura,-0.859724945439347,-1.214369382284079,-0.186825387565905,0.875,-0.4186339007710089,3,1.0,-0.8511794949700303
NHLRC2 (374354),thyroid,-0.8385685386803599,-1.085955196916328,-0.4611772746409619,0.901,-0.7740374797538534,5,1.0,-0.8198661214223878
MDM2 (4193),skin,-0.8153544382751436,-1.025757133269352,-0.3025941633086956,0.863,-0.414666013664794,3,1.0,-0.8114075168145537
ATP1B3 (483),lymphoid,-0.8129261134633042,-0.8935893324096084,-0.7088831852765213,1.0,-0.2973934471262233,0,1.0,
UMPS (7372),myeloid,-0.8073332022272073,-1.0440073799095686,-0.4754491883069735,0.933,-0.4420862368788819,2,1.0,
DCAF7 (10238),myeloid,-0.7922003368754144,-1.016873625440496,-0.32717796903158747,0.874,-0.6452072614166818,1,0.06208053691275168,
NAMPT (10135),lymphoid,-0.7852192017044958,-0.8458188419611679,-0.7287101235189486,1.0,-0.2969030721089515,1,1.0,
SNAP23 (8773),bowel,-0.780379898160437,-0.9467674591839504,-0.6161600962252058,0.999,-0.7422117172167758,6,1.0,-0.8191204755982007
UMPS (7372),lymphoid,-0.7717732730149428,-0.9811918580826304,-0.6917674466057018,1.0,-0.42429024128654846,2,1.0,
SEPHS2 (22928),kidney,-0.7626036972388782,-1.124047138521464,-0.23903713199508717,0.879,-0.6993277480985273,3,1.0,-0.839977473932463
SEPHS2 (22928),lymphoid,-0.7493405804758555,-0.8718543246219286,-0.6666177584605667,1.0,-0.6649898271888,3,1.0,
FERMT2 (10979),skin,-0.7414481496365699,-0.8722347225595037,-0.5977436026047905,1.0,-0.469949191719441,6,1.0,-0.6084736820451923
TFRC (7037),lymphoid,-0.7402023761528429,-0.8407937567604921,-0.5978451340904132,1.0,-0.835301843837642,8,1.0,
NAMPT (10135),myeloid,-0.7376020024692531,-0.9176013519077217,-0.6432621992866175,1.0,-0.3103096117101562,1,1.0,
SDHB (6390),lymphoid,-0.7315352899151317,-0.8250703777805477,-0.5744135085334444,1.0,-0.3974415725073837,1,1.0,
ADSL (158),myeloid,-0.7307210177611276,-0.8401401258990273,-0.5381750748842614,0.994,-0.964061807938486,8,1.0,
CCND1 (595),skin,-0.7259100900139328,-0.9538492226665427,-0.3794946059674365,0.943,-1.0446965393222232,16,1.0,-0.5544090465874651
SUMO2 (6613),lymphoid,-0.7216669481620047,-1.1197319240034873,-0.3953221815802298,0.941,-0.7929491880436018,1,0.26426174496644295,
CDAN1 (146059),lymphoid,-0.7159948179306301,-0.8052953054982561,-0.5818918334160008,0.997,-0.9184347638906503,8,1.0,
EP300 (2033),lymphoid,-0.7146638728946605,-0.8304330544232009,-0.5410985577939629,1.0,-0.29027727212733667,0,1.0,
BCL2L1 (598),bowel,-0.7122566945408031,-0.9655658334931724,-0.4925378929892742,0.973,-0.9615977554022876,13,1.0,-0.6853701508326836
KRAS (3845),bowel,-0.7085547354966818,-1.0575956104588575,-0.5136514845713118,0.976,-0.5027572416194172,1,1.0,-0.7085207064429841
SOX10 (6663),eye,-0.7065522105361061,-1.4477974385431929,-0.08108427304248608,0.64,-0.3054095560530782,1,1.0,-0.6942113049282915
ADSL (158),lymphoid,-0.701940676505588,-0.8214357078073892,-0.5377239584877787,0.996,-0.9220808889510006,8,1.0,
SNAP23 (8773),pleura,-0.6881620637483166,-0.8752541218961688,-0.4036012834856441,0.876,-0.7587150702997643,6,1.0,-0.7130512657411576
SCAP (22937),bowel,-0.6859026146933238,-0.8506304350029201,-0.3647592205178758,0.838,-0.970955013648747,13,1.0,-0.6843641186634508
WDR36 (134430),myeloid,-0.6764773540686089,-0.837392782689817,-0.4394183769208078,0.965,-1.7549845395824564,14,0.3196308724832215,
FAM50A (9130),bowel,-0.6723645529129287,-0.8618205521704326,-0.3435800696406638,0.805,-0.4649200784404343,3,1.0,-0.6988467703448962
FPGS (2356),lymphoid,-0.6693869314954697,-0.7826395003841041,-0.5317305548437105,0.997,-0.41548927818079395,0,1.0,
PAICS (10606),lymphoid,-0.666286640292447,-0.7805665963298993,-0.5700772057451743,1.0,-0.4318221903668604,2,1.0,
TYMS (7298),myeloid,-0.6592989816798756,-1.0669341768722524,-0.23498795697049757,0.606,-0.4950326289911044,2,1.0,
FERMT2 (10979),soft tissue,-0.6574983477696956,-0.7521731603149857,-0.43353305720601926,0.812,-0.4772688689809301,6,1.0,-0.5102568936273411
FAM50A (9130),lymphoid,-0.6524538990645462,-0.7597274327306256,-0.44338934529021234,0.886,-0.456353994894077,3,1.0,
GRB2 (2885),liver,-0.6471163941055162,-0.7676422338212127,-0.19170912295535153,0.847,-1.009174357385265,14,1.0,-0.5534113933631437
DNAJC9 (23234),lymphoid,-0.6421387043658875,-0.7545744076150935,-0.4838582521566146,0.958,-1.2197632152989955,18,1.0,
TRPM7 (54822),myeloid,-0.6419783536562621,-0.7693098965234377,-0.43630698566331094,0.855,-0.6377520950803345,3,1.0,
CHMP4B (128866),peripheral nervous system,-0.6286606562208354,-0.9061007896168645,-0.48660434410038034,0.963,-1.1824379960288325,15,1.0,-0.6378285813571751
CTPS1 (1503),lymphoid,-0.6282120910887025,-0.7217296836950619,-0.47838988149412054,0.946,-0.5915929876991849,2,1.0,
CFL1 (1072),lymphoid,-0.6279989622113911,-0.7299876992184966,-0.5452644424643805,1.0,-0.5680187756846773,0,1.0,
FERMT2 (10979),cns/brain,-0.6206097910328806,-0.7491699143876224,-0.41395099248260775,0.894,-0.4651918858192855,6,1.0,-0.48179347162789754
TFRC (7037),myeloid,-0.6157573648218656,-0.8204516027977049,-0.46440320693161014,0.946,-0.8778886753161558,8,1.0,
FAM50A (9130),bladder/urinary tract,-0.6048176517875055,-0.7335893514548196,-0.17109506153972717,0.575,-0.4750442478522227,3,1.0,-0.6394145232712816
SEPHS2 (22928),myeloid,-0.6008877682323319,-0.8305863697062951,-0.43773364389652114,0.819,-0.6939021837154955,3,1.0,
FERMT2 (10979),pleura,-0.5911862891255422,-0.7225023787452054,-0.25320988355500423,0.74,-0.4949438962435852,6,1.0,-0.44908344354425433
INTS6 (26512),skin,-0.5897057337637394,-0.7384487414982182,-0.34729548407228067,0.735,-0.8310646926615343,5,1.0,-0.5404735083025476
CCND1 (595),esophagus/stomach,-0.5887914493247446,-0.843569640585693,-0.09265848043050214,0.584,-1.0638465521006202,16,1.0,-0.406612366159008
UROD (7389),lymphoid,-0.5882643322073855,-0.7122927174204319,-0.4735504085420971,0.931,-0.5409572235254618,1,1.0,
GRB2 (2885),head and neck,-0.5869498743497952,-0.6736098746110847,-0.47139604573563915,0.923,-0.9761144912429176,14,1.0,-0.48439025123852075
SDHB (6390),myeloid,-0.5859432070957649,-0.6950954092693049,-0.4837325009461344,0.954,-0.4159778058357058,1,1.0,
AP2S1 (1175),myeloid,-0.5745008383868602,-0.7084230011000947,-0.3374591100481385,0.792,-0.7700393589149928,1,1.0,
GRB2 (2885),kidney,-0.5738707096388571,-0.6854998612799186,-0.23134256491507352,0.803,-0.9909197173410114,14,1.0,-0.47437691490082745
CHMP4B (128866),soft tissue,-0.5734873967234444,-0.7077959773264803,-0.3109452979599228,0.632,-1.189531973051574,15,1.0,-0.5897492988825257
CCND1 (595),pancreas,-0.5719345077454796,-0.8678307527384331,-0.31048914585770393,0.731,-1.058968043208771,16,1.0,-0.4048867379553922
CTPS1 (1503),myeloid,-0.5663756531649238,-0.7459926882485236,-0.3464257388563686,0.681,-0.6141710462256644,2,1.0,
SNAP23 (8773),esophagus/stomach,-0.5633885320887952,-0.850621167994563,-0.2956165191085919,0.712,-0.7441689212853471,6,1.0,-0.5798443315788967
CDAN1 (146059),myeloid,-0.5595989561587168,-0.8630561011225075,-0.16709601293420653,0.642,-0.9589585590633402,8,1.0,
FAM50A (9130),myeloid,-0.5591713967910519,-0.7432844232363466,-0.46008461317459576,0.843,-0.4691977800529071,3,1.0,
MED1 (5469),myeloid,-0.5572949443334795,-0.734990333079965,-0.3991601415683706,0.846,-0.6710493548952888,0,1.0,
DHFR (1719),lymphoid,-0.557165100754308,-0.6485528235135485,-0.4769130515209499,0.917,-0.7236148533772427,3,0.9026845637583892,
CKS1B (1163),cervix,-0.5524132350405139,-0.9004090958901174,-0.33378231919901646,0.582,-0.7002909381313732,0,0.9026845637583892,-0.5617379284295128
PAICS (10606),myeloid,-0.5503758604547087,-0.6677625111073029,-0.3909101633017942,0.684,-0.4552411097740529,2,1.0,
ELOB (6923),cervix,-0.5473237814761416,-0.6697943419612395,-0.2803263694340062,0.781,-1.4568213267910175,24,1.0,-0.5617644506954811
FERMT2 (10979),ovary/fallopian tube,-0.5454178020121785,-0.6916068254937691,-0.2872578771007067,0.669,-0.4772688689809301,6,1.0,-0.4073241307819252
SCAP (22937),pancreas,-0.5347038062785472,-0.7733371867448966,-0.1322203737464279,0.605,-0.9747880250253556,13,1.0,-0.53314579239117
DNM2 (1785),myeloid,-0.5321046873162314,-0.7653741797779482,-0.41901370505925933,0.699,-1.1827959656794511,21,1.0,
PTK2 (5747),liver,-0.529024472716665,-0.8806600041171775,-0.17421013721146586,0.567,-0.5251149736546507,0,1.0,-0.4539997444361936
CFLAR (8837),pancreas,-0.52426533400898,-0.8207411326910962,-0.35609079051159676,0.606,-0.5537695112593262,3,1.0,-0.5055087453173113
CUL2 (8453),cervix,-0.5237272087940176,-0.6098065088354274,0.023187073858240783,0.589,-0.6080014481446055,0,1.0,-0.5170352709021244
CDK6 (1021),lymphoid,-0.5233937049142166,-0.7534908760912196,-0.4200435982261164,0.655,-0.4961789658482341,0,1.0,
DNM2 (1785),lymphoid,-0.520242429295037,-0.6118334084450665,-0.4253548853018783,0.613,-1.1620265856081633,21,1.0,
UROD (7389),myeloid,-0.5146232828447995,-0.7745214460586115,-0.29083086406709513,0.573,-0.5667966172426316,1,1.0,
SCD (6319),bowel,-0.5097108470541621,-0.8028037616571958,-0.3220984670333131,0.517,-0.6542727483753684,2,1.0,-0.4996294356564459
MYC (4609),pancreas,-0.5092316556390317,-0.6747577637351226,-0.2037950168336169,0.599,-2.059879851833106,23,1.0,-0.5385624683457566
NCAPD3 (23310),eye,-0.5075565963421675,-0.7604133481293013,-0.06448728799613201,0.574,-0.9523414259356813,10,1.0,-0.48277909459135904
ADSL (158),breast,-0.5033007855072965,-0.7193690362274225,-0.20772536448234538,0.496,-0.9849297289819704,8,1.0,-0.6471033843918669
