CCLE_name,DepMap_ID
127399_SOFT_TISSUE,ACH-001270
1321N1_CENTRAL_NERVOUS_SYSTEM,ACH-001000
143B_BONE,ACH-001001
184A1_BREAST,
184B5_BREAST,
22RV1_PROSTATE,ACH-000956
2313287_STOMACH,ACH-000948
600MPE_BREAST,ACH-002320
697_HAEMATOPOIETIC_AND_LYMPHOID_TISSUE,ACH-000070
769P_KIDNEY,ACH-000411
786O_KIDNEY,ACH-000649
8305C_THYROID,ACH-001306
8505C_THYROID,ACH-001307
921_UVEA,ACH-001441
A101D_SKIN,ACH-000008
A1207_CENTRAL_NERVOUS_SYSTEM,ACH-000283
A172_CENTRAL_NERVOUS_SYSTEM,ACH-000558
A204_SOFT_TISSUE,ACH-000201
A2058_SKIN,ACH-000788
A253_SALIVARY_GLAND,ACH-000740
A2780_OVARY,ACH-000657
A375_SKIN,ACH-000219
A3KAW_HAEMATOPOIETIC_AND_LYMPHOID_TISSUE,ACH-000697
A427_LUNG,ACH-000757
A498_KIDNEY,ACH-000555
A4FUK_HAEMATOPOIETIC_AND_LYMPHOID_TISSUE,ACH-000157
A549_LUNG,ACH-000681
A673_BONE,ACH-000052
A704_KIDNEY,ACH-000429
ABC1_LUNG,ACH-000528
ACCMESO1_PLEURA,ACH-000086
ACHN_KIDNEY,ACH-000046
AGS_STOMACH,ACH-000880
AM38_CENTRAL_NERVOUS_SYSTEM,ACH-000269
AML193_HAEMATOPOIETIC_AND_LYMPHOID_TISSUE,ACH-000557
AMO1_HAEMATOPOIETIC_AND_LYMPHOID_TISSUE,ACH-000838
AN3CA_ENDOMETRIUM,ACH-000940
ASPC1_PANCREAS,ACH-000222
AU565_BREAST,ACH-000248
AZ521_STOMACH,ACH-001015
BC3C_URINARY_TRACT,ACH-000593
BCPAP_THYROID,ACH-000456
BFTC909_KIDNEY,ACH-000792
BHT101_THYROID,ACH-000191
BHY_UPPER_AERODIGESTIVE_TRACT,ACH-000548
BICR22_UPPER_AERODIGESTIVE_TRACT,ACH-000794
BICR56_UPPER_AERODIGESTIVE_TRACT,ACH-000771
BICR6_UPPER_AERODIGESTIVE_TRACT,ACH-000415
BT12_SOFT_TISSUE,ACH-000160
BT16_SOFT_TISSUE,ACH-001020
BT20_BREAST,ACH-000536
BT474_BREAST,ACH-000927
BT483_BREAST,ACH-000818
BT549_BREAST,ACH-000288
BXPC3_PANCREAS,ACH-000535
C2BBE1_LARGE_INTESTINE,ACH-000009
C32_SKIN,ACH-000580
C8166_HAEMATOPOIETIC_AND_LYMPHOID_TISSUE,ACH-000206
CACO2_LARGE_INTESTINE,ACH-000003
CADOES1_BONE,ACH-000210
CAKI1_KIDNEY,ACH-000433
CAKI2_KIDNEY,ACH-000234
CAL120_BREAST,ACH-000212
CAL12T_LUNG,ACH-000826
CAL148_BREAST,ACH-000902
CAL27_UPPER_AERODIGESTIVE_TRACT,ACH-000832
CAL29_URINARY_TRACT,ACH-000142
CAL33_UPPER_AERODIGESTIVE_TRACT,ACH-000518
CAL51_BREAST,ACH-000856
CAL54_KIDNEY,ACH-000457
CAL851_BREAST,ACH-000857
CALU1_LUNG,ACH-000511
CALU3_LUNG,ACH-000392
CALU6_LUNG,ACH-000264
CAMA1_BREAST,ACH-000783
CAOV3_OVARY,ACH-000713
CAOV4_OVARY,ACH-000103
CAS1_CENTRAL_NERVOUS_SYSTEM,ACH-000464
CCK81_LARGE_INTESTINE,ACH-000963
CFPAC1_PANCREAS,ACH-000138
CH157MN_CENTRAL_NERVOUS_SYSTEM,ACH-000025
CHAGOK1_LUNG,ACH-000867
CJM_SKIN,ACH-000458
CL11_LARGE_INTESTINE,ACH-000249
CL34_LARGE_INTESTINE,ACH-000895
CMK115_HAEMATOPOIETIC_AND_LYMPHOID_TISSUE,ACH-001036
CMK_HAEMATOPOIETIC_AND_LYMPHOID_TISSUE,ACH-000641
COLO201_LARGE_INTESTINE,ACH-000253
COLO205_LARGE_INTESTINE,ACH-001039
COLO320_LARGE_INTESTINE,ACH-000202
COLO678_LARGE_INTESTINE,ACH-000350
COLO679_SKIN,ACH-000805
COLO680N_OESOPHAGUS,ACH-000717
COLO684_ENDOMETRIUM,ACH-000864
COLO699_LUNG,
COLO704_OVARY,ACH-001042
COLO741_SKIN,ACH-000582
COLO783_SKIN,ACH-000812
COLO800_SKIN,ACH-000401
COLO829_SKIN,ACH-000644
CORL105_LUNG,ACH-000161
CORL23_LUNG,ACH-000662
CORL279_LUNG,ACH-000257
CORL88_LUNG,ACH-000508
COV318_OVARY,ACH-000256
COV362_OVARY,ACH-000278
COV434_OVARY,ACH-000123
COV504_OVARY,ACH-001048
COV644_OVARY,ACH-000608
CW2_LARGE_INTESTINE,ACH-000998
CW9019_SOFT_TISSUE,ACH-001050
D283MED_CENTRAL_NERVOUS_SYSTEM,ACH-000055
D341MED_CENTRAL_NERVOUS_SYSTEM,ACH-000095
D384_CENTRAL_NERVOUS_SYSTEM,ACH-001052
D425_CENTRAL_NERVOUS_SYSTEM,ACH-001053
D458_CENTRAL_NERVOUS_SYSTEM,ACH-001054
D556_CENTRAL_NERVOUS_SYSTEM,ACH-001055
DANG_PANCREAS,ACH-000243
DAOY_CENTRAL_NERVOUS_SYSTEM,ACH-000211
DBTRG05MG_CENTRAL_NERVOUS_SYSTEM,ACH-000863
DB_HAEMATOPOIETIC_AND_LYMPHOID_TISSUE,ACH-000334
DETROIT562_UPPER_AERODIGESTIVE_TRACT,ACH-000207
DKMG_CENTRAL_NERVOUS_SYSTEM,ACH-000244
DLD1_LARGE_INTESTINE,ACH-001061
DMS114_LUNG,ACH-000530
DMS273_LUNG,ACH-000749
DMS53_LUNG,ACH-000698
DND41_HAEMATOPOIETIC_AND_LYMPHOID_TISSUE,ACH-000981
DU145_PROSTATE,ACH-000979
DU4475_BREAST,ACH-000258
EBC1_LUNG,ACH-000563
ECC10_STOMACH,ACH-000560
ECGI10_OESOPHAGUS,ACH-000305
EFE184_ENDOMETRIUM,ACH-000435
EFM192A_BREAST,ACH-000117
EFM19_BREAST,ACH-000330
EFO21_OVARY,ACH-000308
EFO27_OVARY,ACH-000936
EKVX_LUNG,ACH-000706
EN_ENDOMETRIUM,ACH-000978
EPLC272H_LUNG,ACH-000585
ES2_OVARY,ACH-000906
ESS1_ENDOMETRIUM,ACH-000913
EVSAT_BREAST,ACH-001065
EW8_BONE,ACH-000499
EWS502_BONE,ACH-000279
F36P_HAEMATOPOIETIC_AND_LYMPHOID_TISSUE,ACH-000487
FADU_UPPER_AERODIGESTIVE_TRACT,ACH-000846
FU97_STOMACH,ACH-000633
FUJI_SOFT_TISSUE,ACH-001272
FUOV1_OVARY,ACH-000574
G361_SKIN,ACH-000572
G401_SOFT_TISSUE,ACH-000096
G402_SOFT_TISSUE,ACH-000375
GAMG_CENTRAL_NERVOUS_SYSTEM,ACH-000098
GB1_CENTRAL_NERVOUS_SYSTEM,ACH-000738
GI1_CENTRAL_NERVOUS_SYSTEM,ACH-000756
GISTT1_GASTROINTESTINAL_TRACT,ACH-002332
GP2D_LARGE_INTESTINE,ACH-000982
GSS_STOMACH,ACH-000746
GSU_STOMACH,ACH-000485
HBL100_BREAST,ACH-002321
HCC1008_BREAST,ACH-001514
HCC1143_BREAST,ACH-000374
HCC1187_BREAST,ACH-000111
HCC1359_LUNG,ACH-000901
HCC1395_BREAST,ACH-000699
HCC1419_BREAST,ACH-000277
HCC1428_BREAST,ACH-000352
HCC1500_BREAST,ACH-000349
HCC1569_BREAST,ACH-000930
HCC1599_BREAST,ACH-000196
HCC15_LUNG,ACH-000878
HCC1806_BREAST,ACH-000624
HCC1833_LUNG,ACH-000712
HCC1937_BREAST,ACH-000223
HCC1954_BREAST,ACH-000859
HCC202_BREAST,ACH-000725
HCC2185_BREAST,ACH-002322
HCC2218_BREAST,ACH-000755
HCC2429_LUNG,ACH-000143
HCC2450_LUNG,ACH-000975
HCC2688_BREAST,ACH-002323
HCC2814_LUNG,ACH-000690
HCC3153_BREAST,ACH-002324
HCC33_LUNG,ACH-000515
HCC364_LUNG,ACH-000575
HCC366_LUNG,ACH-000840
HCC38_BREAST,ACH-000276
HCC4006_LUNG,ACH-000066
HCC44_LUNG,ACH-000667
HCC461_LUNG,ACH-000339
HCC515_LUNG,ACH-000872
HCC70_BREAST,ACH-000668
HCC827GR5_LUNG,ACH-000029
HCC827GR_LUNG,ACH-002333
HCC827_LUNG,ACH-000012
HCC95_LUNG,ACH-000454
HCT116_LARGE_INTESTINE,ACH-000971
HCT15_LARGE_INTESTINE,ACH-000997
HDQP1_BREAST,ACH-000643
HEC1A_ENDOMETRIUM,ACH-000954
HEC251_ENDOMETRIUM,ACH-000996
HEC265_ENDOMETRIUM,ACH-000946
HEC50B_ENDOMETRIUM,ACH-000831
HEC59_ENDOMETRIUM,ACH-000994
HEC6_ENDOMETRIUM,ACH-000984
HEKTE_KIDNEY,ACH-000049
HEL9217_HAEMATOPOIETIC_AND_LYMPHOID_TISSUE,ACH-000005
HELA_CERVIX,ACH-001086
HEL_HAEMATOPOIETIC_AND_LYMPHOID_TISSUE,ACH-000004
HEP3B217_LIVER,ACH-000625
HEPG2_LIVER,ACH-000739
HEYA8_OVARY,ACH-000542
HGC27_STOMACH,ACH-000847
HK2_KIDNEY,ACH-001087
HL60_HAEMATOPOIETIC_AND_LYMPHOID_TISSUE,ACH-000002
HLC1_LUNG,ACH-001088
HLE_LIVER,ACH-001089
HLF_LIVER,ACH-000393
HMC18_BREAST,ACH-000721
HNT34_HAEMATOPOIETIC_AND_LYMPHOID_TISSUE,ACH-000299
HOP62_LUNG,ACH-000861
HPAC_PANCREAS,ACH-000270
HPAFII_PANCREAS,ACH-000094
HRT18_LARGE_INTESTINE,ACH-001091
HS294T_SKIN,ACH-000014
HS578T_BREAST,ACH-000148
HS683_CENTRAL_NERVOUS_SYSTEM,ACH-000067
HS695T_SKIN,ACH-000799
HS729_SOFT_TISSUE,ACH-000133
HS766T_PANCREAS,ACH-000178
HS852T_SKIN,ACH-000274
HS939T_SKIN,ACH-000814
HS944T_SKIN,ACH-000632
HSC2_UPPER_AERODIGESTIVE_TRACT,ACH-000472
HSC3_UPPER_AERODIGESTIVE_TRACT,ACH-000778
HSSYII_LUNG,ACH-002085
HT1080_SOFT_TISSUE,ACH-000054
HT115_LARGE_INTESTINE,ACH-000986
HT1197_URINARY_TRACT,ACH-000547
HT1376_URINARY_TRACT,ACH-000724
HT144_SKIN,ACH-000322
HT29_LARGE_INTESTINE,ACH-000552
HT55_LARGE_INTESTINE,ACH-000926
HUG1N_STOMACH,ACH-000239
HUH1_LIVER,ACH-000475
HUH6_LIVER,ACH-000671
HUH7_LIVER,ACH-000480
HUPT3_PANCREAS,ACH-000118
HUPT4_PANCREAS,ACH-000213
HUTU80_SMALL_INTESTINE,ACH-000538
IALM_LUNG,ACH-000672
IGR1_SKIN,ACH-000882
IGR37_SKIN,ACH-000650
IGR39_SKIN,ACH-000550
IGROV1_OVARY,ACH-000966
IM95_STOMACH,ACH-000919
INA6_HAEMATOPOIETIC_AND_LYMPHOID_TISSUE,ACH-000512
IOMMLEE_CENTRAL_NERVOUS_SYSTEM,ACH-000629
IPC298_SKIN,ACH-000915
ISHIKAWAHERAKLIO02ER_ENDOMETRIUM,ACH-000961
JHESOAD1_OESOPHAGUS,ACH-000216
JHH1_LIVER,ACH-000620
JHH5_LIVER,ACH-000734
JHH6_LIVER,ACH-000217
JHH7_LIVER,ACH-000848
JHOC5_OVARY,ACH-000324
JHOM1_OVARY,ACH-000237
JHOS2_OVARY,ACH-000132
JHUEM2_ENDOMETRIUM,ACH-000909
JIMT1_BREAST,ACH-000711
JJN3_HAEMATOPOIETIC_AND_LYMPHOID_TISSUE,ACH-000653
JL1_PLEURA,ACH-000645
JMSU1_URINARY_TRACT,ACH-000753
JR_SOFT_TISSUE,ACH-001096
K029AX_SKIN,ACH-000404
K562_HAEMATOPOIETIC_AND_LYMPHOID_TISSUE,ACH-000551
KALS1_CENTRAL_NERVOUS_SYSTEM,ACH-000231
KARPAS422_HAEMATOPOIETIC_AND_LYMPHOID_TISSUE,ACH-000315
KASUMI1_HAEMATOPOIETIC_AND_LYMPHOID_TISSUE,ACH-000263
KASUMI2_HAEMATOPOIETIC_AND_LYMPHOID_TISSUE,ACH-000728
KATOIII_STOMACH,ACH-000793
KD_SOFT_TISSUE,ACH-001099
KE39_STOMACH,ACH-000507
KELLY_AUTONOMIC_GANGLIA,ACH-000259
KM12_LARGE_INTESTINE,ACH-000969
KMM1_HAEMATOPOIETIC_AND_LYMPHOID_TISSUE,ACH-000889
KMRC1_KIDNEY,ACH-000684
KMRC20_KIDNEY,ACH-000250
KMRC2_KIDNEY,ACH-000709
KMS12BM_HAEMATOPOIETIC_AND_LYMPHOID_TISSUE,ACH-000380
KMS18_HAEMATOPOIETIC_AND_LYMPHOID_TISSUE,ACH-000658
KMS27_HAEMATOPOIETIC_AND_LYMPHOID_TISSUE,ACH-000576
KMS28BM_HAEMATOPOIETIC_AND_LYMPHOID_TISSUE,ACH-000419
KMS34_HAEMATOPOIETIC_AND_LYMPHOID_TISSUE,ACH-000541
KNS42_CENTRAL_NERVOUS_SYSTEM,ACH-000622
KNS60_CENTRAL_NERVOUS_SYSTEM,ACH-000445
KNS62_LUNG,ACH-000858
KNS81_CENTRAL_NERVOUS_SYSTEM,ACH-000479
KP1NL_PANCREAS,
KP1N_PANCREAS,ACH-001107
KP2_PANCREAS,ACH-000281
KP3_PANCREAS,ACH-000108
KP4_PANCREAS,ACH-000265
KPL1_BREAST,ACH-000028
KPNSI9S_AUTONOMIC_GANGLIA,ACH-000446
KPNYN_AUTONOMIC_GANGLIA,ACH-000227
KS1_CENTRAL_NERVOUS_SYSTEM,ACH-000631
KU1919_URINARY_TRACT,ACH-000486
KURAMOCHI_OVARY,ACH-000524
KYM1_SOFT_TISSUE,ACH-000607
KYSE140_OESOPHAGUS,ACH-000823
KYSE150_OESOPHAGUS,ACH-000855
KYSE180_OESOPHAGUS,ACH-000693
KYSE30_OESOPHAGUS,ACH-000777
KYSE410_OESOPHAGUS,ACH-000809
KYSE450_OESOPHAGUS,ACH-000865
KYSE510_OESOPHAGUS,ACH-000824
KYSE520_OESOPHAGUS,ACH-000637
KYSE70_OESOPHAGUS,ACH-000784
L33_PANCREAS,ACH-000685
L363_HAEMATOPOIETIC_AND_LYMPHOID_TISSUE,ACH-000183
LAMA84_HAEMATOPOIETIC_AND_LYMPHOID_TISSUE,ACH-000301
LC1SQSF_LUNG,ACH-001113
LCLC103H_LUNG,ACH-000627
LCLC97TM1_LUNG,ACH-000596
LI7_LIVER,ACH-000471
LK2_LUNG,ACH-000769
LMSU_STOMACH,ACH-000255
LN18_CENTRAL_NERVOUS_SYSTEM,ACH-000819
LN215_CENTRAL_NERVOUS_SYSTEM,ACH-000328
LN229_CENTRAL_NERVOUS_SYSTEM,ACH-000595
LN235_CENTRAL_NERVOUS_SYSTEM,ACH-000591
LN319_CENTRAL_NERVOUS_SYSTEM,ACH-000128
LN340_CENTRAL_NERVOUS_SYSTEM,ACH-000634
LN382_CENTRAL_NERVOUS_SYSTEM,ACH-000215
LN428_CENTRAL_NERVOUS_SYSTEM,ACH-000455
LN443_CENTRAL_NERVOUS_SYSTEM,ACH-000673
LN464_CENTRAL_NERVOUS_SYSTEM,ACH-000676
LNCAPCLONEFGC_PROSTATE,ACH-000977
LNZ308_CENTRAL_NERVOUS_SYSTEM,ACH-000760
LOUNH91_LUNG,ACH-000176
LOVO_LARGE_INTESTINE,ACH-000950
LOXIMVI_SKIN,ACH-000750
LS180_LARGE_INTESTINE,ACH-000957
LS411N_LARGE_INTESTINE,ACH-000985
LS513_LARGE_INTESTINE,ACH-000007
LU65_LUNG,ACH-000438
LU99_LUNG,ACH-000444
LUDLU1_LUNG,ACH-000390
LXF289_LUNG,ACH-000787
LY2_BREAST,
M059K_CENTRAL_NERVOUS_SYSTEM,ACH-000152
MACLS2_BREAST,ACH-002326
MB157_BREAST,
MCF10A_BREAST,ACH-001357
MCF12A_BREAST,ACH-002327
MCF7_BREAST,ACH-000019
MDAMB134VI_BREAST,ACH-000044
MDAMB157_BREAST,ACH-000621
MDAMB175VII_BREAST,ACH-000759
MDAMB231_BREAST,ACH-000768
MDAMB330_BREAST,ACH-001358
MDAMB361_BREAST,ACH-000934
MDAMB415_BREAST,ACH-000876
MDAMB435S_SKIN,ACH-000884
MDAMB436_BREAST,ACH-000573
MDAMB453_BREAST,ACH-000910
MDAMB468_BREAST,ACH-000849
MDAPCA2B_PROSTATE,ACH-000952
MDST8_LARGE_INTESTINE,ACH-000935
ME180_CERVIX,ACH-001359
MEL285_UVEA,ACH-002015
MELHO_SKIN,ACH-000450
MELJUSO_SKIN,ACH-000881
MEWO_SKIN,ACH-000987
MFE280_ENDOMETRIUM,ACH-000192
MFE296_ENDOMETRIUM,ACH-000879
MFE319_ENDOMETRIUM,ACH-000988
MFM223_BREAST,ACH-001819
MHHES1_BONE,ACH-000391
MIAPACA2_PANCREAS,ACH-000601
MKL1_SKIN,ACH-001122
MKL2_SKIN,ACH-001123
MKN1_STOMACH,ACH-000351
MKN45_STOMACH,ACH-000356
MKN7_STOMACH,ACH-000678
MM1S_HAEMATOPOIETIC_AND_LYMPHOID_TISSUE,ACH-000763
MOLM13_HAEMATOPOIETIC_AND_LYMPHOID_TISSUE,ACH-000362
MOLM16_HAEMATOPOIETIC_AND_LYMPHOID_TISSUE,ACH-000369
MONOMAC1_HAEMATOPOIETIC_AND_LYMPHOID_TISSUE,ACH-001129
MONOMAC6_HAEMATOPOIETIC_AND_LYMPHOID_TISSUE,ACH-000006
MORCPR_LUNG,ACH-000851
MPP89_PLEURA,ACH-000319
MV411_HAEMATOPOIETIC_AND_LYMPHOID_TISSUE,ACH-000045
MX1_BREAST,ACH-002328
NALM6_HAEMATOPOIETIC_AND_LYMPHOID_TISSUE,ACH-000938
NB1_AUTONOMIC_GANGLIA,ACH-000804
NB4_HAEMATOPOIETIC_AND_LYMPHOID_TISSUE,ACH-000294
NCCSTCK140_STOMACH,ACH-000110
NCIH1048_LUNG,ACH-000866
NCIH1105_LUNG,ACH-000780
NCIH1155_LUNG,ACH-000980
NCIH1299_LUNG,ACH-000510
NCIH1339_LUNG,
NCIH1355_LUNG,ACH-000666
NCIH1373_LUNG,ACH-000845
NCIH1395_LUNG,ACH-000327
NCIH1435_LUNG,ACH-000852
NCIH1437_LUNG,ACH-000589
NCIH146_LUNG,ACH-000506
NCIH1568_LUNG,ACH-000869
NCIH1573_LUNG,ACH-000916
NCIH1581_LUNG,ACH-000015
NCIH1623_LUNG,ACH-000744
NCIH1648_LUNG,ACH-000766
NCIH1650_LUNG,ACH-000035
NCIH1666_LUNG,ACH-000448
NCIH1693_LUNG,ACH-000021
NCIH1694_LUNG,ACH-000431
NCIH1703_LUNG,ACH-000747
NCIH1792_LUNG,ACH-000496
NCIH1793_LUNG,ACH-000888
NCIH1836_LUNG,ACH-000559
NCIH1838_LUNG,ACH-000733
NCIH1876_LUNG,ACH-000586
NCIH1915_LUNG,ACH-000434
NCIH1944_LUNG,ACH-000414
NCIH196_LUNG,ACH-000752
NCIH1975_LUNG,ACH-000587
NCIH2004RT_SOFT_TISSUE,ACH-000533
NCIH2009_LUNG,ACH-000886
NCIH2023_LUNG,ACH-000781
NCIH2030_LUNG,ACH-000521
NCIH2052_PLEURA,ACH-000153
NCIH2066_LUNG,ACH-000727
NCIH2087_LUNG,ACH-000841
NCIH209_LUNG,ACH-000290
NCIH2110_LUNG,ACH-000929
NCIH211_LUNG,ACH-000639
NCIH2122_LUNG,ACH-000311
NCIH2126_LUNG,ACH-000785
NCIH2170_LUNG,ACH-000481
NCIH2171_LUNG,ACH-000525
NCIH2172_LUNG,ACH-000924
NCIH2228_LUNG,ACH-000447
NCIH2286_LUNG,ACH-000912
NCIH2291_LUNG,ACH-000718
NCIH23_LUNG,ACH-000900
NCIH2405_LUNG,ACH-000121
NCIH2452_PLEURA,ACH-000092
NCIH2882_LUNG,ACH-000700
NCIH2887_LUNG,ACH-000251
NCIH28_PLEURA,ACH-000648
NCIH292_LUNG,ACH-001075
NCIH3122_LUNG,ACH-000337
NCIH322_LUNG,ACH-000837
NCIH3255_LUNG,ACH-000109
NCIH358_LUNG,ACH-000860
NCIH441_LUNG,ACH-000638
NCIH446_LUNG,ACH-000800
NCIH460_LUNG,ACH-000463
NCIH508_LARGE_INTESTINE,ACH-000360
NCIH520_LUNG,ACH-000395
NCIH522_LUNG,ACH-000343
NCIH526_LUNG,ACH-000767
NCIH647_LUNG,ACH-000378
NCIH650_LUNG,ACH-000945
NCIH660_PROSTATE,ACH-000177
NCIH661_LUNG,ACH-000853
NCIH716_LARGE_INTESTINE,ACH-000491
NCIH727_LUNG,ACH-000775
NCIH747_LARGE_INTESTINE,ACH-000403
NCIH838_LUNG,ACH-000416
NCIH841_LUNG,ACH-000292
NCIH854_LUNG,ACH-000710
NCIN87_STOMACH,ACH-000427
NIHOVCAR3_OVARY,ACH-000001
NOMO1_HAEMATOPOIETIC_AND_LYMPHOID_TISSUE,ACH-000168
NUGC3_STOMACH,ACH-000911
OAW42_OVARY,ACH-000704
OC314_OVARY,ACH-000962
OCIAML2_HAEMATOPOIETIC_AND_LYMPHOID_TISSUE,ACH-000113
OCIAML3_HAEMATOPOIETIC_AND_LYMPHOID_TISSUE,ACH-000336
OCIAML5_HAEMATOPOIETIC_AND_LYMPHOID_TISSUE,ACH-000065
OCIMY7_HAEMATOPOIETIC_AND_LYMPHOID_TISSUE,ACH-000436
OCUBM_BREAST,ACH-002179
OCUM1_STOMACH,ACH-000247
OE21_OESOPHAGUS,ACH-000544
OE33_OESOPHAGUS,ACH-000383
OELE_OVARY,ACH-000494
OMM1_UVEA,ACH-002017
OPM1_HAEMATOPOIETIC_AND_LYMPHOID_TISSUE,ACH-000057
OPM2_HAEMATOPOIETIC_AND_LYMPHOID_TISSUE,ACH-000024
OSRC2_KIDNEY,ACH-000159
OUMS23_LARGE_INTESTINE,ACH-000296
OV7_OVARY,ACH-000688
OV90_OVARY,ACH-000291
OVCAR4_OVARY,ACH-000617
OVCAR8_OVARY,ACH-000696
OVISE_OVARY,ACH-000527
OVSAHO_OVARY,ACH-000409
OVTOKO_OVARY,ACH-000663
PANC0203_PANCREAS,ACH-000042
PANC0327_PANCREAS,ACH-000139
PANC0403_PANCREAS,ACH-000235
PANC0504_PANCREAS,ACH-000093
PANC0813_PANCREAS,ACH-000417
PANC1005_PANCREAS,ACH-000060
PANC1_PANCREAS,ACH-000164
PATU8902_PANCREAS,ACH-000599
PATU8988T_PANCREAS,ACH-000023
PC14_LUNG,ACH-000030
PC3_PROSTATE,ACH-000090
PECAPJ34CLONEC12_UPPER_AERODIGESTIVE_TRACT,ACH-000606
PECAPJ41CLONED2_UPPER_AERODIGESTIVE_TRACT,ACH-000732
PECAPJ49_UPPER_AERODIGESTIVE_TRACT,ACH-000735
PETA_SKIN,ACH-001170
PFEIFFER_HAEMATOPOIETIC_AND_LYMPHOID_TISSUE,ACH-000140
PK1_PANCREAS,ACH-000307
PLB985_HAEMATOPOIETIC_AND_LYMPHOID_TISSUE,ACH-000034
PLCPRF5_LIVER,ACH-001318
PRECLH_PROSTATE,ACH-000170
PSN1_PANCREAS,ACH-000320
QGP1_PANCREAS,ACH-000347
RCC4_KIDNEY,ACH-001175
RCHACV_HAEMATOPOIETIC_AND_LYMPHOID_TISSUE,ACH-000922
RDES_BONE,ACH-000041
RD_SOFT_TISSUE,ACH-000169
REH_HAEMATOPOIETIC_AND_LYMPHOID_TISSUE,ACH-000960
RERFLCAD2_LUNG,ACH-000774
RERFLCAI_LUNG,ACH-000261
RERFLCMS_LUNG,ACH-000062
RH30_SOFT_TISSUE,ACH-000833
RH41_SOFT_TISSUE,ACH-000100
RKN_SOFT_TISSUE,ACH-000505
RKO_LARGE_INTESTINE,ACH-000943
RL952_ENDOMETRIUM,ACH-000965
RL_HAEMATOPOIETIC_AND_LYMPHOID_TISSUE,ACH-000371
RMGI_OVARY,ACH-000719
RMUGS_OVARY,ACH-000701
RPMI7951_SKIN,ACH-000348
RPMI8226_HAEMATOPOIETIC_AND_LYMPHOID_TISSUE,ACH-000817
RS411_HAEMATOPOIETIC_AND_LYMPHOID_TISSUE,ACH-000874
RT112_URINARY_TRACT,ACH-000473
RVH421_SKIN,ACH-000614
SAOS2_BONE,ACH-000410
SBC5_LUNG,ACH-000670
SCC25_UPPER_AERODIGESTIVE_TRACT,ACH-000188
SCC4_UPPER_AERODIGESTIVE_TRACT,ACH-000238
SEM_HAEMATOPOIETIC_AND_LYMPHOID_TISSUE,ACH-000782
SF126_CENTRAL_NERVOUS_SYSTEM,ACH-000609
SF172_CENTRAL_NERVOUS_SYSTEM,ACH-000887
SF268_CENTRAL_NERVOUS_SYSTEM,ACH-000655
SF295_CENTRAL_NERVOUS_SYSTEM,ACH-000376
SF767_CENTRAL_NERVOUS_SYSTEM,ACH-000490
SH4_SKIN,ACH-000441
SHP77_LUNG,ACH-000790
SIHA_CERVIX,ACH-000556
SJRH30_SOFT_TISSUE,ACH-001189
SJSA1_BONE,ACH-000748
SKBR3_BREAST,ACH-000017
SKBR5_BREAST,ACH-002329
SKBR7_BREAST,ACH-002330
SKCO1_LARGE_INTESTINE,ACH-000400
SKES1_BONE,ACH-000087
SKHEP1_LIVER,ACH-000361
SKMEL28_SKIN,ACH-000615
SKMEL2_SKIN,ACH-001190
SKMEL30_SKIN,ACH-000810
SKMEL3_SKIN,ACH-000423
SKMEL5_SKIN,ACH-000730
SKMES1_LUNG,ACH-000665
SKMM2_HAEMATOPOIETIC_AND_LYMPHOID_TISSUE,ACH-000363
SKNAS_AUTONOMIC_GANGLIA,ACH-000260
SKNBE2_AUTONOMIC_GANGLIA,ACH-000312
SKNDZ_AUTONOMIC_GANGLIA,ACH-000366
SKNEP1_BONE,ACH-001192
SKNFI_AUTONOMIC_GANGLIA,ACH-000341
SKNMC_BONE,ACH-000039
SKNO1_HAEMATOPOIETIC_AND_LYMPHOID_TISSUE,ACH-001656
SKNSH_AUTONOMIC_GANGLIA,ACH-000149
SKOV3_OVARY,ACH-000811
SKRC20_KIDNEY,
SLR20_KIDNEY,ACH-000127
SLR21_KIDNEY,ACH-000016
SLR23_KIDNEY,ACH-000246
SLR24_KIDNEY,ACH-000272
SLR25_KIDNEY,ACH-000300
SLR26_KIDNEY,ACH-000600
SMSCTR_SOFT_TISSUE,ACH-001196
SNB19_CENTRAL_NERVOUS_SYSTEM,ACH-001198
SNGM_ENDOMETRIUM,ACH-000974
SNU1076_UPPER_AERODIGESTIVE_TRACT,ACH-000549
SNU1079_BILIARY_TRACT,ACH-000209
SNU1105_CENTRAL_NERVOUS_SYSTEM,ACH-000368
SNU1_STOMACH,ACH-000932
SNU216_STOMACH,ACH-000466
SNU349_KIDNEY,ACH-000907
SNU407_LARGE_INTESTINE,ACH-000955
SNU410_PANCREAS,ACH-000517
SNU423_LIVER,ACH-000493
SNU449_LIVER,ACH-000420
SNU5_STOMACH,ACH-000303
SNU601_STOMACH,ACH-000736
SNU61_LARGE_INTESTINE,ACH-000532
SNU685_ENDOMETRIUM,ACH-000407
SNU719_STOMACH,ACH-000898
SNU738_CENTRAL_NERVOUS_SYSTEM,ACH-000807
SNU761_LIVER,ACH-000537
SNU81_LARGE_INTESTINE,ACH-000991
SNU840_OVARY,ACH-000280
SNU886_LIVER,ACH-000316
SNU8_OVARY,ACH-000460
SNUC1_LARGE_INTESTINE,ACH-000722
SNUC2A_LARGE_INTESTINE,ACH-000967
SNUC4_LARGE_INTESTINE,ACH-000959
SQ1_LUNG,ACH-000553
SS1A_SOFT_TISSUE,ACH-002334
SU8686_PANCREAS,ACH-000114
SUDHL10_HAEMATOPOIETIC_AND_LYMPHOID_TISSUE,ACH-000271
SUDHL4_HAEMATOPOIETIC_AND_LYMPHOID_TISSUE,ACH-000365
SUDHL6_HAEMATOPOIETIC_AND_LYMPHOID_TISSUE,ACH-000611
SUIT2_PANCREAS,ACH-000652
SUM102PT_BREAST,ACH-001388
SUM1315MO2_BREAST,ACH-001389
SUM149PT_BREAST,ACH-001390
SUM159PT_BREAST,ACH-001391
SUM185PE_BREAST,ACH-001392
SUM190PT_BREAST,ACH-001393
SUM225CWN_BREAST,ACH-001397
SUM229PE_BREAST,ACH-001394
SUM44PE_BREAST,ACH-001395
SUM52PE_BREAST,ACH-001396
SUMB002_CENTRAL_NERVOUS_SYSTEM,ACH-001201
SUPT1_HAEMATOPOIETIC_AND_LYMPHOID_TISSUE,ACH-000953
SW1088_CENTRAL_NERVOUS_SYSTEM,ACH-000437
SW1271_LUNG,ACH-000890
SW1353_BONE,ACH-000418
SW1417_LARGE_INTESTINE,ACH-000236
SW1463_LARGE_INTESTINE,ACH-000470
SW1573_LUNG,ACH-000677
SW1783_CENTRAL_NERVOUS_SYSTEM,ACH-000883
SW1990_PANCREAS,ACH-000155
SW403_LARGE_INTESTINE,ACH-000820
SW480_LARGE_INTESTINE,ACH-000842
SW48_LARGE_INTESTINE,ACH-000958
SW527_BREAST,ACH-001825
SW579_THYROID,ACH-000163
SW620_LARGE_INTESTINE,ACH-000651
SW780_URINARY_TRACT,ACH-000384
SW837_LARGE_INTESTINE,ACH-000421
SW948_LARGE_INTESTINE,ACH-000680
SYO1_SOFT_TISSUE,ACH-001275
T24_URINARY_TRACT,ACH-000018
T47D_BREAST,ACH-000147
T98G_CENTRAL_NERVOUS_SYSTEM,ACH-000571
TC71_BONE,ACH-000424
TCCPAN2_PANCREAS,ACH-000502
TCCSUP_URINARY_TRACT,ACH-000720
TE10_OESOPHAGUS,ACH-000318
TE11_OESOPHAGUS,ACH-000488
TE14_OESOPHAGUS,ACH-000726
TE15_OESOPHAGUS,ACH-000353
TE1_OESOPHAGUS,ACH-000647
TE4_OESOPHAGUS,ACH-000917
TE6_OESOPHAGUS,ACH-000605
TE8_OESOPHAGUS,ACH-000452
TE9_OESOPHAGUS,ACH-000694
TEN_ENDOMETRIUM,ACH-000397
THP1_HAEMATOPOIETIC_AND_LYMPHOID_TISSUE,ACH-000146
TM87_SOFT_TISSUE,ACH-000172
TOV112D_OVARY,ACH-000048
TOV21G_OVARY,ACH-000885
TTC549_SOFT_TISSUE,ACH-001211
TTC709_SOFT_TISSUE,ACH-000597
TT_OESOPHAGUS,ACH-000561
TUHR10TKB_KIDNEY,ACH-000459
TUHR14TKB_KIDNEY,ACH-000317
TUHR4TKB_KIDNEY,ACH-000495
TYKNU_OVARY,ACH-000430
U118MG_CENTRAL_NERVOUS_SYSTEM,ACH-000040
U178_CENTRAL_NERVOUS_SYSTEM,ACH-000208
U251MG_CENTRAL_NERVOUS_SYSTEM,ACH-000232
U2OS_BONE,ACH-000364
U343_CENTRAL_NERVOUS_SYSTEM,ACH-000036
U87MG_CENTRAL_NERVOUS_SYSTEM,ACH-000075
U937_HAEMATOPOIETIC_AND_LYMPHOID_TISSUE,ACH-000406
UACC257_SKIN,ACH-000579
UACC62_SKIN,ACH-000425
UACC812_BREAST,ACH-000568
UACC893_BREAST,ACH-000554
UBLC1_URINARY_TRACT,ACH-000741
UMUC3_URINARY_TRACT,ACH-000522
UOK101_KIDNEY,ACH-000262
VCAP_PROSTATE,ACH-000115
VMRCRCW_KIDNEY,ACH-000484
WM115_SKIN,ACH-000304
WM1799_SKIN,ACH-000661
WM2664_SKIN,ACH-001239
WM793_SKIN,ACH-000827
WM88_SKIN,ACH-000899
WM983B_SKIN,ACH-000765
WSUDLCL2_HAEMATOPOIETIC_AND_LYMPHOID_TISSUE,ACH-000534
YD38_UPPER_AERODIGESTIVE_TRACT,ACH-000762
YD8_UPPER_AERODIGESTIVE_TRACT,ACH-000630
YKG1_CENTRAL_NERVOUS_SYSTEM,ACH-000570
YMB1_BREAST,ACH-001249
ZR751_BREAST,ACH-000097
ZR7530_BREAST,ACH-000828
ZR75B_BREAST,ACH-002331
