Gene,Lineage,Selectivity,Chronos_median,n_target,q_value,Selectivity_disc,Chronos_median_disc,n_target_disc,q_value_disc,Selectivity_S,Chronos_median_S,n_target_S,q_value_S,candidate_disc
KRAS (3845),pancreas,-1.583870584342049,-2.086661855015164,48,3.187197196705966e-18,-1.383151857934958,-1.8884345365044135,25.0,5.0358274712032604e-09,-0.9075659555254311,-1.2573134509713877,23.0,1.687335837631147e-06,True
SOX10 (6663),skin,-1.3748090555286852,-1.6701787416292415,75,1.5643709316319217e-25,-1.378311916898018,-1.670209320059542,71.0,3.2374695198660924e-24,,,,,True
HNF1B (6928),kidney,-1.2651783317432932,-1.4251331032839876,34,1.0615942444851526e-07,-1.1515552961526068,-1.3091178501881022,31.0,4.167726428633955e-06,,,,,True
FOXA1 (3169),prostate,-1.2412448075016358,-1.3638405209513935,5,0.0413648059153754,,,,,,,,,False
MDM2 (4193),eye,-1.1342943128720693,-1.5542719124981803,10,0.0018629450660217,-1.1236061361503213,-1.5542719124981803,10.0,0.004746466693875684,,,,,True
CTNNB1 (1499),bowel,-1.1223739280180098,-1.2553392074922876,63,2.002386607517575e-21,-0.9155821860809426,-1.0508362614659887,33.0,6.340801206176096e-08,-0.7986913477094655,-0.938690476488468,30.0,2.9489327171461284e-10,True
CFLAR (8837),kidney,-1.0743909130875164,-1.630766279564239,34,7.369140799508597e-07,-1.1524876271961808,-1.7150279190500817,31.0,8.720191712606542e-06,,,,,True
MYB (4602),myeloid,-1.063899622774478,-1.3570144771700254,43,1.993415021868269e-21,-1.0577441114635229,-1.3564733855024529,41.0,2.0559940940893686e-19,,,,,True
CBFB (865),myeloid,-1.063076876712126,-1.208843719162287,43,3.7527856318774996e-17,-1.0272493409135162,-1.1813733703967335,41.0,6.3507514014326714e-15,,,,,True
TUBB4B (10383),ampulla of vater,-1.0478971163140067,-1.3710583488157466,5,0.0498215935764428,-1.042843222563416,-1.3710583488157466,5.0,0.0782693464953442,,,,,False
PAX8 (7849),kidney,-1.0132545588480053,-1.1190029025468429,34,1.0693084608379931e-10,-0.812286005416411,-0.920597475560844,31.0,6.948061448834352e-09,,,,,False
BRAF (673),skin,-1.0044395534041146,-1.0898671114084904,75,2.865245816978804e-20,-1.0275598956881649,-1.097895688783254,71.0,1.3266259748031974e-18,,,,,True
ZER1 (10444),cervix,-0.9874561271339009,-1.1016190651387714,18,5.995325291161477e-07,-0.9790511831748312,-1.1016190651387714,18.0,1.0141195113395703e-06,,,,,True
NMNAT1 (64802),lymphoid,-0.9559186044967136,-1.2002248251870522,94,1.7880743094468567e-35,-0.9377736274129606,-1.1744401462673035,84.0,1.872466421565998e-29,-0.6139955932501796,-0.6626589733929366,10.0,0.00015732628798170706,True
IRF4 (3662),lymphoid,-0.9443862012758956,-1.041153941289623,94,1.2911852670298823e-24,-0.8791366649076594,-0.9746005345764757,84.0,3.23554369755365e-20,-1.015325954131146,-1.019645439024085,10.0,0.00025577081728331253,False
CCND1 (595),peripheral nervous system,-0.932400838571928,-1.978953338506378,47,4.6888250060135754e-05,-0.7615347765487575,-1.7819912793270731,31.0,0.015930487048031048,-0.6187715502525587,-1.3828304067631307,17.0,0.00740650403208426,True
FERMT2 (10979),kidney,-0.9199615822261475,-1.4029053638477562,34,2.591116513538949e-06,-0.8376090773763644,-1.37473381333783,31.0,6.519591885699882e-05,,,,,True
SKP2 (6502),cervix,-0.9099641471038163,-1.5696851202225768,18,0.0004526577441391,-0.906106271680397,-1.5696851202225768,18.0,0.0007523144121187482,,,,,True
MDM2 (4193),kidney,-0.8699146745429291,-1.2859853985398908,34,2.850614792621525e-06,-0.8639512744068607,-1.2902200098276717,31.0,2.5952339544485395e-05,,,,,True
MDM2 (4193),pleura,-0.859724945439347,-1.278358846210356,21,0.0051300113779324,-0.8440042486022828,-1.2746700249501417,20.0,0.03405692245185427,,,,,True
NHLRC2 (374354),thyroid,-0.8385685386803599,-1.6126060184342133,11,0.0201086067033159,-0.8059917114552559,-1.6126060184342133,11.0,0.04069725981262262,,,,,True
MDM2 (4193),skin,-0.8153544382751436,-1.2300204519399376,75,2.130793419975699e-07,-0.8293536033669171,-1.252661993566242,71.0,2.5409251346309464e-06,,,,,True
ATP1B3 (483),lymphoid,-0.8129261134633042,-1.1103195605895275,94,4.924540108020959e-36,-0.7794726121501208,-1.0741839708264576,84.0,8.345695101032257e-30,-0.7683691542881097,-0.8498783485660965,10.0,0.0002359813905628895,True
UMPS (7372),myeloid,-0.8073332022272073,-1.249419439106089,43,1.233334070113956e-07,-0.8332535551178025,-1.265894857139244,41.0,3.303941548251352e-07,,,,,True
DCAF7 (10238),myeloid,-0.7922003368754144,-1.4374075982920962,7,0.0436684300205172,-0.781613221530929,-1.4374075982920962,7.0,0.08966278017126701,,,,,False
NAMPT (10135),lymphoid,-0.7852192017044958,-1.0821222738134473,94,8.375583726715813e-28,-0.7708568973920226,-1.057275251564049,84.0,8.349741099423193e-25,-0.8320289078006696,-1.233514118804231,10.0,0.0006030296009050027,True
SNAP23 (8773),bowel,-0.780379898160437,-1.5225916153772128,63,4.971552796994737e-08,-0.6345349103939644,-1.3833267302833412,33.0,0.006878980212443723,-0.7623168675934182,-1.3978639998295734,30.0,0.0005841530689160862,True
UMPS (7372),lymphoid,-0.7717732730149428,-1.1960635143014913,94,1.7496421615969217e-24,-0.772127397666838,-1.1876493710457985,84.0,1.6248848776606837e-20,-0.4515675055507923,-0.7103105151578404,10.0,0.0006392864234005267,True
SEPHS2 (22928),kidney,-0.7626036972388782,-1.4619314453374057,34,0.0064358125316687,-0.776882126008951,-1.5242451415240177,31.0,0.012958102039039663,,,,,True
SEPHS2 (22928),lymphoid,-0.7493405804758555,-1.4143304076646557,94,1.0663299684884189e-18,-0.7045009613477999,-1.4037182276853248,84.0,1.1741441661796488e-12,-0.6683619823193591,-0.8179399655932764,10.0,0.0005040636236971117,True
FERMT2 (10979),skin,-0.7414481496365699,-1.2113973413560108,75,6.567133377174271e-12,-0.7068852699518278,-1.2066376708180668,71.0,1.3319631478205565e-09,,,,,True
TFRC (7037),lymphoid,-0.7402023761528429,-1.575504219990485,94,6.722873469486667e-22,-0.733054603100721,-1.575504219990485,84.0,1.5114121992595162e-18,-0.5093730207647554,-1.1014886726586735,10.0,0.003114132223865899,True
NAMPT (10135),myeloid,-0.7376020024692531,-1.0479116141794094,43,5.2832454105620186e-11,-0.7452549194630895,-1.04487301021957,41.0,1.3354875926684452e-10,,,,,True
SDHB (6390),lymphoid,-0.7315352899151317,-1.1289768624225154,94,3.1283605467318044e-25,-0.7703567180857969,-1.1436109073984366,84.0,1.2912577448083023e-21,-0.595261698989549,-0.8869137877383075,10.0,0.0005221950817170132,True
ADSL (158),myeloid,-0.7307210177611276,-1.6947828256996136,43,9.685569519877933e-08,-0.7447748873917154,-1.6947828256996136,41.0,8.765435991019069e-08,,,,,True
CCND1 (595),skin,-0.7259100900139328,-1.770606629336156,75,0.0001212204883906,-0.747392356212476,-1.7511177062915255,71.0,1.0673747725721647e-05,,,,,True
SUMO2 (6613),lymphoid,-0.7216669481620047,-1.5146161362056063,10,0.0273600197847404,,,,,-0.41410080351897083,-0.9058938030527607,10.0,0.008188104960726644,False
CDAN1 (146059),lymphoid,-0.7159948179306301,-1.6344295818212804,94,2.1417547383749654e-13,-0.7110288840300132,-1.6558868542582672,84.0,5.074662491965959e-10,-0.539108158156004,-0.9770194161739019,10.0,0.0015229124507210134,True
EP300 (2033),lymphoid,-0.7146638728946605,-1.0049411450219972,94,3.52692831213519e-28,-0.6957377571731682,-0.9696958536952947,84.0,3.162537709263379e-23,-0.5553892515318426,-0.7020779371391519,10.0,0.000150121095881138,False
BCL2L1 (598),bowel,-0.7122566945408031,-1.6738544499430907,63,1.326641992528276e-07,-0.7161270544452555,-1.6738544499430907,33.0,0.0002883233790696626,-0.4931080971911801,-1.2236852676460572,30.0,0.0015716712814533382,True
KRAS (3845),bowel,-0.7085547354966818,-1.211311977116099,63,7.871437230639302e-11,-0.6876945661074978,-1.1923448992019414,33.0,1.372779842211856e-06,-0.7388194911294765,-1.090780999152582,30.0,0.0005459949613083126,True
SOX10 (6663),eye,-0.7065522105361061,-1.0119617665891842,10,0.0074594281644072,-0.7055650581889913,-1.0119617665891842,10.0,0.017877438665474657,,,,,True
ADSL (158),lymphoid,-0.701940676505588,-1.6240215654565886,94,6.830417681619416e-19,-0.6447502905518621,-1.5385123626749129,84.0,4.728911865485303e-17,-0.5655240926018783,-1.1424966950468545,10.0,0.00254330724289859,True
SNAP23 (8773),pleura,-0.6881620637483166,-1.4468771340480808,21,0.0061217129645757,-0.6465158174240248,-1.4002907878751747,20.0,0.009388791592797374,,,,,True
SCAP (22937),bowel,-0.6859026146933238,-1.6568576283420708,63,2.8537959748288704e-05,-0.5258874039598401,-1.4763763375285557,33.0,0.013633526081680898,-0.5275865226078571,-1.3182531428197506,30.0,0.006827371153101891,True
WDR36 (134430),myeloid,-0.6764773540686089,-2.4314618936510652,10,0.0013122480434529,-0.3881690632870689,-2.4314618936510652,8.0,0.40096765875042634,,,,,False
FAM50A (9130),bowel,-0.6723645529129287,-1.137284631353363,63,0.0084802381326431,-0.32163575801924005,-0.8275271974162401,33.0,0.49657376944087983,-0.4575487738729497,-0.6938505460102123,30.0,0.0024569614981901967,False
FPGS (2356),lymphoid,-0.6693869314954697,-1.0848762096762636,94,5.5673744205385874e-24,-0.6019724466018948,-1.0223389054346914,84.0,1.3552452777031484e-19,-0.7703049738646378,-1.1042898698102221,10.0,0.00016543037854534613,True
PAICS (10606),lymphoid,-0.666286640292447,-1.0981088306593074,94,1.0370541570675161e-26,-0.6428375742559935,-1.0615825234439584,84.0,1.4862375280571615e-23,-0.6265301413457973,-1.1020534935673272,10.0,0.0002948089535968892,True
TYMS (7298),myeloid,-0.6592989816798756,-1.15433161067098,43,0.0131101973908288,-0.654135219920275,-1.15433161067098,41.0,0.031730237728597344,,,,,True
FERMT2 (10979),soft tissue,-0.6574983477696956,-1.1347672167506258,49,1.6615054838513775e-05,-0.5926607171523635,-1.1195032642687655,48.0,0.00028931326260164266,,,,,True
FAM50A (9130),lymphoid,-0.6524538990645462,-1.1088078939586232,94,1.0686763956532794e-05,-0.6002126043596276,-1.0856930946480543,84.0,0.000424276052537485,-0.5127810681254248,-0.7574073171122139,10.0,0.016124268296274138,True
GRB2 (2885),liver,-0.6471163941055162,-1.6562907514907812,25,0.014633853595199,-0.6760896204391904,-1.6562907514907812,25.0,0.015154515243630274,,,,,True
DNAJC9 (23234),lymphoid,-0.6421387043658875,-1.861901919664883,94,1.4238379091571483e-06,-0.6564472035679869,-1.8849255973578343,84.0,8.935230196762997e-06,-0.3574981284246008,-1.0431521621956519,10.0,0.044011073542487435,True
TRPM7 (54822),myeloid,-0.6419783536562621,-1.2797304487365966,43,7.556882729869824e-08,-0.5962524712713122,-1.221545915323602,41.0,3.6642870612384304e-07,,,,,True
CHMP4B (128866),peripheral nervous system,-0.6286606562208354,-1.811098652249668,47,7.587041157338357e-09,-0.4815535453525417,-1.7102718830784749,31.0,0.00224410943936046,-0.6112018279066274,-1.4131676297575242,17.0,0.0005449691028481073,False
CTPS1 (1503),lymphoid,-0.6282120910887025,-1.2198050787878874,94,4.162712245446479e-17,-0.6105264192347045,-1.1958091301181286,84.0,1.2238238037903432e-14,-0.4399737585515636,-0.8666445785491204,10.0,0.004961893476285342,True
CFL1 (1072),lymphoid,-0.6279989622113911,-1.1960177378960684,94,9.717185228407162e-26,-0.6088547188610236,-1.1796509576603904,84.0,1.682892583175507e-23,-0.7628762413389161,-1.2916515447215058,10.0,0.0012122888312302632,True
FERMT2 (10979),cns/brain,-0.6206097910328806,-1.085801676852166,91,2.5777271048269516e-08,-0.4090209113471007,-0.9380407492129507,58.0,0.03860198710964176,-0.4812993642776172,-0.7301700948940817,33.0,2.6040352132174017e-06,False
TFRC (7037),myeloid,-0.6157573648218656,-1.4936460401380214,43,1.8624627872865113e-07,-0.6029963754797887,-1.487308219168991,41.0,3.045796339921663e-06,,,,,True
FAM50A (9130),bladder/urinary tract,-0.6048176517875055,-1.0798618996397282,34,0.0467835647146778,-0.5778163509150691,-1.0798618996397282,34.0,0.07934033189075272,,,,,False
SEPHS2 (22928),myeloid,-0.6008877682323319,-1.2947899519478274,43,0.0002745834201577,-0.5577920735226907,-1.2947899519478274,41.0,0.0064239948066587265,,,,,True
FERMT2 (10979),pleura,-0.5911862891255422,-1.0861301853691274,21,0.0279722451553964,-0.5718840793004215,-1.1167400501924687,20.0,0.08835055943422872,,,,,False
INTS6 (26512),skin,-0.5897057337637394,-1.4207704264252736,75,4.2585518228113945e-05,-0.5636654021093819,-1.396319646891632,71.0,3.321251395947969e-05,,,,,True
CCND1 (595),esophagus/stomach,-0.5887914493247446,-1.6526380014253648,69,0.0219996384546613,-0.2488876797106725,-1.2877522623017659,30.0,0.2785379727352818,-0.2911837936060775,-1.0673693288725683,39.0,0.3388483630276643,False
UROD (7389),lymphoid,-0.5882643322073855,-1.129221555732847,94,1.349682588543661e-15,-0.5565204289985366,-1.0633199487590663,84.0,3.5496909139614924e-15,-0.6279951107005773,-1.3566259976964692,10.0,0.019200816655012058,True
GRB2 (2885),head and neck,-0.5869498743497952,-1.5630643655927128,77,4.284868007069783e-10,-0.5004788604295689,-1.474191718246479,42.0,0.002468327490374558,-0.35684710926760954,-1.012981896786246,34.0,4.1752543939291716e-05,True
SDHB (6390),myeloid,-0.5859432070957649,-1.0019210129314706,43,4.0940937833486585e-09,-0.5990627487169113,-1.0019210129314706,41.0,4.594529102577612e-08,,,,,True
AP2S1 (1175),myeloid,-0.5745008383868602,-1.344540197301853,43,6.576459422400148e-09,-0.5323682255846232,-1.302407584499616,41.0,4.296737805193369e-08,,,,,True
GRB2 (2885),kidney,-0.5738707096388571,-1.5647904269798685,34,0.0003689996347558,-0.5926420905757489,-1.5664298507531211,31.0,0.0004842721442039045,,,,,True
CHMP4B (128866),soft tissue,-0.5734873967234444,-1.7630193697750185,49,6.36701025577658e-05,-0.498996148327588,-1.7289226446512056,48.0,0.00016934643556433911,,,,,False
CCND1 (595),pancreas,-0.5719345077454796,-1.6309025509542503,48,0.0098519366528145,-0.6062360270292859,-1.632766486566417,25.0,0.1599896037585612,-0.3038429749596735,-1.0679018314702455,23.0,0.16249736392390493,False
CTPS1 (1503),myeloid,-0.5663756531649238,-1.1805466993905882,43,3.839783455915863e-07,-0.519494485538068,-1.1316912309827567,41.0,1.686895039140194e-06,,,,,True
SNAP23 (8773),esophagus/stomach,-0.5633885320887952,-1.3075574533741423,69,0.0001486493977577,-0.4352483666126812,-1.1943823114393273,30.0,0.21044654163489196,-0.6210210124911151,-1.2580927647250963,39.0,0.0048806839222319655,False
CDAN1 (146059),myeloid,-0.5595989561587168,-1.518557515222057,43,0.000994462803682,-0.5423622730601331,-1.5406762365307487,41.0,0.004128458673364741,,,,,True
FAM50A (9130),myeloid,-0.5591713967910519,-1.028369176843959,43,0.0143379878079567,-0.5290211552613209,-1.028369176843959,41.0,0.03417467423543901,,,,,True
MED1 (5469),myeloid,-0.5572949443334795,-1.2283442992287683,43,3.321059925924584e-07,-0.5514324040065232,-1.2283442992287683,41.0,1.9756593688403346e-06,,,,,True
DHFR (1719),lymphoid,-0.557165100754308,-1.2807799541315508,89,9.844976616303546e-16,-0.554971609039457,-1.2738023272877483,84.0,7.909782411107524e-15,,,,,True
CKS1B (1163),cervix,-0.5524132350405139,-1.252704173171887,18,6.193757781546877e-05,-0.5440469271664343,-1.252704173171887,18.0,0.00011596611435482462,,,,,True
PAICS (10606),myeloid,-0.5503758604547087,-1.0056169702287616,43,1.5349686052010893e-06,-0.5569823962311936,-1.0056169702287616,41.0,1.5661366158615234e-06,,,,,True
ELOB (6923),cervix,-0.5473237814761416,-2.004145108267159,18,0.0038629789199848,-0.5671855278829783,-2.004145108267159,18.0,0.002010689273326173,,,,,True
FERMT2 (10979),ovary/fallopian tube,-0.5454178020121785,-1.0226866709931086,59,0.0001009451508118,-0.5121968458560141,-1.050899938523135,31.0,0.009148255080285677,-0.2036825766095725,-0.4610967125539306,29.0,0.003781429194697492,True
SCAP (22937),pancreas,-0.5347038062785472,-1.5094918313039027,48,0.0249337276191208,-0.4667918258867726,-1.4270615623246172,25.0,0.30354273787776326,-0.38320178215090783,-1.1749620599101351,23.0,0.06790621727817472,False
DNM2 (1785),myeloid,-0.5321046873162314,-1.7149006529956825,43,4.987669942023618e-10,-0.5240646762003673,-1.6916704003645595,41.0,2.4279663855865717e-10,,,,,True
PTK2 (5747),liver,-0.529024472716665,-1.0541394463713156,25,0.0044973468121676,-0.5167185017318694,-1.0541394463713156,25.0,0.01110535526080815,,,,,True
CFLAR (8837),pancreas,-0.52426533400898,-1.0780348452683062,48,4.29766077872804e-05,-0.43114709990935396,-1.0016038897318789,25.0,0.07954831800093685,-0.5802961783019381,-0.9144935034257988,23.0,0.0014352848585196915,False
CUL2 (8453),cervix,-0.5237272087940176,-1.1317286569386231,18,0.0275583139153067,-0.4964774484474189,-1.1317286569386231,18.0,0.07507016600629685,,,,,False
CDK6 (1021),lymphoid,-0.5233937049142166,-1.0195726707624506,94,5.340247565739578e-09,-0.4877125905899441,-0.9821984301314719,84.0,2.484655038981622e-06,-0.6064159015923158,-0.9571714214116851,10.0,0.0016357114186968584,False
DNM2 (1785),lymphoid,-0.520242429295037,-1.6822690149032002,94,1.0642230820657804e-19,-0.5127867146427008,-1.6671285926613448,84.0,3.824575990023873e-19,-0.30818067292415985,-1.3400180946561389,10.0,0.06688698043886382,True
UROD (7389),myeloid,-0.5146232828447995,-1.0814199000874312,43,5.964359992334674e-05,-0.527528476151162,-1.0594388180557994,41.0,2.755419649859143e-05,,,,,True
SCD (6319),bowel,-0.5097108470541621,-1.1639835954295306,63,6.045980679281802e-07,-0.3483339154991181,-1.0040220964979962,33.0,0.003123603496639796,-0.7069494138384081,-1.4726920202845308,30.0,0.0008300150861145162,False
MYC (4609),pancreas,-0.5092316556390317,-2.5691115074721376,48,0.0004240070090427,-0.48762951223986883,-2.5496557819694603,25.0,0.034373686115778894,-0.2078791465553813,-1.4820642554258932,23.0,0.06757866099151814,False
NCAPD3 (23310),eye,-0.5075565963421675,-1.4598980222778488,10,0.0326038951358599,-0.49248443487461846,-1.4598980222778488,10.0,0.08330944031554456,,,,,False
ADSL (158),breast,-0.5033007855072965,-1.488230514489267,53,0.0041028202342816,-0.4790077214479077,-1.459587683391078,28.0,0.16132153668343585,-0.19326520403409342,-0.7709765751664829,25.0,0.28138769276480147,False
