Gene,Lineage,Chronos_median_disc,Selectivity_disc,n_target_disc,p_value_disc,q_value_disc,Chronos_median_S,Selectivity_S,n_target_S,p_value_S,q_value_S,replicated,meets_rule_S
SOX10 (6663),skin,-1.6653139466945657,-1.3743730568906156,68,1.4533597132991494e-27,4.646380622276572e-23,,,,,,,
KRAS (3845),pancreas,-1.8601918499536203,-1.3558462477655646,23,2.6209326852311175e-11,5.3810753684543965e-08,-1.2573134509713877,-0.9075659555254311,23.0,6.378901939418364e-11,1.687335837631147e-06,1.0,1.0
HNF1B (6928),kidney,-1.3091178501881022,-1.1530611809357976,31,3.3532247199574594e-09,3.858182434277223e-06,,,,,,,
CFLAR (8837),kidney,-1.7150279190500817,-1.1494100331353803,31,9.518571749556152e-09,9.793822586424351e-06,,,,,,,
MDM2 (4193),eye,-1.5542719124981803,-1.122754221813722,10,1.4790212520602915e-05,0.004800426780100749,,,,,,,
MYB (4602),myeloid,-1.3564733855024529,-1.0562022816131225,41,1.3000414284310113e-23,2.0940942915218592e-19,,,,,,,
BRAF (673),skin,-1.1084641930968246,-1.0373827264413038,68,2.5234613540701403e-21,2.8236207734833984e-17,,,,,,,
CBFB (865),myeloid,-1.1813733703967335,-1.0281373668342773,41,1.2167044436917337e-18,8.378020895432347e-15,,,,,,,
ZER1 (10444),cervix,-1.1016190651387714,-0.979158079276144,18,7.278402476850273e-10,1.0148473838586193e-06,,,,,,,
NMNAT1 (64802),lymphoid,-1.1744401462673035,-0.9375967736472001,84,1.774537286215361e-34,1.9856140600674626e-29,-0.6626589733929366,-0.6139955932501796,10.0,2.717425196506627e-07,0.00015732628798170706,1.0,0.0
SKP2 (6502),cervix,-1.5696851202225768,-0.9040173394232293,18,1.5969775224707251e-06,0.0007889333361257447,,,,,,,
MDM2 (4193),kidney,-1.2902200098276717,-0.8636085924861948,31,2.7541805360402097e-08,2.480308591831672e-05,,,,,,,
MDM2 (4193),pleura,-1.2746700249501417,-0.8431523342656835,20,0.00023431145898778467,0.03478930315732042,,,,,,,
FERMT2 (10979),kidney,-1.37473381333783,-0.8413289126046094,31,8.758397246066762e-08,6.865279651483914e-05,,,,,,,
UMPS (7372),myeloid,-1.265894857139244,-0.8337962085417162,41,1.5208994946773686e-10,2.5026568931183895e-07,,,,,,,
NHLRC2 (374354),thyroid,-1.6126060184342133,-0.8078855064342754,11,0.00030535009767324414,0.041145952851141344,,,,,,,
ATP1B3 (483),lymphoid,-1.0741839708264576,-0.7794726121501208,84,6.228441930398052e-35,1.295925381186712e-29,-0.8498783485660965,-0.7683691542881097,10.0,5.395572520698441e-07,0.0002359813905628895,1.0,0.0
MDM2 (4193),skin,-1.2002101156409617,-0.7756647224429027,68,2.016306218115502e-08,1.8960437407375773e-05,,,,,,,
UMPS (7372),lymphoid,-1.1876493710457985,-0.775405600373415,84,2.9948394111829863e-25,6.382986803894618e-21,-0.7103105151578404,-0.4515675055507923,10.0,3.228534367996321e-06,0.0006392864234005267,1.0,0.0
SDHB (6390),lymphoid,-1.1436109073984366,-0.7745258960462706,84,3.439702542253339e-26,8.47056953597791e-22,-0.8869137877383075,-0.595261698989549,10.0,2.2731486974411892e-06,0.0005221950817170132,1.0,0.0
NAMPT (10135),lymphoid,-1.057275251564049,-0.770999423393094,84,1.7345713886151956e-29,9.704471594312507e-25,-1.233514118804231,-0.8320289078006696,10.0,2.9221431621879892e-06,0.0006030296009050027,1.0,1.0
SEPHS2 (22928),kidney,-1.5242451415240177,-0.7640439407303127,31,6.605439348531504e-05,0.014606995741978173,,,,,,,
CCND1 (595),peripheral nervous system,-1.7819912793270731,-0.7620790366408952,29,0.00024253657058291177,0.03554494948425968,-1.3828304067631307,-0.6187715502525587,17.0,0.00016973415176440855,0.00740650403208426,1.0,1.0
CRKL (1399),pancreas,-1.5553770143214014,-0.7608267092650901,23,3.282639267074094e-05,0.0086885890036532,-0.8425327301947045,-0.19143688884150867,23.0,0.00861104294785141,0.09223268333775135,0.0,0.0
CCND1 (595),skin,-1.7608621678138408,-0.7595372716705364,68,7.102873356980818e-09,7.587343566215078e-06,,,,,,,
ADSL (158),myeloid,-1.6947828256996136,-0.7458711036091752,41,4.323499722485394e-11,8.340981389182285e-08,,,,,,,
NAMPT (10135),myeloid,-1.04487301021957,-0.7451313727037595,41,4.245297501348346e-14,1.4729503956247996e-10,,,,,,,
TFRC (7037),lymphoid,-1.575504219990485,-0.7378181744280528,84,1.389930687590472e-22,1.7774393920601595e-18,-1.1014886726586735,-0.5093730207647554,10.0,4.1768880661798786e-05,0.003114132223865899,1.0,1.0
CDAN1 (146059),lymphoid,-1.6558868542582672,-0.7206873358025989,84,1.0186640852497186e-13,3.188340228055831e-10,-0.9770194161739019,-0.539108158156004,10.0,1.3063130913934687e-05,0.0015229124507210134,1.0,0.0
FERMT2 (10979),skin,-1.2090175060870387,-0.7114391449734631,68,7.115953637156338e-13,1.8958044124790454e-09,,,,,,,
BCL2L1 (598),bowel,-1.6738544499430907,-0.7076766514895794,31,1.4546854255040562e-06,0.0007332056847541441,-1.2236852676460572,-0.4931080971911801,30.0,1.3856039557086323e-05,0.0015716712814533382,1.0,0.0
SOX10 (6663),eye,-1.0119617665891842,-0.7055650581889913,10,9.275572433849114e-05,0.018517178565431548,,,,,,,
ATP1A1 (476),breast,-1.9215268076403507,-0.7008026482652601,26,2.5568995863407075e-07,0.00017339614544769507,-1.1267527053830109,-0.2714354460894485,25.0,0.04770902742132947,0.266934402927176,0.0,0.0
SEPHS2 (22928),lymphoid,-1.4037182276853248,-0.6999576551205116,84,3.7981141648481095e-16,1.7707876456130751e-12,-0.8179399655932764,-0.6683619823193591,10.0,2.124932347698913e-06,0.0005040636236971117,1.0,0.0
KRAS (3845),bowel,-1.1923448992019414,-0.6885124293263206,31,2.0945523327537746e-09,2.5614143129551956e-06,-1.090780999152582,-0.7388194911294765,30.0,2.468100719626972e-06,0.0005459949613083126,1.0,1.0
KIF18A (81930),head and neck,-1.9259372121648664,-0.6696774587666032,41,0.00039941723586086746,0.04891129056343945,-0.8160878040287975,0.18185240730448415,34.0,0.8114412086085991,0.9999999999999653,0.0,0.0
RAB10 (10890),pancreas,-1.0516521636631704,-0.6691785166175629,23,2.0472232434486276e-08,1.916933330710237e-05,-0.4725346600730071,-0.14135760262621672,23.0,0.0003953424141855052,0.012518539057165448,1.0,0.0
DNAJC9 (23234),lymphoid,-1.8849255973578343,-0.6676983149950186,84,4.7097969384399634e-09,5.256873326458903e-06,-1.0431521621956519,-0.3574981284246008,10.0,0.002714873331183245,0.044011073542487435,1.0,0.0
GRB2 (2885),liver,-1.6562907514907812,-0.6612071946411596,25,9.36957816962858e-05,0.018625552115609168,,,,,,,
TYMS (7298),myeloid,-1.15433161067098,-0.6521495546925569,41,0.00020784194128445466,0.0321665588651988,,,,,,,
ADSL (158),lymphoid,-1.5385123626749129,-0.65178098073852,84,3.0947787311583214e-21,3.378434072471001e-17,-1.1424966950468545,-0.5655240926018783,10.0,3.0180346192031804e-05,0.00254330724289859,1.0,1.0
SNAP23 (8773),pleura,-1.4002907878751747,-0.6508933718761025,20,3.3750436316324474e-05,0.008880650520884298,,,,,,,
PAICS (10606),lymphoid,-1.0615825234439584,-0.6460271482076028,84,1.76682639376993e-28,7.907943904971515e-24,-1.1020534935673272,-0.6265301413457973,10.0,7.824196080109901e-07,0.0002948089535968892,1.0,1.0
SNAP23 (8773),bowel,-1.3833267302833412,-0.6345349103939644,31,4.35698530828957e-05,0.010720698885645615,-1.3978639998295734,-0.7623168675934182,30.0,2.7549128961368863e-06,0.0005841530689160862,1.0,1.0
CTPS1 (1503),lymphoid,-1.1958091301181286,-0.6105264192347045,84,1.8696357014237773e-18,1.2306024670699306e-14,-0.8666445785491204,-0.4399737585515636,10.0,8.926579095153289e-05,0.004961893476285342,1.0,0.0
CFL1 (1072),lymphoid,-1.1796509576603904,-0.609774122900838,84,8.177099405917845e-28,3.0499149791677527e-23,-1.2916515447215058,-0.7628762413389161,10.0,8.963585937562903e-06,0.0012122888312302632,1.0,1.0
SDHB (6390),myeloid,-1.0019210129314706,-0.6085127516491038,41,1.8562233335918213e-11,3.924242660003469e-08,,,,,,,
TFRC (7037),myeloid,-1.487308219168991,-0.6066716129543169,41,2.7091435928608725e-09,3.199355620446112e-06,,,,,,,
FPGS (2356),lymphoid,-1.0223389054346914,-0.6045900111892679,84,6.0470959986901215e-24,1.1277304916657191e-19,-1.1042898698102221,-0.7703049738646378,10.0,2.9770140103675247e-07,0.00016543037854534613,1.0,1.0
FAM50A (9130),lymphoid,-1.0856930946480543,-0.6002126043596276,84,7.249793285135909e-07,0.0004154744210970352,-0.7574073171122139,-0.5127810681254248,10.0,0.0005736346832976818,0.016124268296274138,1.0,0.0
FERMT2 (10979),soft tissue,-1.1195032642687655,-0.5974689011488851,48,5.039082390514072e-07,0.0003106594293751925,,,,,,,
TRPM7 (54822),myeloid,-1.221545915323602,-0.5962524712713122,41,2.28509342901043e-10,3.6139923387387253e-07,,,,,,,
GRB2 (2885),kidney,-1.5664298507531211,-0.5862287197015303,31,1.3004612791796512e-06,0.0006659715776589807,,,,,,,
SCAP (22937),bowel,-1.5236928609473683,-0.5716833590187955,31,9.13384955332529e-05,0.018324156204517168,-1.3182531428197506,-0.5275865226078571,30.0,0.0001496146491405501,0.006827371153101891,1.0,1.0
NHLRC2 (374354),skin,-1.3544832801626128,-0.5683621080553867,68,3.44516756409274e-09,3.943694765138273e-06,,,,,,,
ELOB (6923),cervix,-2.004145108267159,-0.5650579904840343,18,5.565652881181656e-06,0.0021642652918387527,,,,,,,
DHFR (1719),lymphoid,-1.2738023272877483,-0.5603182364109947,84,8.050153933412077e-19,5.811419108649426e-15,,,,,,,
PAICS (10606),myeloid,-1.0056169702287616,-0.5590509717882922,41,8.991990787432482e-10,1.2120638339284076e-06,,,,,,,
MED1 (5469),myeloid,-1.2283442992287683,-0.5572949443334795,41,1.4311736147611977e-09,1.8301807294891488e-06,,,,,,,
RAB6A (5870),pancreas,-1.017651976331901,-0.5555363152909762,23,1.800316170841468e-05,0.005568650389972726,-0.4223800340989483,-0.10076047549557748,23.0,0.4481429904441463,0.943531424583328,0.0,0.0
UROD (7389),lymphoid,-1.0633199487590663,-0.555194939516346,84,3.537130550211627e-19,2.7295609560916722e-15,-1.3566259976964692,-0.6279951107005773,10.0,0.0007510008830069072,0.019200816655012058,1.0,1.0
BUB3 (9184),head and neck,-3.191064392170044,-0.5522844436758021,41,1.116028741012876e-08,1.1352523360768227e-05,-1.8034686063017111,-0.11477358788454817,34.0,0.012342434247595417,0.11553577324102991,0.0,0.0
CDAN1 (146059),myeloid,-1.5406762365307487,-0.5452268213664281,41,1.0793224143763605e-05,0.003693287820368173,,,,,,,
CKS1B (1163),cervix,-1.252704173171887,-0.5428871644383437,18,1.6709987505097844e-07,0.0001202417925650191,,,,,,,
SEPHS2 (22928),myeloid,-1.2947899519478274,-0.5418257401540657,41,2.6945311599044778e-05,0.007517923677841255,,,,,,,
CCND1 (595),head and neck,-1.55354269135501,-0.5334336065738179,41,0.00011278197119798487,0.021265222056921107,-0.6425432892608847,0.25141683754272437,34.0,0.9759264313710876,0.9999999999999653,0.0,0.0
MYH9 (4627),pancreas,-1.0485900726790098,-0.5310013890202979,23,1.0397887384949737e-06,0.000560739205336521,-0.5711184817148458,-0.11944145034999398,23.0,0.08243649113002754,0.3701902414853865,0.0,0.0
FERMT2 (10979),ovary/fallopian tube,-1.0677715060558044,-0.5298575917415111,28,2.51731050887229e-05,0.007167273029583656,-0.4610967125539306,-0.2036825766095725,29.0,5.7164749014811536e-05,0.003781429194697492,1.0,0.0
FAM50A (9130),myeloid,-1.028369176843959,-0.5290211552613209,41,0.00022802752158192083,0.034225462804196694,,,,,,,
AP2S1 (1175),myeloid,-1.302407584499616,-0.5265208469433831,41,2.4648193310467684e-11,5.0838772874220345e-08,,,,,,,
UROD (7389),myeloid,-1.0594388180557994,-0.521998747401327,41,2.8820829208252145e-08,2.5799195832400577e-05,,,,,,,
DNM2 (1785),myeloid,-1.6916704003645595,-0.5205004817451246,41,8.536804771994219e-14,2.6907708049608455e-10,,,,,,,
CTPS1 (1503),myeloid,-1.1316912309827567,-0.519494485538068,41,1.381187828936837e-09,1.7793906863676878e-06,,,,,,,
INTS6 (26512),skin,-1.3465591135842168,-0.5147951748550157,68,2.2472172974221594e-07,0.00015569771993233943,,,,,,,
PTK2 (5747),liver,-1.0541394463713156,-0.5130590587252496,25,5.295404049005589e-05,0.012296511596922376,,,,,,,
DNM2 (1785),lymphoid,-1.6671285926613448,-0.5089987898773374,84,3.010575391048264e-23,4.491567743166637e-19,-1.3400180946561389,-0.30818067292415985,10.0,0.005199085373784981,0.06688698043886382,0.0,0.0
