Gene_symbol,Lineage,coef_unadjusted,coef_adjusted,ratio,p_adjusted,common_essential,blood_lineage
KRAS,pancreas,-1.4781374062452795,-1.471453324623083,0.9954780377020732,1.5364175013453642e-25,True,False
SOX10,skin,-1.2310768015128262,-1.2322737928082899,1.000972312445489,1.8637241125801967e-34,False,False
HNF1B,kidney,-1.0493217243459254,-1.0402046611092166,0.991311470042811,2.662665893680698e-10,False,False
FOXA1,prostate,-1.1543476592645723,-1.0835288759434236,0.9386503859969995,0.009452982976873298,False,False
MDM2,eye,-0.9095798280934375,-0.9016643700320411,0.9912976763370095,1.4386466398764509e-08,True,False
CTNNB1,bowel,-0.9930016847242861,-0.9919023554566659,0.9988929230589116,5.417646218298339e-23,False,False
CFLAR,kidney,-0.8837926712712556,-0.8417243817519016,0.952400273404799,7.526964054173933e-09,False,False
MYB,myeloid,-1.1402423050532715,-1.1197284060251103,0.9820091756486768,4.086396303541359e-31,False,True
CBFB,myeloid,-1.0416090969271778,-0.9982353603527719,0.9583589115126188,7.253354904696804e-25,False,True
TUBB4B,ampulla of vater,-0.8907460465076235,-0.8643471086217319,0.9703631152903853,0.022943125114694058,False,False
PAX8,kidney,-0.8452508160954375,-0.8381412054101984,0.991588756201288,1.0992659555523573e-12,False,False
BRAF,skin,-0.8514756042443251,-0.855945738225049,1.0052498673578454,6.52061394551408e-23,False,False
ZER1,cervix,-0.9270425453341707,-0.951326502570661,1.0261950838812222,7.473966183207819e-13,False,False
NMNAT1,lymphoid,-0.8861612837566389,-0.8376602708289277,0.9452684135306562,2.4070212331322613e-39,False,True
IRF4,lymphoid,-0.9836188888333601,-1.0081804657876883,1.0249706235140115,5.610498558782286e-23,False,True
CCND1,peripheral nervous system,-0.6649479039225488,-0.6749631598623629,1.0150617151820975,2.5934282510249575e-09,True,False
FERMT2,kidney,-0.6619440867604846,-0.6275626129155842,0.9480598519836302,2.907778827684822e-09,False,False
SKP2,cervix,-0.8183933681736816,-0.7886600045825094,0.9636686161600688,2.218725103879714e-05,True,False
MDM2,kidney,-0.6541577827447758,-0.6569665272342371,1.0042936804598979,6.18512766994643e-08,True,False
MDM2,pleura,-0.5294559505392813,-0.5038368359899682,0.9516123777186402,0.0005855296246138391,True,False
NHLRC2,thyroid,-0.6022288197840705,-0.6089646375306441,1.011184814683875,0.0013581387452477084,False,False
MDM2,skin,-0.5507477256557168,-0.5416695135005507,0.9835165689620277,2.2034225798991416e-09,True,False
ATP1B3,lymphoid,-0.7688627340733599,-0.7416830893846769,0.9646495486330987,4.389082813063998e-46,False,True
UMPS,myeloid,-0.6115174518582281,-0.4922339278960964,0.8049384795157309,1.685112060431103e-06,False,True
DCAF7,myeloid,-0.7496670788059476,-0.7535582733705449,1.0051905634842537,0.001134072027961626,True,True
NAMPT,lymphoid,-0.6187793307374085,-0.5464096511523971,0.8830444457497193,3.197296210091134e-35,False,True
SNAP23,bowel,-0.6270907297664987,-0.5769906198270915,0.9201070793088231,2.401554903338724e-09,False,False
UMPS,lymphoid,-0.7093730620544537,-0.6180607379213472,0.8712774292998215,6.814805748634258e-25,False,True
SEPHS2,kidney,-0.46575617060924046,-0.48654145488489786,1.044626964895535,0.00016416017967748947,True,False
SEPHS2,lymphoid,-0.6362437648669778,-0.6163259720336507,0.9686947143010646,1.041815910225638e-24,True,True
FERMT2,skin,-0.6108555875005488,-0.6253661167415433,1.0237544348253693,4.239265334273542e-17,False,False
TFRC,lymphoid,-0.6423438337335154,-0.5295027540699335,0.8243291618326712,5.8993042631110395e-30,True,True
NAMPT,myeloid,-0.6046762216957351,-0.5166966973575013,0.854501432036625,1.3221858576617054e-12,False,True
SDHB,lymphoid,-0.6479785540568901,-0.533555844627426,0.8234159005524461,3.1029660090032817e-27,False,True
ADSL,myeloid,-0.6254714382986208,-0.44644661236145666,0.7137761774955873,3.8738940301787345e-10,True,True
CCND1,skin,-0.5364305385411128,-0.5573039414558983,1.038911660345724,6.514664540210243e-08,True,False
SUMO2,lymphoid,-0.6179266269384116,-0.5023455834546333,0.8129534503854643,0.034298533336624935,True,True
CDAN1,lymphoid,-0.5511370619494338,-0.509697317058693,0.9248104550542042,3.4681356403499094e-19,True,True
EP300,lymphoid,-0.7190455993915703,-0.6945125675364942,0.9658811181435014,6.067533828910057e-34,False,True
BCL2L1,bowel,-0.6024504461281528,-0.5696278602326107,0.9455181980418683,2.949285995263315e-09,True,False
KRAS,bowel,-0.7470886960552245,-0.7367615777895293,0.9861768511286217,1.5484992589047204e-10,True,False
SOX10,eye,-0.7846091930163007,-0.7831028876759059,0.9980801839262116,0.007105304060683512,False,False
ADSL,lymphoid,-0.6727786236395202,-0.5113314035380474,0.7600292065938506,7.699577947898735e-20,True,True
SNAP23,pleura,-0.5470709216756038,-0.5341155733403405,0.9763187041716954,3.284446611794639e-05,False,False
SCAP,bowel,-0.553259382498881,-0.5293500783740275,0.9567846386682799,1.6301204774081366e-07,False,False
WDR36,myeloid,-0.6548035574692657,-0.5426199699029174,0.8286759650483209,3.3495065810918866e-07,True,True
FAM50A,bowel,-0.3107847272389463,-0.2986153455737978,0.9608430511587139,0.000382230075660541,False,False
FPGS,lymphoid,-0.5459812358186659,-0.47240101715280314,0.865233063265382,2.0991805683793207e-27,True,True
PAICS,lymphoid,-0.5736861868164567,-0.4864768514064551,0.8479842509474556,3.0989987894437086e-34,True,True
TYMS,myeloid,-0.38650474213943226,-0.3455962001963513,0.8941577230938006,0.003335326283251669,False,True
FERMT2,soft tissue,-0.44062441427760474,-0.3912074776892715,0.8878479380917842,1.1974724780801192e-06,False,False
FAM50A,lymphoid,-0.34239055906550897,-0.33553462615326185,0.9799762793373769,1.246104196353648e-07,False,True
GRB2,liver,-0.4439164184767196,-0.42663774430775014,0.9610767400127698,3.238665950437189e-05,False,False
DNAJC9,lymphoid,-0.4676653551810803,-0.41986984886761836,0.8977997711740792,6.369413005396885e-07,True,True
TRPM7,myeloid,-0.49162968540949303,-0.4174323224817449,0.8490787575897762,8.47461736668232e-10,True,True
CHMP4B,peripheral nervous system,-0.6948270431411443,-0.6893635423411472,0.9921368909659907,1.2103193396392947e-18,True,False
CTPS1,lymphoid,-0.5233702911926799,-0.4020431579556011,0.7681810846378134,5.813983201205098e-13,True,True
CFL1,lymphoid,-0.5956291391022024,-0.5326007804676676,0.8941818751017822,7.620908238556122e-30,True,True
FERMT2,cns/brain,-0.41868187581689714,-0.3537861262528759,0.8449998595296201,1.5070792770546024e-08,False,False
TFRC,myeloid,-0.6155758088768051,-0.49576845310130246,0.805373515255406,1.1142808345795393e-07,True,True
FAM50A,bladder/urinary tract,-0.26998621847183346,-0.2962376299046511,1.0972324127557507,0.001178909452080383,False,False
SEPHS2,myeloid,-0.4455194563248681,-0.3939966653406417,0.884353443485403,2.2097549274747402e-05,True,True
FERMT2,pleura,-0.4119663051768184,-0.4174695465553661,1.0133584744902515,0.0014684587794592289,False,False
INTS6,skin,-0.38248422092660256,-0.4127480640911321,1.0791244226786996,4.3510539446177944e-07,True,False
CCND1,esophagus/stomach,-0.41319274935975847,-0.4352744530148367,1.0534416532944826,0.0003915048751168677,True,False
UROD,lymphoid,-0.4471815597441515,-0.3410324672963217,0.762626409486649,4.911500881521553e-13,True,True
GRB2,head and neck,-0.5173959825789487,-0.5439117156948305,1.051248432552017,1.494261104215029e-23,False,False
SDHB,myeloid,-0.5208209035763782,-0.3839892729292426,0.7372769992380513,3.3723792345992195e-12,False,True
AP2S1,myeloid,-0.605529510173086,-0.49374886340086843,0.815400166475345,2.630453230522444e-07,True,True
GRB2,kidney,-0.5273289115300486,-0.49529359701952663,0.9392498423468357,3.596807052964211e-08,False,False
CHMP4B,soft tissue,-0.48383276054410596,-0.46584699179319705,0.9628264759693358,4.098531176855592e-09,True,False
CCND1,pancreas,-0.43290982619738705,-0.40769660959257153,0.9417587333919294,0.00010515813975955331,True,False
CTPS1,myeloid,-0.49564465068624214,-0.3617998182776848,0.7299580814132803,1.4698280568415596e-06,True,True
SNAP23,esophagus/stomach,-0.47504136170490774,-0.4697206283310048,0.988799431369919,1.7100390872744522e-06,False,False
CDAN1,myeloid,-0.4942241269185835,-0.3995487239401237,0.8084362987927212,0.0002938418161761534,True,True
FAM50A,myeloid,-0.3177414323590832,-0.2878241030598296,0.9058437891554423,0.0009744971630273681,False,True
MED1,myeloid,-0.48789812117402187,-0.4721654893751416,0.9677542685324897,6.353609513002331e-13,False,True
DHFR,lymphoid,-0.498133569136231,-0.4707009551215353,0.9449292002900664,2.0012833649681642e-20,True,True
CKS1B,cervix,-0.5987171998226505,-0.5900443459478122,0.9855142730534427,1.6539006237851138e-06,True,False
PAICS,myeloid,-0.3902521143802428,-0.2792658668878505,0.7156037253798125,7.89580878445251e-06,True,True
ELOB,cervix,-0.4497421161306733,-0.5107804850212443,1.1357185967276326,1.4609911593622037e-06,True,False
FERMT2,ovary/fallopian tube,-0.3705424700781805,-0.3604146190662418,0.972667502837659,3.6854147496140632e-06,False,False
SCAP,pancreas,-0.4247174266559853,-0.44762681812320926,1.0539403142640065,0.00028823952106803527,False,False
DNM2,myeloid,-0.6405264864441209,-0.5373736119946709,0.8389561140209789,2.4798049487191072e-12,True,True
PTK2,liver,-0.4008753208806011,-0.368536471071444,0.9193294071131181,7.21635274287248e-05,False,False
CFLAR,pancreas,-0.43629881907332246,-0.4326577203641183,0.9916545758319089,4.246189738548543e-06,False,False
CUL2,cervix,-0.3483504110568151,-0.3592840424483813,1.031386876675116,0.001522453140959589,True,False
CDK6,lymphoid,-0.48852476383352716,-0.44690163610006994,0.9147983258682031,6.5472167010614095e-09,False,True
DNM2,lymphoid,-0.5505180272235852,-0.45448516669690425,0.8255590992887167,4.302662509071058e-20,True,True
UROD,myeloid,-0.3782787329829391,-0.2577166374305112,0.681287672183608,0.0003184622678241802,True,True
SCD,bowel,-0.4945031303398558,-0.49497352398148986,1.0009512450230815,2.0305432212985886e-08,True,False
MYC,pancreas,-0.49512161598203874,-0.528523974727311,1.067462937724949,6.36282102181085e-12,True,False
NCAPD3,eye,-0.48692800470696584,-0.47640899744038634,0.9783972021224988,1.4943381473994006e-05,True,False
ADSL,breast,-0.3359255787098052,-0.3661808664062628,1.090065447866934,7.013529407303932e-07,True,False
