split,n_tests,n_lineages,spearman
0,409734,23,0.2101923349827561
1,409734,23,0.210458317638341
2,409734,23,0.21234663652718186
3,409734,23,0.21233070641770108
4,409734,23,0.2139824117257391
5,409734,23,0.21309604280631253
6,409734,23,0.20804725819646647
7,409734,23,0.2083922093891707
8,409734,23,0.2244814322885631
9,409101,23,0.21761406445072828
10,409734,23,0.21647009113175333
11,409734,23,0.21506345735101431
12,409734,23,0.21563527023888532
13,409734,23,0.21407693698037622
14,409734,23,0.20933623217272648
15,409734,23,0.21636431062499412
16,409734,23,0.21288404977811162
17,409734,23,0.21679796886403502
18,409734,23,0.21248530535433657
19,409734,23,0.20493435004871816
