Gene,Lineage,n_full,k,frac_retained
KRAS (3845),pancreas,48,10,1.0
KRAS (3845),pancreas,48,20,1.0
SOX10 (6663),skin,75,10,0.93
SOX10 (6663),skin,75,20,0.9966666666666667
HNF1B (6928),kidney,34,10,0.8066666666666666
HNF1B (6928),kidney,34,20,0.9166666666666666
CTNNB1 (1499),bowel,63,10,0.7966666666666666
CTNNB1 (1499),bowel,63,20,0.8766666666666667
CFLAR (8837),kidney,34,10,0.9566666666666667
CFLAR (8837),kidney,34,20,1.0
MYB (4602),myeloid,43,10,0.9833333333333333
MYB (4602),myeloid,43,20,1.0
CBFB (865),myeloid,43,10,0.8633333333333333
CBFB (865),myeloid,43,20,0.9766666666666667
PAX8 (7849),kidney,34,10,0.6066666666666667
PAX8 (7849),kidney,34,20,0.5566666666666666
BRAF (673),skin,75,10,0.6266666666666667
BRAF (673),skin,75,20,0.7666666666666667
NMNAT1 (64802),lymphoid,94,10,0.9333333333333333
NMNAT1 (64802),lymphoid,94,20,0.9766666666666667
IRF4 (3662),lymphoid,94,10,0.4066666666666667
IRF4 (3662),lymphoid,94,20,0.5366666666666666
CCND1 (595),peripheral nervous system,47,10,0.8866666666666667
CCND1 (595),peripheral nervous system,47,20,0.99
FERMT2 (10979),kidney,34,10,0.9133333333333333
FERMT2 (10979),kidney,34,20,0.97
MDM2 (4193),kidney,34,10,0.8133333333333334
MDM2 (4193),kidney,34,20,0.9533333333333334
MDM2 (4193),skin,75,10,0.6066666666666667
MDM2 (4193),skin,75,20,0.6966666666666667
ATP1B3 (483),lymphoid,94,10,0.81
ATP1B3 (483),lymphoid,94,20,0.88
UMPS (7372),myeloid,43,10,0.6966666666666667
UMPS (7372),myeloid,43,20,0.8566666666666667
NAMPT (10135),lymphoid,94,10,0.7966666666666666
NAMPT (10135),lymphoid,94,20,0.91
SNAP23 (8773),bowel,63,10,0.82
SNAP23 (8773),bowel,63,20,0.9666666666666667
UMPS (7372),lymphoid,94,10,0.97
UMPS (7372),lymphoid,94,20,0.9933333333333333
SEPHS2 (22928),kidney,34,10,0.6466666666666666
SEPHS2 (22928),kidney,34,20,0.9433333333333334
SEPHS2 (22928),lymphoid,94,10,0.9733333333333334
SEPHS2 (22928),lymphoid,94,20,1.0
FERMT2 (10979),skin,75,10,0.8733333333333333
FERMT2 (10979),skin,75,20,0.9866666666666667
TFRC (7037),lymphoid,94,10,0.9733333333333334
TFRC (7037),lymphoid,94,20,0.9966666666666667
NAMPT (10135),myeloid,43,10,0.7533333333333333
NAMPT (10135),myeloid,43,20,0.83
SDHB (6390),lymphoid,94,10,0.7166666666666667
SDHB (6390),lymphoid,94,20,0.8033333333333333
ADSL (158),myeloid,43,10,0.92
ADSL (158),myeloid,43,20,0.9966666666666667
CCND1 (595),skin,75,10,0.5833333333333334
CCND1 (595),skin,75,20,0.8766666666666667
CDAN1 (146059),lymphoid,94,10,0.78
CDAN1 (146059),lymphoid,94,20,0.9266666666666666
EP300 (2033),lymphoid,94,10,0.5266666666666666
EP300 (2033),lymphoid,94,20,0.56
BCL2L1 (598),bowel,63,10,0.8033333333333333
BCL2L1 (598),bowel,63,20,0.9366666666666666
KRAS (3845),bowel,63,10,0.8366666666666667
KRAS (3845),bowel,63,20,0.92
ADSL (158),lymphoid,94,10,0.9066666666666666
ADSL (158),lymphoid,94,20,0.9766666666666667
SCAP (22937),bowel,63,10,0.63
SCAP (22937),bowel,63,20,0.7633333333333333
FAM50A (9130),bowel,63,10,0.37666666666666665
FAM50A (9130),bowel,63,20,0.6266666666666667
FPGS (2356),lymphoid,94,10,0.66
FPGS (2356),lymphoid,94,20,0.76
PAICS (10606),lymphoid,94,10,0.81
PAICS (10606),lymphoid,94,20,0.8966666666666666
TYMS (7298),myeloid,43,10,0.51
TYMS (7298),myeloid,43,20,0.63
FERMT2 (10979),soft tissue,49,10,0.7433333333333333
FERMT2 (10979),soft tissue,49,20,0.8066666666666666
FAM50A (9130),lymphoid,94,10,0.54
FAM50A (9130),lymphoid,94,20,0.6966666666666667
DNAJC9 (23234),lymphoid,94,10,0.6333333333333333
DNAJC9 (23234),lymphoid,94,20,0.8333333333333334
TRPM7 (54822),myeloid,43,10,0.7933333333333333
TRPM7 (54822),myeloid,43,20,0.9366666666666666
CHMP4B (128866),peripheral nervous system,47,10,0.8766666666666667
CHMP4B (128866),peripheral nervous system,47,20,0.9833333333333333
CTPS1 (1503),lymphoid,94,10,0.7266666666666667
CTPS1 (1503),lymphoid,94,20,0.83
CFL1 (1072),lymphoid,94,10,0.8866666666666667
CFL1 (1072),lymphoid,94,20,0.98
FERMT2 (10979),cns/brain,91,10,0.6033333333333334
FERMT2 (10979),cns/brain,91,20,0.6766666666666666
TFRC (7037),myeloid,43,10,0.7933333333333333
TFRC (7037),myeloid,43,20,0.95
FAM50A (9130),bladder/urinary tract,34,10,0.38
FAM50A (9130),bladder/urinary tract,34,20,0.5233333333333333
SEPHS2 (22928),myeloid,43,10,0.7333333333333333
SEPHS2 (22928),myeloid,43,20,0.82
INTS6 (26512),skin,75,10,0.55
INTS6 (26512),skin,75,20,0.63
CCND1 (595),esophagus/stomach,69,10,0.35333333333333333
CCND1 (595),esophagus/stomach,69,20,0.56
UROD (7389),lymphoid,94,10,0.7366666666666667
UROD (7389),lymphoid,94,20,0.81
GRB2 (2885),head and neck,77,10,0.7633333333333333
GRB2 (2885),head and neck,77,20,0.8466666666666667
SDHB (6390),myeloid,43,10,0.5733333333333334
SDHB (6390),myeloid,43,20,0.5466666666666666
AP2S1 (1175),myeloid,43,10,0.7033333333333334
AP2S1 (1175),myeloid,43,20,0.7766666666666666
GRB2 (2885),kidney,34,10,0.6633333333333333
GRB2 (2885),kidney,34,20,0.8233333333333334
CHMP4B (128866),soft tissue,49,10,0.5333333333333333
CHMP4B (128866),soft tissue,49,20,0.6
CCND1 (595),pancreas,48,10,0.4866666666666667
CCND1 (595),pancreas,48,20,0.7233333333333334
CTPS1 (1503),myeloid,43,10,0.58
CTPS1 (1503),myeloid,43,20,0.6066666666666667
SNAP23 (8773),esophagus/stomach,69,10,0.54
SNAP23 (8773),esophagus/stomach,69,20,0.6466666666666666
CDAN1 (146059),myeloid,43,10,0.5366666666666666
CDAN1 (146059),myeloid,43,20,0.6533333333333333
FAM50A (9130),myeloid,43,10,0.53
FAM50A (9130),myeloid,43,20,0.68
MED1 (5469),myeloid,43,10,0.7066666666666667
MED1 (5469),myeloid,43,20,0.7533333333333333
DHFR (1719),lymphoid,89,10,0.6666666666666666
DHFR (1719),lymphoid,89,20,0.79
PAICS (10606),myeloid,43,10,0.5133333333333333
PAICS (10606),myeloid,43,20,0.43
FERMT2 (10979),ovary/fallopian tube,59,10,0.5066666666666667
FERMT2 (10979),ovary/fallopian tube,59,20,0.5366666666666666
SCAP (22937),pancreas,48,10,0.43333333333333335
SCAP (22937),pancreas,48,20,0.6033333333333334
DNM2 (1785),myeloid,43,10,0.61
DNM2 (1785),myeloid,43,20,0.66
CFLAR (8837),pancreas,48,10,0.5533333333333333
CFLAR (8837),pancreas,48,20,0.6066666666666667
CDK6 (1021),lymphoid,94,10,0.57
CDK6 (1021),lymphoid,94,20,0.6033333333333334
DNM2 (1785),lymphoid,94,10,0.55
DNM2 (1785),lymphoid,94,20,0.62
UROD (7389),myeloid,43,10,0.5066666666666667
UROD (7389),myeloid,43,20,0.5066666666666667
SCD (6319),bowel,63,10,0.48
SCD (6319),bowel,63,20,0.5266666666666666
MYC (4609),pancreas,48,10,0.48333333333333334
MYC (4609),pancreas,48,20,0.57
ADSL (158),breast,53,10,0.4266666666666667
ADSL (158),breast,53,20,0.4866666666666667
