Gene,Lineage,Subtype,n,median,selectivity,p
MYB (4602),myeloid,Acute Myeloid Leukemia,23,-1.3570144771700254,-1.063899622774478,6.256189104085867e-15
MYB (4602),myeloid,"Chronic Myeloid Leukemia, BCR-ABL1+",10,-1.3613052530117546,-1.0681903986162071,4.2168988127938853e-07
CBFB (865),myeloid,Acute Myeloid Leukemia,23,-1.3637345717420557,-1.2179677292918951,6.111223729284428e-13
CBFB (865),myeloid,"Chronic Myeloid Leukemia, BCR-ABL1+",10,-0.6865908952024993,-0.5408240527523386,5.975034016050014e-05
NMNAT1 (64802),lymphoid,Anaplastic Large-Cell Lymphoma ALK Positive,7,-1.365597670182826,-1.1212914494924875,0.00014482692212134478
NMNAT1 (64802),lymphoid,B-Cell Acute Lymphoblastic Leukemia,13,-1.4139417620139545,-1.169635541323616,7.306689679614342e-09
NMNAT1 (64802),lymphoid,Burkitt Lymphoma,5,-1.244250968249938,-0.9999447475595995,0.010220033745423854
NMNAT1 (64802),lymphoid,"Diffuse Large B-Cell Lymphoma, NOS",16,-1.6006846588515669,-1.3563784381612283,3.2419214172646487e-10
NMNAT1 (64802),lymphoid,Plasma Cell Myeloma,19,-1.1517105044982874,-0.9074042838079488,1.7787811301996556e-10
NMNAT1 (64802),lymphoid,T-Cell Acute Lymphoblastic Leukemia,8,-0.7949548829812318,-0.5506486622908933,0.002939551109327206
IRF4 (3662),lymphoid,Anaplastic Large-Cell Lymphoma ALK Positive,7,-1.3661337981674742,-1.2693660581537471,0.00011382981284355022
IRF4 (3662),lymphoid,B-Cell Acute Lymphoblastic Leukemia,13,-0.5074175820586794,-0.4106498420449523,2.7432796158216227e-06
IRF4 (3662),lymphoid,Burkitt Lymphoma,5,-0.5716679622702865,-0.4749002222565594,0.02707754651634578
IRF4 (3662),lymphoid,"Diffuse Large B-Cell Lymphoma, NOS",16,-0.24606403623781659,-0.14929629622408952,8.27047952653807e-05
IRF4 (3662),lymphoid,Plasma Cell Myeloma,19,-2.084893573629641,-1.9881258336159138,4.514420214968199e-14
IRF4 (3662),lymphoid,T-Cell Acute Lymphoblastic Leukemia,8,-0.1661904703176521,-0.06942273030392505,0.2022187835506719
ATP1B3 (483),lymphoid,Anaplastic Large-Cell Lymphoma ALK Positive,7,-1.6870697355869368,-1.3896762884607137,1.0607103800331839e-05
ATP1B3 (483),lymphoid,B-Cell Acute Lymphoblastic Leukemia,13,-1.1384973056214522,-0.841103858495229,2.9896894795363624e-09
ATP1B3 (483),lymphoid,Burkitt Lymphoma,5,-1.0170179663596464,-0.7196245192334231,0.00017437709366232223
ATP1B3 (483),lymphoid,"Diffuse Large B-Cell Lymphoma, NOS",16,-1.2549700003391826,-0.9575765532129593,6.3381246488774e-11
ATP1B3 (483),lymphoid,Plasma Cell Myeloma,19,-1.144854076871454,-0.8474606297452306,1.2455855407195764e-10
ATP1B3 (483),lymphoid,T-Cell Acute Lymphoblastic Leukemia,8,-0.9887828215432598,-0.6913893744170365,6.58856436676684e-05
UMPS (7372),myeloid,Acute Myeloid Leukemia,23,-1.1382983644201332,-0.6962121275412514,4.7027320967149366e-05
UMPS (7372),myeloid,"Chronic Myeloid Leukemia, BCR-ABL1+",10,-1.3870617620883698,-0.944975525209488,6.580485171816786e-05
DCAF7 (10238),myeloid,Acute Myeloid Leukemia,5,-1.221503439395218,-0.5762961779785362,0.00836970254573928
NAMPT (10135),lymphoid,Anaplastic Large-Cell Lymphoma ALK Positive,7,-1.0416874318279574,-0.7447843597190059,0.004739527178194777
NAMPT (10135),lymphoid,B-Cell Acute Lymphoblastic Leukemia,13,-1.2434343855504015,-0.94653131344145,7.480719164807176e-08
NAMPT (10135),lymphoid,Burkitt Lymphoma,5,-0.8755614661602282,-0.5786583940512767,0.01893995154523667
NAMPT (10135),lymphoid,"Diffuse Large B-Cell Lymphoma, NOS",16,-1.0485377753224112,-0.7516347032134597,1.5727469929028415e-07
NAMPT (10135),lymphoid,Plasma Cell Myeloma,19,-1.1381052100146194,-0.8412021379056679,8.278423341790699e-10
NAMPT (10135),lymphoid,T-Cell Acute Lymphoblastic Leukemia,8,-1.0216200878105899,-0.7247170157016384,0.00011720887755552919
UMPS (7372),lymphoid,Anaplastic Large-Cell Lymphoma ALK Positive,7,-1.777635453531584,-1.3533452122450353,2.7943913641019238e-05
UMPS (7372),lymphoid,B-Cell Acute Lymphoblastic Leukemia,13,-1.6389464794448805,-1.214656238158332,4.9228566857706745e-08
UMPS (7372),lymphoid,Burkitt Lymphoma,5,-0.8646694089319287,-0.4403791676453802,0.004387558573645277
UMPS (7372),lymphoid,"Diffuse Large B-Cell Lymphoma, NOS",16,-1.1547107724392234,-0.7304205311526749,6.526507128319901e-06
UMPS (7372),lymphoid,Plasma Cell Myeloma,19,-1.2010749754051275,-0.7767847341185791,2.6729452058580125e-07
UMPS (7372),lymphoid,T-Cell Acute Lymphoblastic Leukemia,8,-1.3932797135883657,-0.9689894723018172,0.0006768174218714863
SEPHS2 (22928),lymphoid,Anaplastic Large-Cell Lymphoma ALK Positive,7,-1.4043017306730183,-0.7393119034842184,0.0030570086834599813
SEPHS2 (22928),lymphoid,B-Cell Acute Lymphoblastic Leukemia,13,-1.6837592980177862,-1.0187694708289863,8.001325962372236e-07
SEPHS2 (22928),lymphoid,Burkitt Lymphoma,5,-1.4244943047492094,-0.7595044775604094,0.005878030818309514
SEPHS2 (22928),lymphoid,"Diffuse Large B-Cell Lymphoma, NOS",16,-1.3963737785197892,-0.7313839513309892,3.383909161080497e-05
SEPHS2 (22928),lymphoid,Plasma Cell Myeloma,19,-1.3661927770332674,-0.7012029498444674,3.553380129293705e-05
SEPHS2 (22928),lymphoid,T-Cell Acute Lymphoblastic Leukemia,8,-1.362704967152166,-0.6977151399633661,0.0012184820025766228
TFRC (7037),lymphoid,Anaplastic Large-Cell Lymphoma ALK Positive,7,-1.5866574253852572,-0.7513555815476152,0.0010178573183803844
TFRC (7037),lymphoid,B-Cell Acute Lymphoblastic Leukemia,13,-1.7169925420710928,-0.8816906982334507,7.497430433482301e-06
TFRC (7037),lymphoid,Burkitt Lymphoma,5,-1.4505271035784002,-0.6152252597407581,0.006621426488681281
TFRC (7037),lymphoid,"Diffuse Large B-Cell Lymphoma, NOS",16,-1.5881628852669991,-0.7528610414293571,2.0164795239431636e-06
TFRC (7037),lymphoid,Plasma Cell Myeloma,19,-1.608304271394762,-0.7730024275571199,1.989261121787238e-06
TFRC (7037),lymphoid,T-Cell Acute Lymphoblastic Leukemia,8,-1.4046613867876698,-0.5693595429500278,0.002178437200580269
NAMPT (10135),myeloid,Acute Myeloid Leukemia,23,-1.19332590197364,-0.8830162902634837,2.1028866801341224e-09
NAMPT (10135),myeloid,"Chronic Myeloid Leukemia, BCR-ABL1+",10,-0.9348866090539412,-0.6245769973437849,0.0009478967725968006
SDHB (6390),lymphoid,Anaplastic Large-Cell Lymphoma ALK Positive,7,-1.000781368021164,-0.6033397955137803,0.0008772130747712431
SDHB (6390),lymphoid,B-Cell Acute Lymphoblastic Leukemia,13,-1.4164867492359274,-1.0190451767285438,1.2210245586329415e-08
SDHB (6390),lymphoid,Burkitt Lymphoma,5,-0.8869954939475062,-0.4895539214401225,0.004921522404847115
SDHB (6390),lymphoid,"Diffuse Large B-Cell Lymphoma, NOS",16,-1.143913500300886,-0.7464719277935024,6.921026365774739e-07
SDHB (6390),lymphoid,Plasma Cell Myeloma,19,-0.946087591243156,-0.5486460187357722,6.7411635911963165e-06
SDHB (6390),lymphoid,T-Cell Acute Lymphoblastic Leukemia,8,-1.064903302151826,-0.6674617296444423,0.0012548336886872118
ADSL (158),myeloid,Acute Myeloid Leukemia,23,-1.6459156266175536,-0.6818538186790677,2.663178177989743e-07
ADSL (158),myeloid,"Chronic Myeloid Leukemia, BCR-ABL1+",10,-1.711575381083577,-0.747513573145091,0.0027848719865403906
SUMO2 (6613),lymphoid,"Diffuse Large B-Cell Lymphoma, NOS",5,-1.4421397986286904,-0.6491906105850885,0.046965250981197984
SUMO2 (6613),lymphoid,Plasma Cell Myeloma,5,-1.8937841480067836,-1.1008349599631817,0.000972404371372679
CDAN1 (146059),lymphoid,Anaplastic Large-Cell Lymphoma ALK Positive,7,-1.8262628178893097,-0.9078280539986594,0.005308365898182743
CDAN1 (146059),lymphoid,B-Cell Acute Lymphoblastic Leukemia,13,-1.6885798181114828,-0.7701450542208326,0.00010701217672970361
CDAN1 (146059),lymphoid,Burkitt Lymphoma,5,-1.3080737307685708,-0.38963896687792055,0.04695406236372933
CDAN1 (146059),lymphoid,"Diffuse Large B-Cell Lymphoma, NOS",16,-1.5577197679000916,-0.6392850040094413,0.0005944550737530631
CDAN1 (146059),lymphoid,Plasma Cell Myeloma,19,-1.6902411560681598,-0.7718063921775096,1.8848394254765848e-05
CDAN1 (146059),lymphoid,T-Cell Acute Lymphoblastic Leukemia,8,-1.1814629798324392,-0.26302821594178893,0.019012500970890293
EP300 (2033),lymphoid,Anaplastic Large-Cell Lymphoma ALK Positive,7,-1.1003087660401898,-0.8100314939128531,0.0011198489959656469
EP300 (2033),lymphoid,B-Cell Acute Lymphoblastic Leukemia,13,-1.1772591670114327,-0.8869818948840961,1.099156375505866e-07
EP300 (2033),lymphoid,Burkitt Lymphoma,5,-1.079664559583026,-0.7893872874556894,0.0006099589775243497
EP300 (2033),lymphoid,"Diffuse Large B-Cell Lymphoma, NOS",16,-1.1120590326207864,-0.8217817604934498,1.721489766141316e-09
EP300 (2033),lymphoid,Plasma Cell Myeloma,19,-1.2750071084828452,-0.9847298363555085,2.0544310209809794e-11
EP300 (2033),lymphoid,T-Cell Acute Lymphoblastic Leukemia,8,-0.7561956243316583,-0.46591835220432165,0.002899878550018565
ADSL (158),lymphoid,Anaplastic Large-Cell Lymphoma ALK Positive,7,-1.5310235413672677,-0.6089426524162671,0.001300624638611579
ADSL (158),lymphoid,B-Cell Acute Lymphoblastic Leukemia,13,-1.7397395402614817,-0.8176586513104811,3.81471437812801e-05
ADSL (158),lymphoid,Burkitt Lymphoma,5,-1.546001183982558,-0.6239202950315574,0.019600008809303404
ADSL (158),lymphoid,"Diffuse Large B-Cell Lymphoma, NOS",16,-1.9526320145427847,-1.030551125591784,1.1654773306325896e-06
ADSL (158),lymphoid,Plasma Cell Myeloma,19,-1.4875309057263006,-0.5654500167753,2.4895556184291752e-05
ADSL (158),lymphoid,T-Cell Acute Lymphoblastic Leukemia,8,-1.967156307672905,-1.0450754187219045,7.882815507309506e-05
WDR36 (134430),myeloid,Acute Myeloid Leukemia,8,-2.418112756818946,-0.6631282172364896,6.998105197480648e-05
FPGS (2356),lymphoid,Anaplastic Large-Cell Lymphoma ALK Positive,7,-1.0442851431901463,-0.6287958650093524,0.004300200004969779
FPGS (2356),lymphoid,B-Cell Acute Lymphoblastic Leukemia,13,-1.2138146804050798,-0.7983254022242858,7.49639825455599e-07
FPGS (2356),lymphoid,Burkitt Lymphoma,5,-0.9936216449205326,-0.5781323667397387,0.004192370769592129
FPGS (2356),lymphoid,"Diffuse Large B-Cell Lymphoma, NOS",16,-1.3784330022749018,-0.9629437240941079,4.693404333982184e-09
FPGS (2356),lymphoid,Plasma Cell Myeloma,19,-0.8654382720052881,-0.44994899382449416,3.255470212906495e-05
FPGS (2356),lymphoid,T-Cell Acute Lymphoblastic Leukemia,8,-1.018828710372933,-0.603339432192139,0.0004241182505025943
PAICS (10606),lymphoid,Anaplastic Large-Cell Lymphoma ALK Positive,7,-1.4746732717320823,-1.0428510813652219,5.1253201633787146e-05
PAICS (10606),lymphoid,B-Cell Acute Lymphoblastic Leukemia,13,-1.3120442320937613,-0.8802220417269009,1.2771491603752374e-08
PAICS (10606),lymphoid,Burkitt Lymphoma,5,-1.0532204641303964,-0.621398273763536,0.0011447639676172687
PAICS (10606),lymphoid,"Diffuse Large B-Cell Lymphoma, NOS",16,-1.094948422011611,-0.6631262316447506,1.9020291431107082e-07
PAICS (10606),lymphoid,Plasma Cell Myeloma,19,-1.117913650847427,-0.6860914604805666,1.4457816836672978e-07
PAICS (10606),lymphoid,T-Cell Acute Lymphoblastic Leukemia,8,-1.194141054373644,-0.7623188640067835,0.00014613686115854654
TYMS (7298),myeloid,Acute Myeloid Leukemia,23,-0.9104890547312624,-0.415456425740158,0.03217493096489975
TYMS (7298),myeloid,"Chronic Myeloid Leukemia, BCR-ABL1+",10,-1.2942616283779942,-0.7992289993868897,0.004392960741118215
FAM50A (9130),lymphoid,Anaplastic Large-Cell Lymphoma ALK Positive,7,-0.1917195190194222,0.26463447587465483,0.995094125942331
FAM50A (9130),lymphoid,B-Cell Acute Lymphoblastic Leukemia,13,-1.1969499531880374,-0.7405959582939604,6.884375332695886e-05
FAM50A (9130),lymphoid,Burkitt Lymphoma,5,-1.3179513146700033,-0.8615973197759262,0.041438588823853886
FAM50A (9130),lymphoid,"Diffuse Large B-Cell Lymphoma, NOS",16,-1.4317658325040106,-0.9754118376099336,3.1426380277159904e-07
FAM50A (9130),lymphoid,Plasma Cell Myeloma,19,-0.9995227539280916,-0.5431687590340146,0.03575865759293375
FAM50A (9130),lymphoid,T-Cell Acute Lymphoblastic Leukemia,8,-0.9929332333920735,-0.5365792384979965,0.03278891783468217
DNAJC9 (23234),lymphoid,Anaplastic Large-Cell Lymphoma ALK Positive,7,-1.801353873653658,-0.5815906583546626,0.04145271003173539
DNAJC9 (23234),lymphoid,B-Cell Acute Lymphoblastic Leukemia,13,-1.7872179726869115,-0.5674547573879161,0.0069424689825967455
DNAJC9 (23234),lymphoid,Burkitt Lymphoma,5,-1.4343151262272231,-0.21455191092822767,0.3632968311887418
DNAJC9 (23234),lymphoid,"Diffuse Large B-Cell Lymphoma, NOS",16,-1.7098091976950704,-0.490045982396075,0.04482262131225766
DNAJC9 (23234),lymphoid,Plasma Cell Myeloma,19,-1.9239071189621884,-0.7041439036631929,0.0003045311188452141
DNAJC9 (23234),lymphoid,T-Cell Acute Lymphoblastic Leukemia,8,-1.9902231523859961,-0.7704599370870007,0.0030615210296226617
TRPM7 (54822),myeloid,Acute Myeloid Leukemia,23,-1.221545915323602,-0.5837938202432674,3.453867064894287e-06
TRPM7 (54822),myeloid,"Chronic Myeloid Leukemia, BCR-ABL1+",10,-1.3135836547578355,-0.675831559677501,0.0009632179645462429
CTPS1 (1503),lymphoid,Anaplastic Large-Cell Lymphoma ALK Positive,7,-1.242144486818452,-0.650551499119267,0.0030680830159735503
CTPS1 (1503),lymphoid,B-Cell Acute Lymphoblastic Leukemia,13,-1.619509184046202,-1.0279161963470171,1.4320720383992077e-07
CTPS1 (1503),lymphoid,Burkitt Lymphoma,5,-1.3123555184537683,-0.7207625307545834,0.008854680582430354
CTPS1 (1503),lymphoid,"Diffuse Large B-Cell Lymphoma, NOS",16,-1.0406857332272215,-0.4490927455280366,7.223983088705821e-05
CTPS1 (1503),lymphoid,Plasma Cell Myeloma,19,-1.2036900942494524,-0.6120971065502675,2.9489967672322152e-06
CTPS1 (1503),lymphoid,T-Cell Acute Lymphoblastic Leukemia,8,-1.4212600650982776,-0.8296670773990927,0.00012951719723332944
CFL1 (1072),lymphoid,Anaplastic Large-Cell Lymphoma ALK Positive,7,-1.3741477611572357,-0.8061289854725584,0.00010711799531629147
CFL1 (1072),lymphoid,B-Cell Acute Lymphoblastic Leukemia,13,-1.191608388427092,-0.6235896127424148,1.273957304317478e-05
CFL1 (1072),lymphoid,Burkitt Lymphoma,5,-0.9109746048765583,-0.34295582919188106,0.03310880871356818
CFL1 (1072),lymphoid,"Diffuse Large B-Cell Lymphoma, NOS",16,-1.4004652098032104,-0.8324464341185331,2.0321568480554303e-09
CFL1 (1072),lymphoid,Plasma Cell Myeloma,19,-1.1745929012341916,-0.6065741255495143,8.212615011438258e-08
CFL1 (1072),lymphoid,T-Cell Acute Lymphoblastic Leukemia,8,-1.0954474192788144,-0.5274286435941371,0.005811565710321071
TFRC (7037),myeloid,Acute Myeloid Leukemia,23,-1.45772508403885,-0.5798364087226943,2.6899888982614264e-06
TFRC (7037),myeloid,"Chronic Myeloid Leukemia, BCR-ABL1+",10,-1.6378896007976627,-0.7600009254815069,0.0007961111422536376
SEPHS2 (22928),myeloid,Acute Myeloid Leukemia,23,-1.3802018642053138,-0.6862996804898183,2.2311606564775225e-05
SEPHS2 (22928),myeloid,"Chronic Myeloid Leukemia, BCR-ABL1+",10,-0.8964296261284546,-0.20252744241295906,0.05128587242281595
UROD (7389),lymphoid,Anaplastic Large-Cell Lymphoma ALK Positive,7,-1.4431947179619176,-0.9022374944364557,0.0016855426587769216
UROD (7389),lymphoid,B-Cell Acute Lymphoblastic Leukemia,13,-0.963396626334377,-0.4224394028089151,0.002393221834508244
UROD (7389),lymphoid,Burkitt Lymphoma,5,-1.144249618225472,-0.6032923947000102,0.0027441755435222365
UROD (7389),lymphoid,"Diffuse Large B-Cell Lymphoma, NOS",16,-1.2910859516973665,-0.7501287281719047,8.031983182120866e-07
UROD (7389),lymphoid,Plasma Cell Myeloma,19,-1.3347478555117958,-0.7937906319863339,2.9290378021439655e-06
UROD (7389),lymphoid,T-Cell Acute Lymphoblastic Leukemia,8,-0.8776386190117653,-0.3366813954863035,0.0217992871155632
SDHB (6390),myeloid,Acute Myeloid Leukemia,23,-1.0019210129314706,-0.5859432070957649,1.5433740000160638e-07
SDHB (6390),myeloid,"Chronic Myeloid Leukemia, BCR-ABL1+",10,-0.9927388369526005,-0.5767610311168947,0.0004553779597025372
AP2S1 (1175),myeloid,Acute Myeloid Leukemia,23,-1.244900692126216,-0.47486133321122326,3.676789645014189e-05
AP2S1 (1175),myeloid,"Chronic Myeloid Leukemia, BCR-ABL1+",10,-1.3746041448759025,-0.6045647859609098,4.4410353828103234e-05
CTPS1 (1503),myeloid,Acute Myeloid Leukemia,23,-1.253879492688434,-0.6397084464627696,3.0625947738832086e-06
CTPS1 (1503),myeloid,"Chronic Myeloid Leukemia, BCR-ABL1+",10,-1.1563259339002565,-0.5421548876745921,0.0005481927098007441
CDAN1 (146059),myeloid,Acute Myeloid Leukemia,23,-1.591571665052356,-0.6326131059890158,0.0003136653171692899
CDAN1 (146059),myeloid,"Chronic Myeloid Leukemia, BCR-ABL1+",10,-1.1525636717619663,-0.19360511269862613,0.15874654206105926
FAM50A (9130),myeloid,Acute Myeloid Leukemia,23,-1.1435964014914914,-0.6743986214385844,5.373313915762298e-05
FAM50A (9130),myeloid,"Chronic Myeloid Leukemia, BCR-ABL1+",10,-0.8343232469876201,-0.365125466934713,0.41824829561603954
MED1 (5469),myeloid,Acute Myeloid Leukemia,23,-1.2179234070768674,-0.5468740521815786,1.3324956208936616e-05
MED1 (5469),myeloid,"Chronic Myeloid Leukemia, BCR-ABL1+",10,-1.0881537935793748,-0.417104438684086,0.004260320799523024
DHFR (1719),lymphoid,Anaplastic Large-Cell Lymphoma ALK Positive,7,-1.563771844827794,-0.8401569914505512,8.400980622554797e-05
DHFR (1719),lymphoid,B-Cell Acute Lymphoblastic Leukemia,13,-1.4503741151579697,-0.7267592617807269,2.956849994902293e-06
DHFR (1719),lymphoid,Burkitt Lymphoma,5,-1.340628075692,-0.6170132223147572,0.0075125135536716105
DHFR (1719),lymphoid,"Diffuse Large B-Cell Lymphoma, NOS",11,-1.07441437746217,-0.3507995240849272,0.020856226067516786
DHFR (1719),lymphoid,Plasma Cell Myeloma,19,-1.3430254038526728,-0.61941055047543,3.774408973048267e-06
DHFR (1719),lymphoid,T-Cell Acute Lymphoblastic Leukemia,8,-1.5566644173734292,-0.8330495639961865,0.0004855744026334615
PAICS (10606),myeloid,Acute Myeloid Leukemia,23,-1.0184399793439145,-0.5631988695698615,5.5971654066917696e-05
PAICS (10606),myeloid,"Chronic Myeloid Leukemia, BCR-ABL1+",10,-1.0848222366790936,-0.6295811269050406,0.00013269144553242613
DNM2 (1785),myeloid,Acute Myeloid Leukemia,23,-1.8894136455443975,-0.7066176798649464,7.071907946715616e-10
DNM2 (1785),myeloid,"Chronic Myeloid Leukemia, BCR-ABL1+",10,-1.7626401083103302,-0.5798441426308791,0.0010499536952120543
CDK6 (1021),lymphoid,Anaplastic Large-Cell Lymphoma ALK Positive,7,-0.5449313255984887,-0.04875235975025455,0.13343387591020328
CDK6 (1021),lymphoid,B-Cell Acute Lymphoblastic Leukemia,13,-1.3015416607453565,-0.8053626948971224,6.373227909731971e-06
CDK6 (1021),lymphoid,Burkitt Lymphoma,5,-0.928728808400604,-0.4325498425523699,0.20461354304052437
CDK6 (1021),lymphoid,"Diffuse Large B-Cell Lymphoma, NOS",16,-0.9453063874632623,-0.4491274216150282,0.0013102555409759652
CDK6 (1021),lymphoid,Plasma Cell Myeloma,19,-1.3020948504162948,-0.8059158845680607,0.0001257812307287636
CDK6 (1021),lymphoid,T-Cell Acute Lymphoblastic Leukemia,8,-1.5287004495101328,-1.0325214836618988,0.0020961592664916428
DNM2 (1785),lymphoid,Anaplastic Large-Cell Lymphoma ALK Positive,7,-1.8927444189575515,-0.7307178333493882,6.440067905303863e-05
DNM2 (1785),lymphoid,B-Cell Acute Lymphoblastic Leukemia,13,-1.7713213019975151,-0.6092947163893518,1.197758764491137e-05
DNM2 (1785),lymphoid,Burkitt Lymphoma,5,-1.6779408820250628,-0.5159142964168995,0.0238253578800345
DNM2 (1785),lymphoid,"Diffuse Large B-Cell Lymphoma, NOS",16,-1.6913667877876413,-0.529340202179478,8.516112059023999e-07
DNM2 (1785),lymphoid,Plasma Cell Myeloma,19,-1.623665165250162,-0.4616385796419986,3.2548551041869225e-07
DNM2 (1785),lymphoid,T-Cell Acute Lymphoblastic Leukemia,8,-1.7631273648460812,-0.6011007792379179,0.00022890533050129517
UROD (7389),myeloid,Acute Myeloid Leukemia,23,-1.3489394965282266,-0.782142879285595,9.434148072508678e-08
UROD (7389),myeloid,"Chronic Myeloid Leukemia, BCR-ABL1+",10,-0.6319473683014756,-0.06515075105884394,0.14363146285996115
