Gene_symbol,Gene (Entrez),Lineage,n target (non-missing),n other (non-missing),"Median Chronos, target lineage",Selectivity,p (one-sided MWU),"q (BH, full family)",in_official_common_essential_list,confidence_flag,Retained with one model per patient
KRAS,KRAS (3845),pancreas,48,1144,-2.086661855015164,-1.583870584342049,4.094102258496909e-22,3.1871971967059663e-18,True,n>=10,True
SOX10,SOX10 (6663),skin,75,1117,-1.6701787416292415,-1.3748090555286852,5.6936027107657126e-30,1.5643709316319217e-25,False,n>=10,True
HNF1B,HNF1B (6928),kidney,34,1158,-1.4251331032839876,-1.2651783317432932,9.36384620401341e-11,1.0615942444851527e-07,False,n>=10,True
FOXA1,FOXA1 (3169),prostate,5,1187,-1.3638405209513935,-1.2412448075016358,0.000775972634077,0.0413648059153754,False,low sample size (n<10),True
MDM2,MDM2 (4193),eye,10,1182,-1.5542719124981803,-1.1342943128720693,9.157334203188714e-06,0.0018629450660217,True,n>=10,True
CTNNB1,CTNNB1 (1499),bowel,63,1129,-1.2553392074922876,-1.1223739280180098,1.5004256400383463e-25,2.002386607517575e-21,False,n>=10,True
CFLAR,CFLAR (8837),kidney,34,1158,-1.630766279564239,-1.0743909130875164,8.31430535236395e-10,7.369140799508597e-07,False,n>=10,True
MYB,MYB (4602),myeloid,43,1149,-1.3570144771700254,-1.063899622774478,1.451025833157161e-25,1.993415021868269e-21,False,n>=10,True
CBFB,CBFB (865),myeloid,43,1149,-1.208843719162287,-1.063076876712126,5.78475212528565e-21,3.7527856318774996e-17,False,n>=10,True
TUBB4B,TUBB4B (10383),ampulla of vater,5,1187,-1.3710583488157466,-1.0478971163140067,0.0010434897053429,0.0498215935764428,False,low sample size (n<10),False
PAX8,PAX8 (7849),kidney,34,1158,-1.1190029025468429,-1.0132545588480053,4.6472661119591815e-14,1.0693084608379931e-10,False,n>=10,True
BRAF,BRAF (673),skin,75,1117,-1.0898671114084904,-1.0044395534041146,2.6377209179814764e-24,2.865245816978804e-20,False,n>=10,True
ZER1,ZER1 (10444),cervix,18,1174,-1.1016190651387714,-0.9874561271339009,6.6359299912233e-10,5.995325291161477e-07,False,n>=10,True
NMNAT1,NMNAT1 (64802),lymphoid,94,1098,-1.2002248251870522,-0.9559186044967136,1.426462596536334e-40,1.7880743094468567e-35,False,n>=10,True
IRF4,IRF4 (3662),lymphoid,94,1098,-1.041153941289623,-0.9443862012758956,5.528624045549505e-29,1.2911852670298823e-24,False,n>=10,True
CCND1,CCND1 (595),peripheral nervous system,47,1145,-1.978953338506378,-0.932400838571928,9.70708872749663e-08,4.6888250060135754e-05,True,n>=10,True
FERMT2,FERMT2 (10979),kidney,34,1158,-1.4029053638477562,-0.9199615822261475,3.494829494744146e-09,2.591116513538949e-06,False,n>=10,True
SKP2,SKP2 (6502),cervix,18,1174,-1.5696851202225768,-0.9099641471038163,1.5079191204294227e-06,0.0004526577441391,True,n>=10,True
MDM2,MDM2 (4193),kidney,34,1158,-1.2859853985398908,-0.8699146745429291,3.905863027285424e-09,2.850614792621525e-06,True,n>=10,True
MDM2,MDM2 (4193),pleura,21,1171,-1.278358846210356,-0.859724945439347,3.5397870374458765e-05,0.0051300113779324,True,n>=10,True
NHLRC2,NHLRC2 (374354),thyroid,11,1181,-1.6126060184342133,-0.8385685386803599,0.0002547311463152,0.0201086067033159,False,n>=10,True
MDM2,MDM2 (4193),skin,75,1117,-1.2300204519399376,-0.8153544382751436,2.0756362380969506e-10,2.130793419975699e-07,True,n>=10,True
ATP1B3,ATP1B3 (483),lymphoid,94,1098,-1.1103195605895275,-0.8129261134633042,2.1085998694134368e-41,4.924540108020959e-36,False,n>=10,True
UMPS,UMPS (7372),myeloid,43,1149,-1.249419439106089,-0.8073332022272073,1.1195541034366264e-10,1.233334070113956e-07,False,n>=10,True
DCAF7,DCAF7 (10238),myeloid,7,67,-1.4374075982920962,-0.7922003368754144,0.000844888389828,0.0436684300205172,True,low sample size (n<10),True
NAMPT,NAMPT (10135),lymphoid,94,1098,-1.0821222738134473,-0.7852192017044958,1.7931374671564668e-32,8.375583726715813e-28,False,n>=10,True
SNAP23,SNAP23 (8773),bowel,63,1129,-1.5225916153772128,-0.780379898160437,3.874288346609299e-11,4.971552796994737e-08,False,n>=10,True
UMPS,UMPS (7372),lymphoid,94,1098,-1.1960635143014913,-0.7717732730149428,7.866237070193035e-29,1.7496421615969217e-24,False,n>=10,True
SEPHS2,SEPHS2 (22928),kidney,34,1158,-1.4619314453374057,-0.7626036972388782,4.9051453812513184e-05,0.0064358125316687,True,n>=10,True
SEPHS2,SEPHS2 (22928),lymphoid,94,1098,-1.4143304076646557,-0.7493405804758555,1.2556043312087588e-22,1.0663299684884189e-18,True,n>=10,True
FERMT2,FERMT2 (10979),skin,75,1117,-1.2113973413560108,-0.7414481496365699,2.2636027534785676e-15,6.567133377174271e-12,False,n>=10,True
TFRC,TFRC (7037),lymphoid,94,1098,-1.575504219990485,-0.7402023761528429,4.317921006497663e-26,6.722873469486667e-22,True,n>=10,True
NAMPT,NAMPT (10135),myeloid,43,1149,-1.0479116141794094,-0.7376020024692531,2.1603924576096427e-14,5.2832454105620186e-11,False,n>=10,True
SDHB,SDHB (6390),lymphoid,94,1098,-1.1289768624225154,-0.7315352899151317,1.2055571578380335e-29,3.1283605467318044e-25,False,n>=10,True
ADSL,ADSL (158),myeloid,43,1149,-1.6947828256996136,-0.7307210177611276,8.294374774832255e-11,9.685569519877933e-08,True,n>=10,True
CCND1,CCND1 (595),skin,75,1117,-1.770606629336156,-0.7259100900139328,3.0234337415012426e-07,0.0001212204883906,True,n>=10,True
SUMO2,SUMO2 (6613),lymphoid,10,305,-1.5146161362056063,-0.7216669481620047,0.0004035256005726,0.0273600197847404,True,n>=10,True
CDAN1,CDAN1 (146059),lymphoid,94,1098,-1.6344295818212804,-0.7159948179306301,5.823337460443908e-17,2.1417547383749657e-13,True,n>=10,True
EP300,EP300 (2033),lymphoid,94,1098,-1.0049411450219972,-0.7146638728946605,6.0406701257531233e-33,3.52692831213519e-28,False,n>=10,True
BCL2L1,BCL2L1 (598),bowel,63,1129,-1.6738544499430907,-0.7122566945408031,1.2156148861829967e-10,1.326641992528276e-07,True,n>=10,True
KRAS,KRAS (3845),bowel,63,1129,-1.211311977116099,-0.7085547354966818,3.3773919487065346e-14,7.871437230639302e-11,True,n>=10,True
SOX10,SOX10 (6663),eye,10,1182,-1.0119617665891842,-0.7065522105361061,5.972687055368024e-05,0.0074594281644072,False,n>=10,False
ADSL,ADSL (158),lymphoid,94,1098,-1.6240215654565886,-0.701940676505588,7.750355650736774e-23,6.830417681619416e-19,True,n>=10,True
SNAP23,SNAP23 (8773),pleura,21,1171,-1.4468771340480808,-0.6881620637483166,4.560901648013683e-05,0.0061217129645757,False,n>=10,True
SCAP,SCAP (22937),bowel,63,1129,-1.6568576283420708,-0.6859026146933238,5.4498716728589345e-08,2.8537959748288704e-05,False,n>=10,True
WDR36,WDR36 (134430),myeloid,10,371,-2.4314618936510652,-0.6764773540686089,5.756471953078053e-06,0.0013122480434529,True,n>=10,True
FAM50A,FAM50A (9130),bowel,63,1129,-1.137284631353363,-0.6723645529129287,7.200443689572845e-05,0.0084802381326431,False,n>=10,True
FPGS,FPGS (2356),lymphoid,94,1098,-1.0848762096762636,-0.6693869314954697,2.62223500884943e-28,5.5673744205385874e-24,True,n>=10,True
PAICS,PAICS (10606),lymphoid,94,1098,-1.0981088306593074,-0.666286640292447,2.6642880905027486e-31,1.037054157067516e-26,True,n>=10,True
TYMS,TYMS (7298),myeloid,43,1149,-1.15433161067098,-0.6592989816798756,0.0001354247057057,0.0131101973908288,False,n>=10,True
FERMT2,FERMT2 (10979),soft tissue,49,1143,-1.1347672167506258,-0.6574983477696956,2.899064570584474e-08,1.6615054838513775e-05,False,n>=10,True
FAM50A,FAM50A (9130),lymphoid,94,1098,-1.1088078939586232,-0.6524538990645462,1.745698568123668e-08,1.0686763956532794e-05,False,n>=10,True
GRB2,GRB2 (2885),liver,25,1167,-1.6562907514907812,-0.6471163941055162,0.0001594998590278,0.014633853595199,False,n>=10,True
DNAJC9,DNAJC9 (23234),lymphoid,94,1098,-1.861901919664883,-0.6421387043658875,1.7527779335618975e-09,1.4238379091571483e-06,True,n>=10,True
TRPM7,TRPM7 (54822),myeloid,43,1149,-1.2797304487365966,-0.6419783536562621,6.261121743856382e-11,7.556882729869824e-08,True,n>=10,True
CHMP4B,CHMP4B (128866),peripheral nervous system,47,1145,-1.811098652249668,-0.6286606562208354,4.905439046173409e-12,7.587041157338357e-09,True,n>=10,True
CTPS1,CTPS1 (1503),lymphoid,94,1098,-1.2198050787878874,-0.6282120910887025,6.505755707508665e-21,4.162712245446479e-17,True,n>=10,True
CFL1,CFL1 (1072),lymphoid,94,1098,-1.1960177378960684,-0.6279989622113911,3.1205435006477845e-30,9.717185228407162e-26,True,n>=10,True
FERMT2,FERMT2 (10979),cns/brain,91,1101,-1.085801676852166,-0.6206097910328806,1.8708334961203204e-11,2.5777271048269516e-08,False,n>=10,True
TFRC,TFRC (7037),myeloid,43,1149,-1.4936460401380214,-0.6157573648218656,1.7743778842720102e-10,1.8624627872865113e-07,True,n>=10,True
FAM50A,FAM50A (9130),bladder/urinary tract,34,1158,-1.0798618996397282,-0.6048176517875055,0.000940981977246,0.0467835647146778,False,n>=10,False
SEPHS2,SEPHS2 (22928),myeloid,43,1149,-1.2947899519478274,-0.6008877682323319,8.171233314692918e-07,0.0002745834201577,True,n>=10,True
FERMT2,FERMT2 (10979),pleura,21,1171,-1.0861301853691274,-0.5911862891255422,0.0004182443253355,0.0279722451553964,False,n>=10,True
INTS6,INTS6 (26512),skin,75,1117,-1.4207704264252736,-0.5897057337637394,8.643084812221177e-08,4.2585518228113945e-05,True,n>=10,True
CCND1,CCND1 (595),esophagus/stomach,69,1123,-1.6526380014253648,-0.5887914493247446,0.0002896133234374,0.0219996384546613,True,n>=10,True
UROD,UROD (7389),lymphoid,94,1098,-1.129221555732847,-0.5882643322073855,2.513908107912559e-19,1.349682588543661e-15,True,n>=10,True
GRB2,GRB2 (2885),head and neck,77,1115,-1.5630643655927128,-0.5869498743497952,2.100735774440057e-13,4.2848680070697824e-10,False,n>=10,True
SDHB,SDHB (6390),myeloid,43,1149,-1.0019210129314706,-0.5859432070957649,2.4191643260183337e-12,4.094093783348658e-09,False,n>=10,False
AP2S1,AP2S1 (1175),myeloid,43,1149,-1.344540197301853,-0.5745008383868602,4.1816443657720745e-12,6.576459422400148e-09,True,n>=10,True
GRB2,GRB2 (2885),kidney,34,1158,-1.5647904269798685,-0.5738707096388571,1.1668228686366828e-06,0.0003689996347558,False,n>=10,True
CHMP4B,CHMP4B (128866),soft tissue,49,1143,-1.7630193697750185,-0.5734873967234444,1.413555310472759e-07,6.36701025577658e-05,True,n>=10,True
CCND1,CCND1 (595),pancreas,48,1144,-1.6309025509542503,-0.5719345077454796,8.907199771529709e-05,0.0098519366528145,True,n>=10,True
CTPS1,CTPS1 (1503),myeloid,43,1149,-1.1805466993905882,-0.5663756531649238,3.987006763391273e-10,3.839783455915863e-07,True,n>=10,True
SNAP23,SNAP23 (8773),esophagus/stomach,69,1123,-1.3075574533741423,-0.5633885320887952,3.8921369381490147e-07,0.0001486493977577,False,n>=10,True
CDAN1,CDAN1 (146059),myeloid,43,1149,-1.518557515222057,-0.5595989561587168,4.026044521865806e-06,0.000994462803682,True,n>=10,True
FAM50A,FAM50A (9130),myeloid,43,1149,-1.028369176843959,-0.5591713967910519,0.0001546387239961,0.0143379878079567,False,n>=10,True
MED1,MED1 (5469),myeloid,43,1149,-1.2283442992287683,-0.5572949443334795,3.3701835507176387e-10,3.321059925924584e-07,False,n>=10,True
DHFR,DHFR (1719),lymphoid,89,987,-1.2807799541315508,-0.557165100754308,1.7494087001316538e-19,9.844976616303546e-16,True,n>=10,True
CKS1B,CKS1B (1163),cervix,18,1058,-1.252704173171887,-0.5524132350405139,1.3644828860354273e-07,6.193757781546877e-05,True,n>=10,True
PAICS,PAICS (10606),myeloid,43,1149,-1.0056169702287616,-0.5503758604547087,1.9092998144298067e-09,1.5349686052010893e-06,True,n>=10,True
ELOB,ELOB (6923),cervix,18,1174,-2.004145108267159,-0.5473237814761416,2.3837055039593298e-05,0.0038629789199848,True,n>=10,True
FERMT2,FERMT2 (10979),ovary/fallopian tube,59,1133,-1.0226866709931086,-0.5454178020121785,2.457222178827654e-07,0.0001009451508118,False,n>=10,True
SCAP,SCAP (22937),pancreas,48,1144,-1.5094918313039027,-0.5347038062785472,0.0003506589866428,0.0249337276191208,False,n>=10,True
DNM2,DNM2 (1785),myeloid,43,1149,-1.7149006529956825,-0.5321046873162314,2.47733188297244e-13,4.987669942023617e-10,True,n>=10,True
PTK2,PTK2 (5747),liver,25,1167,-1.0541394463713156,-0.529024472716665,2.9491840531437057e-05,0.0044973468121676,False,n>=10,True
CFLAR,CFLAR (8837),pancreas,48,1144,-1.0780348452683062,-0.52426533400898,8.740861501916411e-08,4.29766077872804e-05,False,n>=10,True
CUL2,CUL2 (8453),cervix,18,1174,-1.1317286569386231,-0.5237272087940176,0.0004082241864019,0.0275583139153067,True,n>=10,False
CDK6,CDK6 (1021),lymphoid,94,1098,-1.0195726707624506,-0.5233937049142166,3.2812686422287285e-12,5.340247565739578e-09,False,n>=10,True
DNM2,DNM2 (1785),lymphoid,94,1098,-1.6822690149032002,-0.520242429295037,1.0252828398098044e-23,1.0642230820657804e-19,True,n>=10,True
UROD,UROD (7389),myeloid,43,1149,-1.0814199000874312,-0.5146232828447995,1.3050082129961908e-07,5.964359992334674e-05,True,n>=10,True
SCD,SCD (6319),bowel,63,1129,-1.1639835954295306,-0.5097108470541621,6.704941846166964e-10,6.045980679281802e-07,True,n>=10,False
MYC,MYC (4609),pancreas,48,1144,-2.5691115074721376,-0.5092316556390317,1.3879666206933976e-06,0.0004240070090427,True,n>=10,True
NCAPD3,NCAPD3 (23310),eye,10,1182,-1.4598980222778488,-0.5075565963421675,0.0005346834701175,0.0326038951358599,True,n>=10,False
ADSL,ADSL (158),breast,53,1139,-1.488230514489267,-0.5033007855072965,2.6043880088987017e-05,0.0041028202342816,True,n>=10,True
