sample,log2_cpm,log2_count_raw,library_size
TCGA-IB-A6UG-01A,5.538543736742311,11.122180901259751,48988373.0
TCGA-3A-A9IU-01A,6.369386712317161,12.04916787237217,51876067.0
TCGA-FB-A545-01A,6.127166961791716,10.927037168720297,28244896.0
TCGA-IB-AAUQ-01A,5.364883917933927,10.508785162064513,36210892.0
TCGA-HV-A5A3-01A,6.361932373916084,11.191059214531656,28763307.0
TCGA-IB-7897-01A,5.989563529934521,11.782998208920414,56333124.0
TCGA-HV-AA8V-01A,5.262840864583095,10.859534786382651,49659246.0
TCGA-HV-A5A5-01A,5.809407462892878,11.045759661382682,38362571.0
TCGA-HZ-8638-01A,6.007916563576556,12.193525360501216,73920137.0
TCGA-F2-7276-01A,5.964383779428946,11.940680648424092,63965513.0
TCGA-F2-6880-01A,3.433819640714204,8.885696373339394,48131627.99999999
TCGA-M8-A5N4-01A,6.108672372576164,11.39660478118186,39628230.0
TCGA-3A-A9IJ-01A,4.532540960178456,9.899356922923111,43082439.00000001
TCGA-HZ-8637-01A,5.413883036709582,11.542064542283445,71602649.0
TCGA-IB-AAUN-01A,6.0677225380593685,11.397674632948268,40816699.0
TCGA-IB-AAUW-01A,5.639577665602107,11.348728154231075,53365335.0
TCGA-IB-7888-01A,6.045761568540888,11.332036548361652,39608016.0
TCGA-2L-AAQA-01A,6.611847154102179,12.368779260041338,54624863.0
TCGA-RB-A7B8-01A,5.448665375697936,10.822570830950168,42415710.0
TCGA-2L-AAQM-01A,5.558837035015352,10.793603309279408,38449367.0
TCGA-2J-AABE-01A,5.41308565013423,10.514714054138487,35136645.0
TCGA-IB-7889-01A,5.676736015967169,11.476239906323851,56786673.0
TCGA-IB-A6UF-01A,6.237842017883361,11.760719947465624,46582168.0
TCGA-F2-A8YN-01A,5.797107603249979,11.230020435705637,43971422.0
TCGA-F2-A44H-01A,4.9712466469228564,9.556506054671928,24762465.0
TCGA-YH-A8SY-01A,6.029769996324636,11.471675214392045,44128830.00000001
TCGA-3A-A9IC-01A,5.346970117428223,10.918863237274596,48740096.0
TCGA-HZ-A4BK-01A,6.236465258780438,11.658211482751796,43428254.0
TCGA-H6-A45N-11A,5.33943992536876,10.427312844134963,34845597.0
TCGA-Z5-AAPL-01A,5.97181887288677,11.127994320976391,36219696.0
TCGA-H6-A45N-01A,5.7836093222057405,10.490850876740298,26587371.0
TCGA-HZ-A4BH-01A,6.07049987180702,11.484319423644267,43259475.0
TCGA-F2-A7TX-01A,5.987483893168136,11.605479518061667,49882165.0
TCGA-Q3-A5QY-01A,5.307816581649411,10.78135971352466,45557375.0
TCGA-F2-A44G-01A,6.242189473161292,11.553629293916364,40228479.0
TCGA-HZ-A49G-01A,5.459305500534597,10.766528908598865,40491994.0
TCGA-HZ-8005-01A,5.32243506558581,11.028596777067108,53519169.0
TCGA-HZ-8001-01A,4.9939263400103675,10.83289001416474,59062583.0
TCGA-LB-A7SX-01A,5.0764451936424155,10.60917873814198,47676735.0
TCGA-HV-A5A6-01A,6.252476928016358,11.563672959827514,40217949.0
TCGA-HZ-8003-01A,5.224835407261448,11.204571144249204,64813737.0
TCGA-IB-AAUS-01A,5.476199167757665,11.019590728357882,47685399.0
TCGA-HZ-A77P-01A,5.596195821092215,11.459431618637296,59419270.0
TCGA-US-A77E-01A,5.888253469591894,11.52845411076479,50712788.0
TCGA-IB-7890-01A,6.360191665085775,11.799281621521924,43906254.0
TCGA-LB-A9Q5-01A,4.711389367225939,9.930737337562888,38693418.99999999
TCGA-IB-7644-01A,6.377481674602703,12.442684367865834,67761842.0
TCGA-2J-AABT-01A,5.552732695189575,10.681238411777803,35720840.0
TCGA-2J-AAB1-01A,5.531551402367833,10.98299357469431,44701800.0
TCGA-HZ-7920-01A,5.662382533574765,11.672867276433792,65745194.0
TCGA-3A-A9IL-01A,5.03370038089433,10.425215903299383,43267009.0
TCGA-2J-AABI-01A,5.930131248797025,11.84979602224561,61526273.0
TCGA-IB-7647-01A,6.4409122379127695,12.777871719833168,81767545.0
TCGA-IB-A5SS-01A,5.9566864338878736,11.837627933171404,59878470.0
TCGA-S4-A8RO-01A,5.952025993195006,11.306061689428342,41555294.0
TCGA-IB-A5ST-01A,5.279719240323953,10.88340698638837,49885491.0
TCGA-HZ-7918-01A,5.609929101182253,11.414685235807214,57046825.0
TCGA-HZ-7923-01A,5.606430361725497,11.623424289869911,66094436.0
TCGA-XD-AAUI-01A,5.941375239610181,11.371776644337924,43820286.0
TCGA-IB-AAUO-01A,5.761112033487313,11.298635406734242,47301053.0
TCGA-PZ-A5RE-01A,5.455252882349109,11.217957697864112,55536456.0
TCGA-2J-AABA-01A,5.830511932411841,10.86727873970966,33395270.0
TCGA-HV-A5A4-01A,5.895667996529784,11.189824558880018,39890612.0
TCGA-HV-A5A3-11A,5.631570321302593,10.910642730469624,39608027.0
TCGA-3A-A9IZ-01A,6.0254517783434425,10.904634621668151,29872576.0
TCGA-XD-AAUL-01A,6.057157622135646,11.759472121202831,52846248.0
TCGA-IB-7886-01A,6.5654654362291405,12.392049039364183,57346308.0
TCGA-S4-A8RM-01A,6.470842541509985,12.12023787734196,50753265.0
TCGA-HZ-A49H-01A,5.591972323696002,11.011227255423254,43676358.0
TCGA-HZ-8636-01A,6.410438947940995,12.434628227636724,65844439.0
TCGA-IB-AAUU-01A,6.0308800882896385,11.615629636968098,48722793.0
TCGA-IB-7885-01A,6.0096618954870635,12.096056239180946,69005144.0
TCGA-2J-AABO-01A,5.71964697199484,10.506803437795648,28125462.0
TCGA-HZ-A8P1-01A,6.4071125789485075,11.600377553107844,37011480.0
TCGA-2J-AABV-01A,3.688835307406315,8.900866807980748,40098006.99999999
TCGA-US-A77G-01A,6.306210403128092,11.79197682089869,45371263.0
TCGA-US-A774-01A,5.463437929643884,11.16867211813223,53359793.0
TCGA-HZ-7919-01A,6.655391211431369,12.367687756270046,52944432.0
TCGA-2J-AABU-01A,6.624565766423263,10.887220615468385,19381236.0
TCGA-IB-7651-01A,5.850824102118484,12.1331422124006,79188211.0
TCGA-HZ-8315-01A,6.062637326325528,11.99435343685886,61953329.0
TCGA-2L-AAQL-01A,5.524644138322274,10.654636028527968,35772560.0
TCGA-IB-7893-01A,5.682060170914141,11.69479315499995,65830070.0
TCGA-FB-A7DR-01A,6.05990268346126,11.644757592516257,48711594.0
TCGA-FB-AAPS-01A,5.349992678811416,10.530406337099068,37148995.0
TCGA-IB-AAUP-01A,5.658926898392784,11.271463027904376,49893944.0
TCGA-3A-A9IS-01A,5.550110327899473,11.10459875356437,47999834.0
TCGA-HZ-7924-01A,6.0454365059597714,12.37639675108284,81724637.0
TCGA-3A-A9I7-01A,5.800572141825728,11.515207030408751,53455287.0
TCGA-2J-AABP-01A,4.764998496588194,10.070120944476823,41008188.0
TCGA-HV-A7OL-01A,5.335166570597911,10.606405212697783,39574548.0
TCGA-F2-6879-01A,6.250905281770517,12.351215321855609,69507804.0
TCGA-FB-A4P6-01A,5.810566397664933,10.667111542075029,29478567.0
TCGA-HV-A7OP-01A,3.62887244517521,8.49585502688717,31659909.0
TCGA-HZ-7922-01A,6.734606875296929,12.460199895059583,53406683.0
TCGA-FB-AAPU-01A,6.268968949324473,12.19567978549598,61616020.0
TCGA-H6-8124-11A,5.733135693258191,11.581671358578143,58706385.0
TCGA-3A-A9IX-01A,5.375953523790872,11.171802288682985,56901317.0
TCGA-HZ-8317-01A,5.883539205349766,11.729620743553038,58497508.0
TCGA-3A-A9J0-01A,5.175610127376906,10.584962500721156,43679750.0
TCGA-FB-A4P5-01A,5.564077592543835,10.382624026574916,28805785.0
TCGA-3E-AAAZ-01A,5.955890780002532,11.8317030992143,59666435.0
TCGA-3E-AAAY-01A,5.708004093016591,11.136350341454156,43882434.0
TCGA-L1-A7W4-01A,6.766276024830968,12.380190466749834,49417780.0
TCGA-H6-8124-01A,6.1701865641480245,11.93110683302934,54975807.0
TCGA-2L-AAQI-01A,6.260573960376151,11.73259143596501,44958887.0
TCGA-HZ-A8P0-01A,6.253910710065935,11.4757334309664,37800811.0
TCGA-3A-A9I5-01A,5.2459707856284155,10.509775004326936,39433270.0
TCGA-YB-A89D-01A,5.943433304460203,11.339850002884624,42798730.0
TCGA-2J-AABH-01A,5.564717839338857,11.314016703901355,54930655.0
TCGA-IB-7646-01A,6.468736526615219,11.97333862080036,45906444.0
TCGA-US-A776-01A,5.13021384884456,10.705632387361415,49055643.0
TCGA-IB-A5SO-01A,5.844263369267579,11.72451385311995,59927941.0
TCGA-FB-AAQ0-01A,6.3148217061712915,11.548340287676147,38088256.0
TCGA-YB-A89D-11A,5.502589684561207,11.046441948007311,47681191.0
TCGA-RB-AA9M-01A,6.318065955887507,11.823367240046236,45985255.0
TCGA-IB-A5SP-01A,5.402597068751062,10.828929827651486,44019017.0
TCGA-HZ-A77Q-01A,5.671956429807881,10.909143047339898,38452746.0
TCGA-IB-7654-01A,6.422348819302664,12.68934284613419,77907782.0
TCGA-3A-A9IN-01A,4.864550951774029,10.28424574982967,44290623.0
TCGA-3A-A9IV-01A,5.350246052812764,10.586839787961829,38624984.0
TCGA-3A-A9IR-01A,5.163324092872325,10.89026427702111,54455690.0
TCGA-IB-AAUV-01A,5.40982789672425,11.26502894245816,59258725.0
TCGA-HZ-7289-01A,6.817856740484012,12.51422090935813,52308095.0
TCGA-FB-AAPP-01A,5.66824505062531,10.527477006060396,29587319.0
TCGA-IB-A7LX-01A,6.846314313998515,12.421012855779226,48068779.0
TCGA-IB-A7M4-01A,5.705654023295335,11.105908508571158,43037193.0
TCGA-3A-A9IO-01A,5.287458486431506,10.838416075797335,48087502.0
TCGA-US-A779-01A,5.4127459520427905,10.810571634741146,43150128.0
TCGA-2L-AAQE-01A,5.632087415092206,11.089450481115907,44820547.0
TCGA-FB-AAQ6-01A,5.916968042577011,10.401946123976536,22753061.0
TCGA-2J-AABK-01A,5.740098997884747,11.442943495848729,53060771.0
TCGA-HZ-8519-01A,5.82223059198796,12.215229625747924,85533742.0
TCGA-HV-AA8X-01A,6.114984100636282,11.70433597118232,48836446.0
TCGA-IB-AAUM-01A,4.541980299276567,10.052568050804153,47588046.99999999
TCGA-H8-A6C1-01A,5.648725649061374,11.051888655905378,43157232.0
TCGA-RL-AAAS-01A,4.99834523292956,10.40832974076739,43858350.0
TCGA-F2-7273-01A,5.762588224471945,12.132821006779572,84257526.0
TCGA-FB-AAPY-01A,5.069976853777512,10.496853777388042,44307533.0
TCGA-FB-A78T-01A,5.713850179529808,11.467605550082997,54986232.0
TCGA-IB-8126-01A,4.898120327782317,10.64745842645492,55624608.00000002
TCGA-Q3-AA2A-01A,5.984261285244534,10.95637615724967,31875143.000000004
TCGA-HZ-8002-01A,6.025159827000491,11.824163209744158,56529408.0
TCGA-IB-A5SQ-01A,5.502449650917968,10.970824901362615,45249746.0
TCGA-HZ-A49I-01A,5.937001416443061,11.199672344836364,39010754.0
TCGA-HZ-7926-01A,6.445190666996146,12.555547771647063,69878177.0
TCGA-IB-AAUR-01A,5.447458374208188,10.993646060016596,47799594.0
TCGA-FB-A5VM-01A,4.821144170581219,10.25502856981873,44776273.0
TCGA-FB-AAQ3-01A,5.543705499326827,10.606405212697783,34131654.0
TCGA-2J-AABR-01A,5.5311324131446025,10.59618975614441,34193878.0
TCGA-US-A77J-01A,4.665276664661327,9.824958740528524,37170820.0
TCGA-XN-A8T5-01A,5.894953821169422,11.02997734658958,35723069.0
TCGA-IB-8127-01A,6.538216366538175,12.914011328541257,83935844.0
TCGA-3A-A9IH-01A,6.295312107261709,12.115693952197011,57223830.0
TCGA-XD-AAUG-01A,5.141141866715984,10.246740598493144,35405061.0
TCGA-IB-7891-01A,5.832587182368752,11.615169813843602,56011966.0
TCGA-HZ-7925-01A,5.914244366284761,12.123151432773575,75202403.0
TCGA-2L-AAQJ-01A,5.688354618216984,11.21856323619027,47106539.0
TCGA-IB-7887-01A,6.119793838702702,12.06305796362349,62415112.0
TCGA-FB-AAQ1-01A,5.514954229698958,11.010528105886484,46102565.0
TCGA-S4-A8RP-01A,5.642894114704909,10.907641803665529,39210346.0
TCGA-FB-AAPQ-01A,7.103656324603772,11.79400964502097,26000635.0
TCGA-YY-A8LH-01A,6.390881111289994,11.958190183693738,47976026.0
TCGA-HZ-A77O-01A,5.549995784056306,11.07347215397646,46978660.0
TCGA-FB-AAPZ-01A,6.108767736181349,10.99081307915361,29906647.0
TCGA-FB-AAQ2-01A,5.798480059171768,11.355901638328415,47935684.0
TCGA-LB-A8F3-01A,4.815655529297694,10.411510988012072,50107572.0
TCGA-IB-7645-01A,6.120851616946318,11.780949798749663,51288706.0
TCGA-HZ-A9TJ-01A,6.36707897754759,11.713816080234498,41180582.0
TCGA-HZ-A9TJ-06A,6.254182852912363,11.883025068440173,50125951.0
TCGA-2J-AAB6-01A,6.139439397020187,11.416269744523207,39312447.0
TCGA-2J-AABF-01A,6.101198894670824,11.93737382019215,57959637.0
TCGA-XD-AAUH-01A,5.332652685986065,10.584962500721156,39060058.0
TCGA-2J-AAB9-01A,5.809820800742573,10.233619676759702,21834696.0
TCGA-IB-AAUT-01A,5.513457036475603,10.719388820942084,37713524.0
TCGA-OE-A75W-01A,5.478415842331028,10.99859042974533,46922163.0
TCGA-2J-AAB4-01A,5.331462695848075,10.957102041562289,50604567.0
TCGA-IB-7652-01A,6.338773401427128,12.6476832678862,80260620.0
TCGA-3A-A9I9-01A,4.684322685281418,10.208234358339787,47832643.0
TCGA-XN-A8T3-01A,5.901211482246444,11.253847484987404,41538842.0
TCGA-IB-7649-01A,5.712530381028465,10.776433032444734,34080113.0
TCGA-2J-AAB8-01A,6.00899644161201,10.470658874060552,22365810.0
TCGA-3A-A9IB-01A,5.800954010904301,11.5980525001616,56600578.0
