pid,x,OS.time,OS,hi,z
TCGA-2J-AAB1,5.531551402367833,66.0,1,0,-0.36742723653527043
TCGA-2J-AAB4,5.331462695848075,729.0,0,0,-0.7220142249580748
TCGA-2J-AAB6,6.139439397020187,293.0,1,1,0.7098408265718894
TCGA-2J-AAB8,6.00899644161201,80.0,0,1,0.47867648189865114
TCGA-2J-AAB9,5.809820800742573,627.0,1,1,0.12570758179682595
TCGA-2J-AABA,5.830511932411841,607.0,1,1,0.1623753487751731
TCGA-2J-AABE,5.41308565013423,676.0,0,0,-0.5773661933429478
TCGA-2J-AABF,6.101198894670824,691.0,1,1,0.6420729610102371
TCGA-2J-AABH,5.564717839338857,1287.0,0,0,-0.30865137053651154
TCGA-2J-AABI,5.930131248797025,969.0,0,1,0.3389156143412013
TCGA-2J-AABK,5.740098997884747,484.0,0,0,0.002150163026047942
TCGA-2J-AABO,5.71964697199484,440.0,0,0,-0.03409387289974374
TCGA-2J-AABP,4.764998496588194,463.0,0,0,-1.7258731531233333
TCGA-2J-AABR,5.5311324131446025,438.0,0,0,-0.3681697478415353
TCGA-2J-AABT,5.552732695189575,319.0,0,0,-0.3298908309919544
TCGA-2J-AABU,6.624565766423263,277.0,1,1,1.5695570060762032
TCGA-2J-AABV,3.688835307406315,652.0,1,0,-3.632994604107391
TCGA-2L-AAQA,6.611847154102179,143.0,1,1,1.5470177307802981
TCGA-2L-AAQE,5.632087415092206,684.0,1,0,-0.18926244852684648
TCGA-2L-AAQI,6.260573960376151,103.0,1,1,0.9245093141712204
TCGA-2L-AAQJ,5.688354618216984,394.0,1,0,-0.08954858436120965
TCGA-2L-AAQL,5.524644138322274,292.0,1,0,-0.37966793716628755
TCGA-2L-AAQM,5.558837035015352,1383.0,0,0,-0.3190730316629457
TCGA-3A-A9I5,5.2459707856284155,1794.0,0,0,-0.8735186227153195
TCGA-3A-A9I7,5.800572141825728,1323.0,0,1,0.10931758073522198
TCGA-3A-A9I9,4.684322685281418,634.0,1,0,-1.868842706315039
TCGA-3A-A9IB,5.800954010904301,224.0,1,1,0.10999430961661841
TCGA-3A-A9IC,5.346970117428223,738.0,1,0,-0.6945327643002013
TCGA-3A-A9IH,6.295312107261709,1021.0,0,1,0.9860704842231779
TCGA-3A-A9IJ,4.532540960178456,1854.0,0,0,-2.137822529004647
TCGA-3A-A9IL,5.03370038089433,2741.0,0,0,-1.249693394670862
TCGA-3A-A9IN,4.864550951774029,2084.0,0,0,-1.5494513755606114
TCGA-3A-A9IO,5.287458486431506,1942.0,0,0,-0.7999962378679693
TCGA-3A-A9IR,5.163324092872325,1542.0,0,0,-1.0199808713709835
TCGA-3A-A9IS,5.550110327899473,998.0,0,0,-0.33453805639567263
TCGA-3A-A9IU,6.369386712317161,458.0,1,1,1.1173417167783641
TCGA-3A-A9IV,5.350246052812764,1103.0,0,0,-0.6887273188931295
TCGA-3A-A9IX,5.375953523790872,1037.0,0,0,-0.6431698515445474
TCGA-3A-A9IZ,6.0254517783434425,308.0,1,1,0.5078377893835676
TCGA-3A-A9J0,5.175610127376906,743.0,0,0,-0.9982081883924573
TCGA-3E-AAAY,5.708004093016591,2285.0,0,0,-0.05472678849641185
TCGA-3E-AAAZ,5.955890780002532,2182.0,1,1,0.38456534016639204
TCGA-F2-6879,6.250905281770517,334.0,1,1,0.9073749756649072
TCGA-F2-6880,3.433819640714204,295.0,0,0,-4.084920346573323
TCGA-F2-7273,5.762588224471945,592.0,1,0,0.042004422000555416
TCGA-F2-7276,5.964383779428946,216.0,1,1,0.39961620006583065
TCGA-F2-A44G,6.242189473161292,233.0,1,1,0.8919292647091552
TCGA-F2-A44H,4.9712466469228564,586.0,0,0,-1.3603707128958016
TCGA-F2-A7TX,5.987483893168136,95.0,1,1,0.44055304205693424
TCGA-F2-A8YN,5.797107603249979,517.0,0,1,0.10317790238347045
TCGA-FB-A4P5,5.564077592543835,179.0,1,0,-0.3097859832132741
TCGA-FB-A4P6,5.810566397664933,767.0,0,1,0.12702889058968753
TCGA-FB-A545,6.127166961791716,732.0,1,1,0.6880922435360569
TCGA-FB-A5VM,4.821144170581219,498.0,1,0,-1.6263746566792603
TCGA-FB-A78T,5.713850179529808,375.0,1,0,-0.04436665250054984
TCGA-FB-A7DR,6.05990268346126,353.0,1,1,0.5688899242423658
TCGA-FB-AAPP,5.66824505062531,485.0,1,0,-0.12518573317806378
TCGA-FB-AAPQ,7.103656324603772,1130.0,1,1,2.418576829142792
TCGA-FB-AAPS,5.349992678811416,228.0,0,0,-0.6891763353601021
TCGA-FB-AAPU,6.268968949324473,381.0,1,1,0.9393864849061635
TCGA-FB-AAPY,5.069976853777512,1059.0,1,0,-1.1854060818385457
TCGA-FB-AAPZ,6.108767736181349,716.0,0,1,0.6554860754420687
TCGA-FB-AAQ0,6.3148217061712915,473.0,1,1,1.0206443991782561
TCGA-FB-AAQ1,5.514954229698958,123.0,1,0,-0.3968398984258527
TCGA-FB-AAQ2,5.798480059171768,153.0,1,1,0.1056100986853736
TCGA-FB-AAQ3,5.543705499326827,31.0,1,0,-0.3458883665378124
TCGA-FB-AAQ6,5.916968042577011,244.0,1,1,0.31558845244022615
TCGA-H6-8124,6.1701865641480245,392.0,0,1,0.7643293860914445
TCGA-H6-A45N,5.7836093222057405,397.0,1,0,0.07925693798916747
TCGA-H8-A6C1,5.648725649061374,671.0,0,0,-0.15977701989662682
TCGA-HV-A5A3,6.361932373916084,128.0,1,1,1.1041315189101433
TCGA-HV-A5A4,5.895667996529784,232.0,0,1,0.2778415984946855
TCGA-HV-A5A5,5.809407462892878,289.0,0,1,0.1249750855661604
TCGA-HV-A5A6,6.252476928016358,2036.0,1,1,0.9101601668877
TCGA-HV-A7OL,5.335166570597911,252.0,0,0,-0.7154504072599984
TCGA-HV-A7OP,3.62887244517521,978.0,0,0,-3.7392577266272005
TCGA-HV-AA8V,5.262840864583095,920.0,0,0,-0.8436223302406419
TCGA-HV-AA8X,6.114984100636282,532.0,1,1,0.6665023990984749
TCGA-HZ-7289,6.817856740484012,661.0,1,1,1.9120974001525852
TCGA-HZ-7918,5.609929101182253,969.0,0,0,-0.22853028095236935
TCGA-HZ-7919,6.655391211431369,593.0,1,1,1.6241842856580109
TCGA-HZ-7920,5.662382533574765,236.0,1,0,-0.13557498653317432
TCGA-HZ-7922,6.734606875296929,4.0,0,1,1.7645662401149373
TCGA-HZ-7923,5.606430361725497,314.0,0,0,-0.2347305683590181
TCGA-HZ-7924,6.0454365059597714,840.0,0,1,0.5432537031709077
TCGA-HZ-7925,5.914244366284761,614.0,1,1,0.3107616923961143
TCGA-HZ-7926,6.445190666996146,518.0,1,1,1.2516776144293678
TCGA-HZ-8001,4.9939263400103675,706.0,0,0,-1.3201789189153654
TCGA-HZ-8002,6.025159827000491,366.0,1,1,0.5073204081217069
TCGA-HZ-8003,5.224835407261448,596.0,1,0,-0.9109736610064456
TCGA-HZ-8005,5.32243506558581,120.0,1,0,-0.7380125303245753
TCGA-HZ-8315,6.062637326325528,299.0,1,1,0.5737361186854135
TCGA-HZ-8317,5.883539205349766,378.0,1,1,0.25634757410652387
TCGA-HZ-8519,5.82223059198796,454.0,0,1,0.14769958015193085
TCGA-HZ-8636,6.410438947940995,545.0,1,1,1.1900923924715034
TCGA-HZ-8637,5.413883036709582,517.0,1,0,-0.5759531055716242
TCGA-HZ-8638,6.007916563576556,151.0,1,1,0.47676277718679755
TCGA-HZ-A49G,5.459305500534597,660.0,0,0,-0.4954577346204131
TCGA-HZ-A49H,5.591972323696002,491.0,0,0,-0.26035236507384135
TCGA-HZ-A49I,5.937001416443061,308.0,1,1,0.3510905746272638
TCGA-HZ-A4BH,6.07049987180702,194.0,0,1,0.5876697202969786
TCGA-HZ-A4BK,6.236465258780438,657.0,0,1,0.8817851042830235
TCGA-HZ-A77O,5.549995784056306,160.0,1,0,-0.3347410451454995
TCGA-HZ-A77P,5.596195821092215,330.0,0,0,-0.25286769865571407
TCGA-HZ-A77Q,5.671956429807881,33.0,0,0,-0.11860861650749903
TCGA-HZ-A8P1,6.4071125789485075,7.0,0,1,1.1841975711997557
TCGA-HZ-A9TJ,6.36707897754759,603.0,0,1,1.1132520670612267
TCGA-IB-7644,6.377481674602703,394.0,1,1,1.1316871955820016
TCGA-IB-7645,6.120851616946318,1502.0,1,1,0.6769005118859743
TCGA-IB-7646,6.468736526615219,145.0,1,1,1.2934043845073624
TCGA-IB-7647,6.4409122379127695,666.0,1,1,1.2440956008802666
TCGA-IB-7649,5.712530381028465,467.0,1,0,-0.046705532010822934
TCGA-IB-7651,5.850824102118484,603.0,1,1,0.19837153871456026
TCGA-IB-7652,6.338773401427128,1116.0,0,1,1.0630903704482495
TCGA-IB-7654,6.422348819302664,476.0,1,1,1.2111984583364468
TCGA-IB-7885,6.0096618954870635,1257.0,0,1,0.47985576527547813
TCGA-IB-7886,6.5654654362291405,123.0,1,1,1.4648224187882495
TCGA-IB-7887,6.119793838702702,110.0,1,1,0.6750259712967193
TCGA-IB-7888,6.045761568540888,1332.0,1,1,0.5438297624782612
TCGA-IB-7889,5.676736015967169,481.0,1,0,-0.11013847797940568
TCGA-IB-7890,6.360191665085775,598.0,1,1,1.1010467236081192
TCGA-IB-7891,5.832587182368752,913.0,1,1,0.16605300077885177
TCGA-IB-7893,5.682060170914141,117.0,1,0,-0.10070328245348065
TCGA-IB-7897,5.989563529934521,486.0,1,1,0.4442384681403543
TCGA-IB-8126,4.898120327782317,462.0,0,0,-1.4899614415755749
TCGA-IB-8127,6.538216366538175,522.0,0,1,1.4165330089204895
TCGA-IB-A5SO,5.844263369267579,365.0,1,1,0.18674494297154084
TCGA-IB-A5SP,5.402597068751062,482.0,0,0,-0.595953521684329
TCGA-IB-A5SQ,5.502449650917968,219.0,1,0,-0.41899987441134967
TCGA-IB-A5SS,5.9566864338878736,460.0,1,1,0.38597535735295574
TCGA-IB-A5ST,5.279719240323953,635.0,0,0,-0.8137113346251624
TCGA-IB-A6UF,6.237842017883361,666.0,0,1,0.8842249264627976
TCGA-IB-A6UG,5.538543736742311,41.0,1,0,-0.355035778611348
TCGA-IB-A7LX,6.846314313998515,250.0,1,1,1.9625284587857308
TCGA-IB-A7M4,5.705654023295335,483.0,0,0,-0.05889146205314379
TCGA-IB-AAUM,4.541980299276567,8.0,0,0,-2.121094614262641
TCGA-IB-AAUN,6.0677225380593685,144.0,1,1,0.5827478712503528
TCGA-IB-AAUO,5.761112033487313,239.0,1,0,0.03938839171737779
TCGA-IB-AAUP,5.658926898392784,431.0,0,0,-0.14169888674513048
TCGA-IB-AAUQ,5.364883917933927,183.0,1,0,-0.6627868417890919
TCGA-IB-AAUR,5.447458374208188,338.0,0,0,-0.5164526069378629
TCGA-IB-AAUS,5.476199167757665,225.0,0,0,-0.46551964022100206
TCGA-IB-AAUT,5.513457036475603,287.0,0,0,-0.3994931478040435
TCGA-IB-AAUU,6.0308800882896385,245.0,0,1,0.517457563080576
TCGA-IB-AAUV,5.40982789672425,404.0,0,0,-0.5831394175831407
TCGA-IB-AAUW,5.639577665602107,230.0,1,0,-0.17598860905317398
TCGA-L1-A7W4,6.766276024830968,278.0,1,1,1.8206886897749217
TCGA-LB-A7SX,5.0764451936424155,393.0,1,0,-1.1739432202273896
TCGA-LB-A8F3,4.815655529297694,379.0,0,0,-1.6361013464915408
TCGA-LB-A9Q5,4.711389367225939,313.0,1,0,-1.8208765146981332
TCGA-M8-A5N4,6.108672372576164,584.0,0,1,0.6553170769305792
TCGA-OE-A75W,5.478415842331028,267.0,1,0,-0.4615913627337135
TCGA-PZ-A5RE,5.455252882349109,470.0,1,0,-0.5026395776270192
TCGA-Q3-A5QY,5.307816581649411,416.0,0,0,-0.7639186610826498
TCGA-Q3-AA2A,5.984261285244534,95.0,0,1,0.43484210085304015
TCGA-RB-A7B8,5.448665375697936,466.0,1,0,-0.5143136205317047
TCGA-RB-AA9M,6.318065955887507,286.0,0,1,1.026393692861909
TCGA-RL-AAAS,4.99834523292956,9.0,0,0,-1.3123479825290358
TCGA-S4-A8RM,6.470842541509985,737.0,0,1,1.2971365565629343
TCGA-S4-A8RO,5.952025993195006,525.0,0,1,0.37771636233644407
TCGA-S4-A8RP,5.642894114704909,702.0,1,0,-0.17011136730338072
TCGA-US-A774,5.463437929643884,695.0,1,0,-0.48813445477009265
TCGA-US-A776,5.13021384884456,1216.0,0,0,-1.078657155105118
TCGA-US-A779,5.4127459520427905,511.0,1,0,-0.5779681889543519
TCGA-US-A77E,5.888253469591894,430.0,1,1,0.26470195246860445
TCGA-US-A77G,6.306210403128092,12.0,1,1,1.0053838876501717
TCGA-US-A77J,4.665276664661327,568.0,1,0,-1.9025950914975072
TCGA-XD-AAUG,5.141141866715984,420.0,0,0,-1.0592910798585076
TCGA-XD-AAUH,5.332652685986065,395.0,0,0,-0.71990538520084
TCGA-XD-AAUI,5.941375239610181,366.0,1,1,0.3588416407004006
TCGA-XD-AAUL,6.057157622135646,498.0,0,1,0.5640252667341259
TCGA-XN-A8T3,5.901211482246444,951.0,0,1,0.2876654808108083
TCGA-XN-A8T5,5.894953821169422,720.0,0,1,0.2765759733894962
TCGA-YB-A89D,5.943433304460203,350.0,0,1,0.3624888381351834
TCGA-YH-A8SY,6.029769996324636,388.0,0,1,0.5154903147856119
TCGA-YY-A8LH,6.390881111289994,2016.0,0,1,1.155432993054282
TCGA-Z5-AAPL,5.97181887288677,467.0,0,1,0.41279229302833625
